OBJECTID,year,quarter,light_desc,light_code,county_des,county_no,muni_desc,muni_code,junction_d,junction_c,collision_,collisio_2,surf_cond_,surf_con_2,lane_code,rd_cond_de,rd_cond_co,rd_div_des,rd_div_cod,fix_obj_de,fix_obj_co,report_no,report_typ,weather_de,weather_co,acc_date,acc_time,loc_code,signal_fla,signal_f_2,c_m_zone_f,agency_cod,area_code,harm_event,harm_eve_2,harm_eve_3,harm_eve_4,rte_no,route_type,rte_suffix,log_mile,logmile_di,logmile__2,mainroad_n,distance,feet_miles,feet_mil_2,distance_d,reference_,referenc_2,referenc_3,referenc_4,latitude,longitude,crashdate,date,Field1,x,y
207,2021,Q3,Daylight,1,Wicomico,22,,133,Intersection,2,Same Movement Angle,11,Dry,2,1,No Defects,1,"Two-way, Not Divided",1,Not Applicable,0,DE11810062,Injury Crash,,6.01,20210903,6/23/2023 2:57:00 PM,,Yes,Y,N,SALISBURY,UNK,Other Vehicle,1,Not Applicable,0,2600,MU,,0.47,East,E,SOUTH BLVD,0,Feet,F,E,2570,MU,,SMITH ST,38.37323,-75.60361,20210903,9/3/2021 12:00:00 AM,,-75.6036096177896,38.3732251796984
208,2021,Q3,Dark Lights On,3,Wicomico,22,,133,Not Applicable,0,Single Vehicle,17,Dry,2,1,No Defects,1,One-way Trafficway,2,Building,2,DE11810060,Property Damage Crash,,6.01,20210827,6/23/2023 2:12:00 AM,,No,N,N,SALISBURY,UNK,Fixed Object,9,Fixed Object,9,1990,MU,,0.22,East,E,OHIO AVE,30,Feet,F,E,2920,MU,,WAVERLY ST,38.35781,-75.60091,20210827,8/27/2021 12:00:00 AM,,-75.6009150061226,38.3578141623937
209,2021,Q3,Daylight,1,Wicomico,22,,133,Intersection Related,3,Same Direction Sideswipe,7,Wet,1,2,No Defects,1,"Two-way, Divided, Positive Median Barrier",4,Not Applicable,0,DE4192002W,Property Damage Crash,,7.01,20210828,6/23/2023 7:05:00 AM,,Yes,Y,N,SALISBURY,UNK,Other Vehicle,1,Not Applicable,0,13,US,,12.15,North,N,N SALISBURY BLVD,50,Feet,F,S,465,MU,,CENTRE RD,38.40207,-75.56979,20210828,8/28/2021 12:00:00 AM,,-75.5697828313126,38.4020644583081
210,2021,Q3,Daylight,1,Wicomico,22,,133,,8.04,Same Movement Angle,11,Dry,2,1,No Defects,1,"Two-way, Not Divided",1,Not Applicable,0,DE11410024,Property Damage Crash,,6.01,20210830,6/23/2023 2:05:00 PM,,Yes,Y,N,SALISBURY,UNK,Other Vehicle,1,Not Applicable,0,2015,MU,,0.44,East,E,ONLEY RD,100,Feet,F,E,0,UU,,IN CORP LMTS SALISBURY,38.34351,-75.58977,20210830,8/30/2021 12:00:00 AM,,-75.5897698887693,38.3435088498536
211,2021,Q3,Dark No Lights,4,Wicomico,22,,133,Intersection,2,Not Applicable,0,Wet,1,3,No Defects,1,"Two-way, Not Divided",1,Bridge or Overpass,1,DE41680002,Property Damage Crash,Raining,3,20210703,6/23/2023 10:15:00 PM,,Yes,Y,N,SALISBURY,UNK,Not Applicable,0,Not Applicable,0,13,US,BU,5.47,North,N,N SALISBURY BLVD,0,Feet,F,N,1632,MU,,E MAIN ST,38.36581,-75.59527,20210703,7/3/2021 12:00:00 AM,,-75.5952681558007,38.3658156860452
212,2021,Q3,Daylight,1,Wicomico,22,,133,Non Intersection,1,Angle Meets Left Turn,13,Not Applicable,0,1,No Defects,1,"Two-way, Not Divided",1,Not Applicable,0,DE5156000D,Injury Crash,,6.01,20210823,6/23/2023 9:24:00 AM,,Yes,Y,N,SALISBURY,UNK,Other Vehicle,1,Not Applicable,0,350,MD,,0.79,East,E,MT HERMON RD,100,Feet,F,W,2495,MU,,ST ALBANS DR,38.36697,-75.56864,20210823,8/23/2021 12:00:00 AM,,-75.5686393730086,38.3669648820238
213,2021,Q3,Daylight,1,Wicomico,22,,133,Intersection,2,Same Movement Angle,11,Dry,2,1,No Defects,1,"Two-way, Not Divided",1,Not Applicable,0,DE4192002N,Injury Crash,,6.01,20210722,6/23/2023 6:55:00 PM,,Yes,Y,N,SALISBURY,UNK,Other Vehicle,1,Not Applicable,0,2095,MU,,0.15,South,S,PARSONS RD,0,Feet,F,S,2125,MU,,PEMBERTON DR,38.36757,-75.61773,20210722,7/22/2021 12:00:00 AM,,-75.6177280269268,38.3675705889116
214,2021,Q3,Daylight,1,Wicomico,22,,133,Intersection Related,3,Same Direction Rear End,3,Dry,2,0,No Defects,1,"Two-way, Not Divided",1,Not Applicable,0,DE2183006S,Property Damage Crash,,7.01,20210908,6/23/2023 4:15:00 PM,,Yes,Y,N,SALISBURY,UNK,Other Vehicle,1,Other Vehicle,1,760,MU,,1.07,South,S,DELAWARE AVE,25,Feet,F,N,50,US,BU,W SALISBURY PKWY,38.36793,-75.61013,20210908,9/8/2021 12:00:00 AM,,-75.6101281422999,38.3679294211059
215,2021,Q3,Daylight,1,Wicomico,22,,133,Not Applicable,0,Head On Left Turn,2,Dry,2,1,No Defects,1,"Two-way, Not Divided",1,Not Applicable,0,DE51560005,Injury Crash,,6.01,20210702,6/23/2023 3:17:00 PM,DE 8270,No,N,N,SALISBURY,UNK,Other Vehicle,1,Not Applicable,0,13,US,BU,4.17,North,N,S SALISBURY BLVD,100,Feet,F,N,631,MU,,W COLLEGE AVE,38.34932,-75.60192,20210702,7/2/2021 12:00:00 AM,,-75.6019184130043,38.3493208678638
216,2021,Q3,Dark Lights On,3,Wicomico,22,,133,Intersection Related,3,Same Direction Sideswipe,7,Dry,2,0,No Defects,1,"Two-way, Not Divided",1,Not Applicable,0,DE311100B9,Property Damage Crash,,6.01,20210925,6/23/2023 8:26:00 PM,,Yes,Y,N,SALISBURY,UNK,Other Vehicle,1,Not Applicable,0,13,US,BU,6.25,North,N,N SALISBURY BLVD,10,Feet,F,S,1900,MU,,NAYLOR ST,38.36984,-75.56838,20210925,9/25/2021 12:00:00 AM,,-75.5683806389553,38.3698390721156
217,2021,Q3,Dark No Lights,4,Wicomico,22,,133,Intersection,2,Single Vehicle,17,Dry,2,1,No Defects,1,"Two-way, Not Divided",1,Curb,4,DE61970025,Injury Crash,,6.01,20210730,6/23/2023 10:20:00 AM,22,Yes,Y,N,SALISBURY,UNK,Fixed Object,9,Not Applicable,0,1240,MU,,0,North,N,HILL ST,0,Feet,F,N,960,MU,,FITZWATER ST,38.36773,-75.61017,20210730,7/30/2021 12:00:00 AM,,-75.6101710462568,38.3677266185886
218,2021,Q3,,5.02,Wicomico,22,,133,Intersection,2,Same Movement Angle,11,Dry,2,1,No Defects,1,"Two-way, Divided, Unprotected (painted >4 feet) Median",3,Not Applicable,0,DE6147001N,Property Damage Crash,,6.01,20210927,6/23/2023 6:45:00 AM,,Yes,Y,N,SALISBURY,UNK,Other Vehicle,1,Not Applicable,0,1990,MU,,0.19,East,E,OHIO AVE,0,Feet,F,E,2910,MU,,WAVERLY DR,38.41677,-75.56863,20210927,9/27/2021 12:00:00 AM,,-75.5686255890996,38.4167656488157
219,2021,Q3,Dark Lights On,3,Wicomico,22,,133,Intersection Related,3,Single Vehicle,17,Dry,2,2,No Defects,1,"Two-way, Not Divided",1,Curb,4,DE3111009N,Property Damage Crash,,6.01,20210707,6/23/2023 11:36:00 PM,,Yes,Y,N,SALISBURY,UNK,Fixed Object,9,Not Applicable,0,13,US,BU,6.97,North,N,N SALISBURY BLVD,10,Feet,F,N,2290,MU,,PRISCILLA ST,38.38435,-75.58298,20210707,7/7/2021 12:00:00 AM,,-75.5829759306946,38.3843508429171
220,2021,Q3,Daylight,1,Wicomico,22,,133,Intersection,2,Same Movement Angle,11,Wet,1,1,No Defects,1,"Two-way, Not Divided",1,Not Applicable,0,DE1170009Y,Property Damage Crash,Raining,3,20210817,6/23/2023 3:29:00 PM,,Yes,Y,N,SALISBURY,UNK,Other Vehicle,1,Not Applicable,0,220,MU,,0.71,East,E,BOOTH ST,0,Feet,F,E,760,MU,,DELAWARE AVE,38.3774,-75.6054,20210817,8/17/2021 12:00:00 AM,,-75.6053985716867,38.3774004486718
221,2021,Q3,Daylight,1,Wicomico,22,,133,Intersection Related,3,Other,88,Wet,1,1,No Defects,1,"Two-way, Not Divided",1,Not Applicable,0,DE1143000N,Property Damage Crash,Raining,3,20210923,6/23/2023 10:29:00 AM,,No,N,N,SALISBURY,UNK,Other Vehicle,1,Not Applicable,0,828,MU,,0.07,North,N,EASTERN SHORE DR,10,Feet,F,S,420,MU,,CARROLTON AVE,38.44204,-75.10722,20210923,9/23/2021 12:00:00 AM,,-75.107225166808,38.4420397693199
222,2021,Q3,Daylight,1,Wicomico,22,,133,,9.04,Same Direction Sideswipe,7,Dry,2,2,No Defects,1,"Two-way, Not Divided",1,Not Applicable,0,DE11430004,Injury Crash,,7.01,20210701,6/23/2023 3:58:00 PM,,No,N,N,SALISBURY,UNK,Other Vehicle,1,Not Applicable,0,2701,MU,,0.46,South,S,TILGHMAN RD,50,Feet,F,N,3061,MU,,WOODBROOKE DR,38.36443,-75.54793,20210701,7/1/2021 12:00:00 AM,,-75.547929724677,38.3644350261556
223,2021,Q3,Daylight,1,Wicomico,22,,133,Intersection,2,Same Direction Right Turn,8,Dry,2,2,No Defects,1,"Two-way, Not Divided",1,Not Applicable,0,DE41920032,Property Damage Crash,,6.01,20210921,6/23/2023 10:03:00 AM,,Yes,Y,N,SALISBURY,UNK,Other Vehicle,1,Not Applicable,0,1632,MU,,1.02,East,E,E MAIN ST,0,Feet,F,E,350,MD,,MT HERMON RD,38.3678,-75.58293,20210921,9/21/2021 12:00:00 AM,,-75.5829310248469,38.3677982037242
224,2021,Q3,Daylight,1,Wicomico,22,,133,,9.04,Same Movement Angle,11,Dry,2,1,No Defects,1,"Two-way, Divided, Unprotected (painted >4 feet) Median",3,Not Applicable,0,DE6147001F,Property Damage Crash,,6.01,20210818,6/23/2023 11:30:00 AM,,No,N,N,SALISBURY,UNK,Other Vehicle,1,Not Applicable,0,13,US,BU,4.17,North,N,S SALISBURY BLVD,100,Feet,F,N,631,MU,,W COLLEGE AVE,38.35001,-75.60177,20210818,8/18/2021 12:00:00 AM,,-75.6017653402982,38.3500101091793
225,2021,Q3,Daylight,1,Wicomico,22,,133,Non Intersection,1,Single Vehicle,17,Wet,1,1,No Defects,1,"Two-way, Divided, Unprotected (painted >4 feet) Median",3,Light Support Pole,8,DE1170009M,Property Damage Crash,Raining,3,20210701,6/23/2023 5:30:00 PM,,No,N,N,SALISBURY,UNK,Fixed Object,9,Not Applicable,0,828,MU,,1.06,North,N,EASTERN SHORE DR,240,Feet,F,S,415,MU,,E CARROLL ST,38.36243,-75.5949,20210701,7/1/2021 12:00:00 AM,,-75.5949017468181,38.3624288221325
226,2021,Q3,Daylight,1,Wicomico,22,,133,Intersection Related,3,Same Movement Angle,11,Wet,1,1,No Defects,1,"Two-way, Not Divided",1,Not Applicable,0,DE4192002L,Injury Crash,,7.01,20210708,6/23/2023 5:10:00 PM,,No,N,N,SALISBURY,UNK,Other Vehicle,1,Not Applicable,0,2950,MU,,1.87,East,E,WEST RD,20,Feet,F,E,548,CO,,OLIVIA ST,38.37967,-75.6107,20210708,7/8/2021 12:00:00 AM,,-75.6106993386036,38.3796655917937
227,2021,Q3,Daylight,1,Wicomico,22,,133,Non Intersection,1,Other,88,Wet,1,1,No Defects,1,"Two-way, Not Divided",1,Building,2,DE2172008D,Injury Crash,Raining,3,20210923,6/23/2023 4:39:00 PM,,No,N,N,SALISBURY,UNK,Other Vehicle,1,Fixed Object,9,2290,MU,,0.53,South,S,PRISCILLA ST,250,Feet,F,S,1180,MU,,HARRINGTON ST,38.3756,-75.58157,20210923,9/23/2021 12:00:00 AM,,-75.5815708632047,38.3755967683762
228,2021,Q3,Dark Lights On,3,Wicomico,22,,133,Not Applicable,0,Single Vehicle,17,Wet,1,1,No Defects,1,"Two-way, Not Divided",1,Not Applicable,0,DE41680004,Property Damage Crash,Raining,3,20210709,6/23/2023 1:45:00 AM,,No,N,N,SALISBURY,UNK,Not Applicable,0,Not Applicable,0,2525,MU,,0.11,East,E,S SCHUMAKER DR,0,Feet,F,E,265,CO,,S SCHUMAKER DR (AHEAD),38.34623,-75.56326,20210709,7/9/2021 12:00:00 AM,,-75.5632573325598,38.3462333648779
229,2021,Q3,Daylight,1,Wicomico,22,,133,Intersection Related,3,Same Direction Rear End,3,Dry,2,1,No Defects,1,"Two-way, Divided, Positive Median Barrier",4,Not Applicable,0,DE3160008G,Injury Crash,,6.01,20210830,6/23/2023 11:50:00 AM,,Yes,Y,N,SALISBURY,UNK,Other Vehicle,1,Not Applicable,0,50,US,BU,3.871,East,E,E SALISBURY PKWY,15,Feet,F,W,2890,MU,,WARD ST,38.36724,-75.59124,20210830,8/30/2021 12:00:00 AM,,-75.5912364716858,38.3672363810542
230,2021,Q3,,5.02,Wicomico,22,,133,Intersection Related,3,Same Direction Rear End,3,Wet,1,1,No Defects,1,"Two-way, Divided, Positive Median Barrier",4,Not Applicable,0,DE4113003W,Property Damage Crash,Raining,3,20210908,6/23/2023 5:45:00 PM,,Yes,Y,N,SALISBURY,UNK,Other Vehicle,1,Other Vehicle,1,50,US,BU,3.166,East,E,W SALISBURY PKWY,0,Feet,F,E,1780,MU,,MILL ST,38.36599,-75.60338,20210908,9/8/2021 12:00:00 AM,,-75.6033750584122,38.3659891715631
231,2022,Q1,Daylight,1,Wicomico,22,,133,Intersection Related,3,Single Vehicle,17,Dry,2,0,No Defects,1,One-way Trafficway,2,Guardrail or Barrier,5,MSP69290050,Fatal Crash,,6.01,20220316,6/23/2023 6:03:00 PM,,No,N,N,MSP,UNK,Fixed Object,9,Not Applicable,0,50,US,,13.186,East,E,SALISBURY BYPASS,0,Miles,M,W,50,US,UA,NAYLOR MILL RD,38.40271,-75.61926,20220316,3/16/2022 12:00:00 AM,,-75.6192561657394,38.4027100249477
232,2022,Q1,Daylight,1,Wicomico,22,,133,Non Intersection,1,Head On,1,Dry,2,1,No Defects,1,"Two-way, Not Divided",1,Not Applicable,0,DE2172009B,Injury Crash,,6.01,20220328,6/23/2023 10:17:00 AM,,No,N,N,SALISBURY,UNK,Other Vehicle,1,Not Applicable,0,13,US,BU,5.06,North,N,S SALISBURY BLVD,20,Feet,F,S,768,MU,,S DIVISION ST,38.3597,-75.59743,20220328,3/28/2022 12:00:00 AM,,-75.5974267418506,38.3596983149254
233,2022,Q1,Daylight,1,Wicomico,22,,133,Not Applicable,0,Other,88,Wet,1,1,No Defects,1,"Two-way, Divided, Positive Median Barrier",4,Not Applicable,0,DE2145001C,Property Damage Crash,,6.01,20220202,6/23/2023 10:58:00 AM,,No,N,N,SALISBURY,UNK,Parked Vehicle,2,Not Applicable,0,2490,MU,,0.33,North,N,RUSSELL AVE,150,Feet,F,N,990,MU,,FOREST LA,38.35308,-75.60973,20220202,2/2/2022 12:00:00 AM,,-75.6097372753549,38.3530786661476
234,2022,Q1,Dark No Lights,4,Wicomico,22,,133,Non Intersection,1,Single Vehicle,17,Dry,2,1,No Defects,1,"Two-way, Not Divided",1,Not Applicable,0,DE2158007V,Property Damage Crash,,6.01,20220123,6/23/2023 12:48:00 AM,,No,N,N,SALISBURY,UNK,Off Road,16,Not Applicable,0,1896,MU,,3.39,West,W,NAYLOR MILL RD,225,Feet,F,W,2950,MU,,WEST RD,38.40348,-75.61977,20220123,1/23/2022 12:00:00 AM,,-75.6197687352389,38.4034785441995
235,2022,Q1,Daylight,1,Wicomico,22,,133,Not Applicable,0,Other,88,Dry,2,1,No Defects,1,"Two-way, Not Divided",1,Not Applicable,0,DE6197002D,Property Damage Crash,,6.01,20220302,6/23/2023 8:35:00 AM,22,No,N,N,SALISBURY,UNK,Other,88,Not Applicable,0,1780,MU,,0,South,S,MILL ST,0,Feet,F,N,1330,MU,,W ISABELLA ST,38.35307,-75.60954,20220302,3/2/2022 12:00:00 AM,,-75.6095369666576,38.3530645881603
236,2022,Q1,Daylight,1,Wicomico,22,,133,Intersection,2,Same Movement Angle,11,Dry,2,1,No Defects,1,"Two-way, Not Divided",1,Not Applicable,0,DE41680024,Injury Crash,,6.01,20220325,6/23/2023 6:30:00 PM,,Yes,Y,N,SALISBURY,UNK,Other Vehicle,1,Other Vehicle,1,3095,MU,,0.065,East,E,OLIPHANT DR,0,Feet,F,E,954,OP,,DICKERSON LA,38.41785,-75.56422,20220325,3/25/2022 12:00:00 AM,,-75.5642232431081,38.4178499524134
237,2022,Q1,Unknown,99,Wicomico,22,,133,Non Intersection,1,Single Vehicle,17,Unknown,99,0,No Defects,1,"Two-way, Divided, Unprotected (painted >4 feet) Median",3,Fence,7,DE2172009C,Property Damage Crash,Unknown,99,20220329,6/23/2023 7:41:00 AM,,No,N,N,SALISBURY,UNK,Fixed Object,9,Not Applicable,0,1896,MU,,3.39,West,W,NAYLOR MILL RD,400,Feet,F,W,2950,MU,,WEST RD,38.39934,-75.62293,20220329,3/29/2022 12:00:00 AM,,-75.6229304134078,38.399343272574
238,2022,Q1,Daylight,1,Wicomico,22,,133,Not Applicable,0,Single Vehicle,17,Wet,1,1,No Defects,1,"Two-way, Divided, Positive Median Barrier",4,Embankment,6,MSP5952007K,Property Damage Crash,Not Applicable,0,20220124,6/23/2023 8:01:00 AM,,No,N,N,MSP,UNK,Off Road,16,Fixed Object,9,13,US,,8.74,North,N,SALISBURY BYPASS,500,Feet,F,S,50,US,BU,OCEAN GATEWAY,38.3641,-75.53781,20220124,1/24/2022 12:00:00 AM,,-75.5378108003281,38.3640962164673
239,2022,Q1,Daylight,1,Wicomico,22,,133,Intersection,2,Same Movement Angle,11,Dry,2,1,No Defects,1,"Two-way, Not Divided",1,Curb,4,MSP5952007L,Property Damage Crash,,6.01,20220218,6/23/2023 12:31:00 PM,,Yes,Y,N,MSP,UNK,Other Vehicle,1,Other Vehicle,1,350,MD,,0.92,East,E,MT HERMON RD,0,Feet,F,E,124,MU,,BEAGLIN PARK DR,38.36633,-75.56548,20220218,2/18/2022 12:00:00 AM,,-75.5654841501733,38.3663246834374
240,2022,Q1,Dark Lights On,3,Wicomico,22,,133,Intersection Related,3,Other,88,Dry,2,0,No Defects,1,"Two-way, Not Divided",1,Not Applicable,0,DE2131002X,Property Damage Crash,,6.01,20220216,6/23/2023 6:26:00 PM,,Yes,Y,N,SALISBURY,UNK,Other Vehicle,1,Other Vehicle,1,13,US,BU,4.17,North,N,S SALISBURY BLVD,1,Feet,F,S,631,MU,,W COLLEGE AVE,38.34853,-75.6021,20220216,2/16/2022 12:00:00 AM,,-75.602100549101,38.3485264157615
241,2021,Q4,Daylight,1,Wicomico,22,,133,Not Applicable,0,Head On,1,Dry,2,2,No Defects,1,,5.01,Not Applicable,0,DE1141002W,Injury Crash,,6.01,20211201,6/23/2023 3:05:00 PM,,No,N,N,SALISBURY,UNK,Other Vehicle,1,Other Vehicle,1,13,US,BU,7.05,North,N,N SALISBURY BLVD,500,Feet,F,N,1755,MU,,MIDDLE NECK LA,38.3856,-75.58143,20211201,12/1/2021 12:00:00 AM,,-75.5814249715851,38.3855954173947
242,2021,Q4,Dark Lights On,3,Wicomico,22,,133,Not Applicable,0,Single Vehicle,17,Wet,1,1,Not Applicable,0,"Two-way, Not Divided",1,,88,DE4161007F,Property Damage Crash,,6.01,20211218,6/23/2023 11:59:00 PM,,No,N,N,SALISBURY,UNK,Other Non Collision,15,Fixed Object,9,828,MU,,1.06,North,N,EASTERN SHORE DR,100,Feet,F,S,415,MU,,E CARROLL ST,38.35379,-75.58911,20211218,12/18/2021 12:00:00 AM,,-75.589111421355,38.3537856609795
243,2021,Q4,Daylight,1,Wicomico,22,,133,Intersection Related,3,Same Direction Right Turn,8,Dry,2,1,No Defects,1,"Two-way, Not Divided",1,Not Applicable,0,DE6147001T,Injury Crash,,6.01,20211105,6/23/2023 3:30:00 PM,,No,N,N,SALISBURY,UNK,Other Vehicle,1,Not Applicable,0,2095,MU,,0.25,South,S,PARSONS RD,0,Feet,F,S,915,MU,,FAIRGROUND DR,38.36633,-75.61645,20211105,11/5/2021 12:00:00 AM,,-75.6164484787143,38.3663245854113
244,2021,Q4,Daylight,1,Wicomico,22,,133,Intersection,2,Same Movement Angle,11,Dry,2,1,No Defects,1,"Two-way, Not Divided",1,Not Applicable,0,DE71910064,Property Damage Crash,,6.01,20211007,6/23/2023 2:47:00 PM,,Yes,Y,N,SALISBURY,UNK,Other Vehicle,1,Not Applicable,0,13,US,BU,4.53,North,N,S SALISBURY BLVD,0,Feet,F,N,2600,MU,,SOUTH BLVD,38.3535,-75.60117,20211007,10/7/2021 12:00:00 AM,,-75.6011746853634,38.3534956125325
245,2021,Q4,,7.88,Wicomico,22,,133,Intersection Related,3,Same Movement Angle,11,Dry,2,0,No Defects,1,"Two-way, Not Divided",1,Other Pole,10,DE1143001F,Property Damage Crash,,6.01,20211209,6/23/2023 5:59:00 PM,,Yes,Y,N,SALISBURY,UNK,Other Vehicle,1,Other Vehicle,1,520,MU,,0.47,West,W,E CHURCH ST,0,Feet,F,E,2720,MU,,TRUITT ST,38.37225,-75.5845,20211209,12/9/2021 12:00:00 AM,,-75.5844935564324,38.3722549793839
246,2021,Q4,Dark Lights On,3,Wicomico,22,,133,Intersection,2,Angle Meets Right Turn,12,Dry,2,2,No Defects,1,"Two-way, Not Divided",1,Not Applicable,0,HZ01450003,Injury Crash,,6.01,20211023,6/23/2023 1:55:00 AM,,Yes,Y,N,SALISBURYUNIV,UNK,Other Vehicle,1,Not Applicable,0,631,MU,,0.18,West,W,W COLLEGE AVE,0,Feet,F,W,2710,MU,,S TOWER DR,38.34855,-75.60121,20211023,10/23/2021 12:00:00 AM,,-75.6012100359144,38.3485495769015
247,2021,Q4,Daylight,1,Wicomico,22,,133,Non Intersection,1,Other,88,Dry,2,1,No Defects,1,"Two-way, Not Divided",1,Not Applicable,0,DE21450018,Injury Crash,,6.01,20211214,6/23/2023 2:37:00 PM,,No,N,N,SALISBURY,UNK,Other Vehicle,1,Other Vehicle,1,12,MD,,7.17,North,N,SNOW HILL RD,0,Feet,F,N,2041,MU,,S PARK DR,38.36422,-75.5924,20211214,12/14/2021 12:00:00 AM,,-75.5924021171639,38.3642234534497
248,2021,Q4,Daylight,1,Wicomico,22,,133,Intersection,2,Head On Left Turn,2,Dry,2,2,No Defects,1,"Two-way, Not Divided",1,Not Applicable,0,DE21800060,Property Damage Crash,,6.01,20211021,6/23/2023 5:10:00 PM,,Yes,Y,N,SALISBURY,UNK,Other Vehicle,1,Not Applicable,0,13,US,BU,5.58,North,N,N SALISBURY BLVD,0,Feet,F,N,531,MU,,W CHURCH ST,38.36732,-75.59553,20211021,10/21/2021 12:00:00 AM,,-75.595525669474,38.3673223301615
249,2021,Q4,Dark Lights On,3,Wicomico,22,,133,Intersection,2,Head On Left Turn,2,Dry,2,1,No Defects,1,"Two-way, Not Divided",1,Not Applicable,0,DE1143000S,Injury Crash,,6.01,20211002,6/23/2023 10:19:00 PM,,Yes,Y,N,SALISBURY,UNK,Other Vehicle,1,Not Applicable,0,1430,MU,,0.08,North,N,LAKE ST,0,Feet,F,N,50,US,BU,W SALISBURY PKWY,38.36633,-75.60495,20211002,10/2/2021 12:00:00 AM,,-75.6049509997888,38.3663320003216
250,2021,Q4,Daylight,1,Wicomico,22,,133,Intersection,2,Same Direction Rear End,3,Dry,2,1,No Defects,1,"Two-way, Not Divided",1,Not Applicable,0,DE21310028,Injury Crash,,6.01,20211028,6/23/2023 3:20:00 PM,,No,N,N,SALISBURY,UNK,Other Vehicle,1,Not Applicable,0,12,MD,,7.17,North,N,SNOW HILL RD,0,Feet,F,N,2041,MU,,S PARK DR,38.36411,-75.5924,20211028,10/28/2021 12:00:00 AM,,-75.5924024067456,38.3641137865221
251,2021,Q4,Daylight,1,Wicomico,22,,133,Non Intersection,1,Single Vehicle,17,Dry,2,1,No Defects,1,"Two-way, Divided, Positive Median Barrier",4,,23.03,DE2153002S,Property Damage Crash,,6.01,20211113,6/23/2023 2:55:00 PM,,No,N,N,SALISBURY,UNK,Overturn,11,Not Applicable,0,50,US,BU,6.259,East,E,E SALISBURY PKWY,300,Feet,F,E,290,CO,,TILGHMAN RD,38.36671,-75.54539,20211113,11/13/2021 12:00:00 AM,,-75.5453858600694,38.366714544041
252,2021,Q4,Dark No Lights,4,Wicomico,22,,133,Non Intersection,1,Other,88,Dry,2,1,No Defects,1,"Two-way, Not Divided",1,Not Applicable,0,DE2145000X,Property Damage Crash,,6.01,20211014,6/23/2023 7:28:00 PM,,No,N,N,SALISBURY,UNK,Other Vehicle,1,Not Applicable,0,2290,MU,,0.22,South,S,PRISCILLA ST,50,Feet,F,S,2320,MU,,QUEEN ANNE ST,38.38158,-75.58245,20211014,10/14/2021 12:00:00 AM,,-75.5824518516716,38.3815851704193
253,2021,Q4,Dark Lights On,3,Wicomico,22,,133,Not Applicable,0,Single Vehicle,17,Dry,2,1,No Defects,1,"Two-way, Not Divided",1,Other Pole,10,DE3120002G,Property Damage Crash,,6.01,20211128,6/23/2023 10:44:00 PM,,No,N,N,SALISBURY,UNK,Fixed Object,9,Not Applicable,0,1640,MU,,0.35,East,E,W MAIN ST,20,Feet,F,W,2530,MU,,SECOND ST,38.3665,-75.60973,20211128,11/28/2021 12:00:00 AM,,-75.6097278477619,38.3665042861439
254,2021,Q4,Daylight,1,Wicomico,22,,133,Intersection,2,Same Direction Right Turn,8,Dry,2,2,No Defects,1,"Two-way, Not Divided",1,Not Applicable,0,DE21760025,Property Damage Crash,,6.01,20211214,6/23/2023 9:24:00 AM,,Yes,Y,N,SALISBURY,UNK,Other Vehicle,1,Not Applicable,0,124,MU,,2.21,South,S,BEAGLIN PARK DR,0,Feet,F,S,50,US,BU,E SALISBURY PKWY,38.36781,-75.56575,20211214,12/14/2021 12:00:00 AM,,-75.565749416902,38.3678087698589
255,2021,Q4,Dark Lights On,3,Wicomico,22,,133,Intersection,2,Same Movement Angle,11,Dry,2,1,No Defects,1,"Two-way, Not Divided",1,Not Applicable,0,DE2131002C,Property Damage Crash,Not Applicable,0,20211115,6/23/2023 6:07:00 PM,,Yes,Y,N,SALISBURY,UNK,Other Vehicle,1,Not Applicable,0,12,MD,,6.53,North,N,SNOW HILL RD,0,Feet,F,N,2610,MU,,SPRING AVE,38.35634,-75.58689,20211115,11/15/2021 12:00:00 AM,,-75.5868944000565,38.3563370996774
256,2021,Q4,Dark Lights On,3,Wicomico,22,,133,Intersection,2,Same Direction Rear End,3,Dry,2,2,No Defects,1,"Two-way, Not Divided",1,Not Applicable,0,DE41680013,Property Damage Crash,,6.01,20211019,6/23/2023 6:50:00 PM,,No,N,N,SALISBURY,UNK,Other Vehicle,1,Other Vehicle,1,635,MU,,0,East,E,COLLEGE LA,0,Feet,F,E,124,MU,,BEAGLIN PARK DR,38.34895,-75.57821,20211019,10/19/2021 12:00:00 AM,,-75.5782116156735,38.3489543176877
257,2021,Q4,Daylight,1,Wicomico,22,,133,Intersection Related,3,Other,88,Wet,1,1,No Defects,1,"Two-way, Divided, Positive Median Barrier",4,Not Applicable,0,DE610600B4,Injury Crash,Raining,3,20211005,6/23/2023 4:01:00 PM,,Yes,Y,N,SALISBURY,UNK,Other Vehicle,1,Not Applicable,0,50,US,BU,2.518,East,E,W SALISBURY PKWY,50,Feet,F,E,349,MD,,NANTICOKE RD,38.36958,-75.61411,20211005,10/5/2021 12:00:00 AM,,-75.6141024451717,38.3695753297378