OBJECTID,year,quarter,light_desc,light_code,county_des,county_no,muni_desc,muni_code,junction_d,junction_c,collision_,collisio_2,surf_cond_,surf_con_2,lane_code,rd_cond_de,rd_cond_co,rd_div_des,rd_div_cod,fix_obj_de,fix_obj_co,report_no,report_typ,weather_de,weather_co,acc_date,acc_time,loc_code,signal_fla,signal_f_2,c_m_zone_f,agency_cod,area_code,harm_event,harm_eve_2,harm_eve_3,harm_eve_4,rte_no,route_type,rte_suffix,log_mile,logmile_di,logmile__2,mainroad_n,distance,feet_miles,feet_mil_2,distance_d,reference_,referenc_2,referenc_3,referenc_4,latitude,longitude,crashdate,date,Field1,x,y
258,2021,Q4,Daylight,1,Wicomico,22,,133,Intersection,2,Same Movement Angle,11,Dry,2,1,No Defects,1,"Two-way, Not Divided",1,Not Applicable,0,DE11370064,Property Damage Crash,,7.01,20211122,6/23/2023 12:51:00 PM,,Yes,Y,N,SALISBURY,UNK,Other Vehicle,1,Not Applicable,0,2720,MU,,0.67,South,S,TRUITT ST,0,Feet,F,S,520,MU,,E CHURCH ST,38.37228,-75.58435,20211122,11/22/2021 12:00:00 AM,,-75.5843526002922,38.3722829132259
259,2021,Q4,Dark Lights On,3,Wicomico,22,,133,Intersection,2,Same Movement Angle,11,Dry,2,1,No Defects,1,"Two-way, Not Divided",1,Not Applicable,0,ZV12910013,Property Damage Crash,,6.01,20211207,6/23/2023 5:17:00 PM,,Yes,Y,N,WICOMICO,UNK,Other Vehicle,1,Not Applicable,0,1897,MU,,1.21,South,S,E NAYLOR MILL RD,0,Feet,F,S,406,CO,,ZION RD,38.39632,-75.56396,20211207,12/7/2021 12:00:00 AM,,-75.5639598496673,38.3963238500657
260,2021,Q4,Daylight,1,Wicomico,22,,133,Intersection,2,Same Direction Rear End,3,Wet,1,1,No Defects,1,"Two-way, Not Divided",1,Not Applicable,0,DE1141002J,Injury Crash,Raining,3,20211029,6/23/2023 1:02:00 PM,,Yes,Y,N,SALISBURY,UNK,Other Vehicle,1,Not Applicable,0,1430,MU,,0.46,North,N,LAKE ST,0,Feet,F,N,1330,MU,,W ISABELLA ST,38.37179,-75.60378,20211029,10/29/2021 12:00:00 AM,,-75.6037818541492,38.3717936289729
261,2021,Q4,,7.88,Wicomico,22,,133,Not Applicable,0,Single Vehicle,17,Dry,2,2,No Defects,1,Other,88,Not Applicable,0,ZVW282001H,Property Damage Crash,,6.01,20211109,6/23/2023 12:10:00 AM,,No,N,N,WICOMICO,UNK,Animal,8,Not Applicable,0,13,US,,8.74,North,N,SALISBURY BYPASS,200,Feet,F,S,50,US,,OCEAN GATEWAY,38.36851,-75.56414,20211109,11/9/2021 12:00:00 AM,,-75.5641369999226,38.3685060996768
262,2021,Q4,Daylight,1,Wicomico,22,,133,Not Applicable,0,Same Direction Rear End,3,Dry,2,3,No Defects,1,"Two-way, Divided, Positive Median Barrier",4,Not Applicable,0,DE4112000H,Property Damage Crash,,6.01,20211228,6/23/2023 10:19:00 AM,,No,N,N,SALISBURY,UNK,Other Vehicle,1,Not Applicable,0,13,US,,12.65,North,N,N SALISBURY BLVD,100,Feet,F,N,1897,MU,,E NAYLOR MILL RD,38.41093,-75.5672,20211228,12/28/2021 12:00:00 AM,,-75.5672008759196,38.4109349024238
263,2021,Q4,Dark Lights On,3,Wicomico,22,,133,Not Applicable,0,Same Direction Rear End,3,Dry,2,1,No Defects,1,"Two-way, Divided, Positive Median Barrier",4,Not Applicable,0,MSP67580066,Property Damage Crash,Not Applicable,0,20211204,6/23/2023 6:30:00 PM,,No,N,N,MSP,UNK,Other Vehicle,1,Other Vehicle,1,13,US,,12.65,North,N,N SALISBURY BLVD,500,Feet,F,S,416,CO,,NAYLOR MILL RD,38.41325,-75.56732,20211204,12/4/2021 12:00:00 AM,,-75.5673189667968,38.4132442831972
264,2021,Q4,Daylight,1,Wicomico,22,,133,Non Intersection,1,Single Vehicle,17,Dry,2,1,No Defects,1,"Two-way, Not Divided",1,Not Applicable,0,DE2176001X,Property Damage Crash,,7.01,20211027,6/23/2023 3:08:00 PM,,No,N,N,SALISBURY,UNK,Animal,8,Not Applicable,0,1950,MU,,1.01,North,N,NORTHWOOD DR,15,Feet,F,S,1175,MU,,HARFORD RD,38.39748,-75.5812,20211027,10/27/2021 12:00:00 AM,,-75.581200114094,38.3974750209555
265,2021,Q4,Dark Lights On,3,Wicomico,22,,133,Not Applicable,0,Not Applicable,0,Dry,2,1,No Defects,1,One-way Trafficway,2,Not Applicable,0,DE3184000L,Property Damage Crash,,6.01,20211001,6/23/2023 8:27:00 PM,,No,N,N,SALISBURY,UNK,Parked Vehicle,2,Not Applicable,0,1920,MU,,0,East,E,NEWTON ST,0,Miles,M,E,370,MU,,CAMDEN AVE,38.36135,-75.60429,20211001,10/1/2021 12:00:00 AM,,-75.6042829995607,38.3613499999026
266,2021,Q4,Dark Lights On,3,Wicomico,22,,133,Not Applicable,0,Single Vehicle,17,Wet,1,1,No Defects,1,"Two-way, Divided, Unprotected (painted >4 feet) Median",3,Not Applicable,0,ZV1287001P,Property Damage Crash,Raining,3,20211012,6/23/2023 11:13:00 PM,,No,N,N,WICOMICO,UNK,Animal,8,Not Applicable,0,1895,MU,,1.92,West,W,NAYLOR MILL RD,0.25,Miles,M,E,3083,MU,,JERSEY RD,38.999,-75.641,20211012,10/12/2021 12:00:00 AM,,-75.6410000002498,38.9990000001499
267,2021,Q4,Dark Lights On,3,Wicomico,22,,133,Intersection,2,Opposite Direction Sideswipe,6,Dry,2,1,No Defects,1,"Two-way, Not Divided",1,Not Applicable,0,DE4192003F,Property Damage Crash,,6.01,20211021,6/23/2023 10:23:00 PM,,No,N,N,SALISBURY,UNK,Other Vehicle,1,Not Applicable,0,2832,MU,,0.11,West,W,OLD W VINE ST,0,Feet,F,W,1920,MU,,NEWTON ST,38.35971,-75.60104,20211021,10/21/2021 12:00:00 AM,,-75.6010346411358,38.3597100798564
268,2021,Q4,Daylight,1,Wicomico,22,,133,Not Applicable,0,Same Direction Rear End,3,Dry,2,3,No Defects,1,"Two-way, Divided, Positive Median Barrier",4,Not Applicable,0,MSP67580068,Injury Crash,Not Applicable,0,20211224,6/23/2023 10:35:00 AM,,No,N,N,MSP,UNK,Other Vehicle,1,Other Vehicle,1,13,US,,12.65,North,N,N SALISBURY BLVD,500,Feet,F,S,416,CO,,NAYLOR MILL RD,38.41169,-75.56805,20211224,12/24/2021 12:00:00 AM,,-75.5680564162706,38.411695366448
269,2021,Q4,Daylight,1,Wicomico,22,,133,Not Applicable,0,Single Vehicle,17,Dry,2,1,No Defects,1,"Two-way, Not Divided",1,Curb,4,DE5156000Z,Property Damage Crash,,6.01,20211027,6/23/2023 11:44:00 AM,,No,N,N,SALISBURY,UNK,Fixed Object,9,Fixed Object,9,2720,MU,,0.49,South,S,TRUITT ST,300,Feet,F,N,1610,MU,,MABEL AVE,38.37517,-75.58535,20211027,10/27/2021 12:00:00 AM,,-75.5853478323365,38.3751689033223
270,2021,Q4,Dark Lights On,3,Wicomico,22,,133,Not Applicable,0,Other,88,Dry,2,2,No Defects,1,"Two-way, Divided, Positive Median Barrier",4,Not Applicable,0,DE5150006P,Injury Crash,Not Applicable,0,20211228,6/23/2023 6:24:00 PM,22,No,N,N,SALISBURY,UNK,Pedestrian,3,Not Applicable,0,50,US,BU,2.518,East,E,W SALISBURY PKWY,150,Feet,F,W,1330,MU,,W ISABELLA ST,38.36937,-75.6142,20211228,12/28/2021 12:00:00 AM,,-75.6142008471913,38.3693735524475
271,2021,Q4,Daylight,1,Wicomico,22,,133,Intersection,2,Same Direction Rear End,3,Dry,2,1,No Defects,1,"Two-way, Not Divided",1,Not Applicable,0,DE5150006L,Injury Crash,,7.01,20211005,6/23/2023 1:31:00 PM,22,Yes,Y,N,SALISBURY,UNK,Other Vehicle,1,Other Vehicle,1,1895,MU,,1.92,West,W,NAYLOR MILL RD,0,Feet,F,W,3083,MU,,JERSEY RD,38.4104,-75.60202,20211005,10/5/2021 12:00:00 AM,,-75.6020176576887,38.4104006259881
272,2021,Q4,,6.02,Wicomico,22,,133,Non Intersection,1,Single Vehicle,17,Dry,2,0,No Defects,1,"Two-way, Not Divided",1,Light Support Pole,8,DE11430012,Property Damage Crash,,6.01,20211106,6/23/2023 9:09:00 AM,,No,N,N,SALISBURY,UNK,Fixed Object,9,Not Applicable,0,2600,MU,,0.67,East,E,SOUTH BLVD,50,Feet,F,E,13,US,BU,S SALISBURY BLVD,38.35344,-75.60012,20211106,11/6/2021 12:00:00 AM,,-75.6001207383813,38.3534441299427
273,2021,Q4,Dark Lights On,3,Wicomico,22,,133,Non Intersection,1,Other,88,Dry,2,0,No Defects,1,"Two-way, Not Divided",1,Not Applicable,0,DE21310026,Property Damage Crash,,6.01,20211009,6/23/2023 1:03:00 AM,,No,N,N,SALISBURY,UNK,Parked Vehicle,2,Not Applicable,0,775,MU,,0.09,North,N,N DIVISION ST,1,Feet,F,S,50,US,BU,E SALISBURY PKWY,38.3661,-75.60043,20211009,10/9/2021 12:00:00 AM,,-75.6004345828896,38.3660972430933
274,2021,Q4,Dark Lights On,3,Wicomico,22,,133,Non Intersection,1,Single Vehicle,17,Dry,2,1,No Defects,1,"Two-way, Not Divided",1,Curb,4,DE117000BB,Property Damage Crash,,6.01,20211117,6/23/2023 5:14:00 PM,,No,N,N,SALISBURY,UNK,Fixed Object,9,Fixed Object,9,2525,MU,,0,East,E,S SCHUMAKER DR,500,Feet,F,E,12,MD,,SNOW HILL RD,38.35746,-75.58642,20211117,11/17/2021 12:00:00 AM,,-75.5864217002012,38.3574578878713
275,2021,Q4,Daylight,1,Wicomico,22,,133,Not Applicable,0,Same Direction Rear End,3,Dry,2,1,No Defects,1,"Two-way, Divided, Positive Median Barrier",4,Not Applicable,0,MSP71260040,Property Damage Crash,,7.01,20211006,6/23/2023 4:06:00 PM,,No,N,N,MSP,UNK,Other Vehicle,1,Not Applicable,0,13,US,,8.74,North,N,SALISBURY BYPASS,0.5,Miles,M,N,50,US,BU,OCEAN GATEWAY,38.37705,-75.53956,20211006,10/6/2021 12:00:00 AM,,-75.5395606004413,38.3770479000406
276,2021,Q4,Daylight,1,Wicomico,22,,133,Intersection,2,Same Movement Angle,11,Dry,2,0,No Defects,1,"Two-way, Not Divided",1,Not Applicable,0,DE4161006Y,Property Damage Crash,,6.01,20211014,6/23/2023 6:18:00 PM,,Yes,Y,N,SALISBURY,UNK,Other Vehicle,1,Not Applicable,0,13,US,BU,5.47,North,N,N SALISBURY BLVD,0,Feet,F,N,1632,MU,,E MAIN ST,38.35215,-75.58765,20211014,10/14/2021 12:00:00 AM,,-75.5876467324107,38.3521521108313
277,2021,Q4,Daylight,1,Wicomico,22,,133,,9.04,Same Direction Left Turn,9,Dry,2,1,No Defects,1,"Two-way, Not Divided",1,Not Applicable,0,DE2172008J,Property Damage Crash,,6.01,20211016,6/23/2023 12:43:00 PM,,No,N,N,SALISBURY,UNK,Other Vehicle,1,Not Applicable,0,13,US,BU,4.53,North,N,S SALISBURY BLVD,50,Feet,F,S,2600,MU,,SOUTH BLVD,38.35317,-75.60104,20211016,10/16/2021 12:00:00 AM,,-75.6010356537724,38.3531738908624
278,2021,Q4,Daylight,1,Wicomico,22,,133,Non Intersection,1,Same Direction Rear End,3,Dry,2,1,No Defects,1,"Two-way, Not Divided",1,Not Applicable,0,DE11430014,Injury Crash,,6.01,20211110,6/23/2023 1:58:00 PM,,No,N,N,SALISBURY,UNK,Other Vehicle,1,Not Applicable,0,1080,MU,,0.97,East,E,GLEN AVE,50,Feet,F,W,895,MU,,EMORY CT,38.36044,-75.57096,20211110,11/10/2021 12:00:00 AM,,-75.5709591346563,38.360433675274
279,2021,Q4,Daylight,1,Wicomico,22,,133,Intersection,2,Same Movement Angle,11,Dry,2,1,No Defects,1,"Two-way, Divided, Unprotected (painted >4 feet) Median",3,Not Applicable,0,MSP72180043,Injury Crash,Not Applicable,0,20211228,6/23/2023 2:11:00 PM,,No,N,N,MSP,UNK,Other Vehicle,1,Other Vehicle,1,13,US,,12.55,North,N,N SALISBURY BLVD,0,Feet,F,N,3070,MU,,N ZION RD,38.39281,-75.57439,20211228,12/28/2021 12:00:00 AM,,-75.5743920879245,38.392807200492
280,2021,Q4,Dark Lights On,3,Wicomico,22,,133,Intersection Related,3,Single Vehicle,17,Dry,2,1,No Defects,1,"Two-way, Not Divided",1,Other Pole,10,DE41920037,Injury Crash,,6.01,20211010,6/23/2023 11:28:00 PM,,Yes,Y,N,SALISBURY,UNK,Fixed Object,9,Not Applicable,0,415,MU,,0.25,East,E,E CARROLL ST,30,Feet,F,W,2220,MU,,POND ST,38.36317,-75.59529,20211010,10/10/2021 12:00:00 AM,,-75.5952880047376,38.3631670450231
281,2021,Q4,Daylight,1,Wicomico,22,,133,Intersection,2,Same Movement Angle,11,Dry,2,1,No Defects,1,"Two-way, Not Divided",1,Not Applicable,0,DE1141002F,Property Damage Crash,,7.01,20211006,6/23/2023 4:55:00 PM,,Yes,Y,N,SALISBURY,UNK,Other Vehicle,1,Not Applicable,0,415,MU,,0.25,East,E,E CARROLL ST,0,Feet,F,E,2220,MU,,POND ST,38.36308,-75.59489,20211006,10/6/2021 12:00:00 AM,,-75.59488831994,38.3630841536108
282,2021,Q4,Daylight,1,Wicomico,22,,133,,9.04,Same Direction Right Turn,8,Dry,2,2,No Defects,1,"Two-way, Not Divided",1,Not Applicable,0,DE2172008T,Property Damage Crash,,6.01,20211113,6/23/2023 10:25:00 AM,,No,N,N,SALISBURY,UNK,Other Vehicle,1,Not Applicable,0,2701,MU,,0.46,South,S,TILGHMAN RD,50,Feet,F,N,3061,MU,,WOODBROOKE DR,38.3646,-75.54782,20211113,11/13/2021 12:00:00 AM,,-75.5478192861311,38.3645975561324
283,2021,Q4,,6.02,Wicomico,22,,133,Non Intersection,1,Single Vehicle,17,Wet,1,1,Not Applicable,0,"Two-way, Not Divided",1,Other Pole,10,DE4161007C,Property Damage Crash,,6.01,20211208,6/23/2023 4:48:00 PM,,No,N,N,SALISBURY,UNK,Other,88,Not Applicable,0,1640,MU,,0.66,East,E,W MAIN ST,50,Feet,F,W,1430,MU,,LAKE ST,38.35379,-75.58911,20211208,12/8/2021 12:00:00 AM,,-75.589111421355,38.3537856609795
284,2021,Q4,Daylight,1,Wicomico,22,,133,Intersection,2,Same Movement Angle,11,Dry,2,1,No Defects,1,"Two-way, Not Divided",1,Not Applicable,0,DE41020064,Property Damage Crash,,6.01,20211120,6/23/2023 1:35:00 PM,,Yes,Y,N,SALISBURY,UNK,Other Vehicle,1,Not Applicable,0,520,MU,,0.47,West,W,E CHURCH ST,0,Feet,F,W,2720,MU,,TRUITT ST,38.37231,-75.58439,20211120,11/20/2021 12:00:00 AM,,-75.5843860226968,38.3723132311707
285,2021,Q4,Daylight,1,Wicomico,22,,133,Intersection,2,Same Direction Rear End,3,Dry,2,1,Not Applicable,0,"Two-way, Not Divided",1,Not Applicable,0,DE41680012,Property Damage Crash,,7.01,20211013,6/23/2023 1:40:00 PM,,No,N,N,SALISBURY,UNK,Other Vehicle,1,Not Applicable,0,2510,MU,,0.28,North,N,S SARATOGA ST,0,Feet,F,N,346,MD,,E MAIN ST,38.37148,-75.57825,20211013,10/13/2021 12:00:00 AM,,-75.5782575026815,38.3714811622259
286,2021,Q4,Daylight,1,Wicomico,22,,133,,9.04,Same Movement Angle,11,Dry,2,1,No Defects,1,"Two-way, Not Divided",1,Not Applicable,0,DE117000BC,Property Damage Crash,,6.01,20211118,6/23/2023 12:05:00 PM,,No,N,N,SALISBURY,UNK,Other Vehicle,1,Not Applicable,0,12,MD,,6.8,North,N,SNOW HILL RD,30,Feet,F,S,2540,MU,,SHEFFIELD AVE,38.35963,-75.58928,20211118,11/18/2021 12:00:00 AM,,-75.5892809345675,38.3596273746037
287,2021,Q4,Daylight,1,Wicomico,22,,133,Intersection,2,Same Movement Angle,11,Dry,2,2,No Defects,1,"Two-way, Divided, Positive Median Barrier",4,Not Applicable,0,DE413900BJ,Property Damage Crash,,6.01,20211017,6/23/2023 10:26:00 AM,,Yes,Y,N,SALISBURY,UNK,Other Vehicle,1,Not Applicable,0,50,US,BU,2.781,East,E,W SALISBURY PKWY,0,Feet,F,E,760,MU,,DELAWARE AVE,38.36769,-75.61021,20211017,10/17/2021 12:00:00 AM,,-75.6102178892442,38.3676956720177
288,2021,Q4,Daylight,1,Wicomico,22,,133,Non Intersection,1,Other,88,Dry,2,3,No Defects,1,"Two-way, Divided, Positive Median Barrier",4,Not Applicable,0,DE2145001B,Injury Crash,,6.01,20211223,6/23/2023 3:51:00 PM,,No,N,N,SALISBURY,UNK,Other Vehicle,1,Other Vehicle,1,465,MU,,0.12,North,N,CENTRE RD,50,Feet,F,N,13,US,,N SALISBURY BLVD,38.40263,-75.5692,20211223,12/23/2021 12:00:00 AM,,-75.5691989977355,38.4026300293525
289,2021,Q4,Dark Lights On,3,Wicomico,22,,133,Intersection,2,Same Direction Rear End,3,Dry,2,5,No Defects,1,"Two-way, Divided, Positive Median Barrier",4,Not Applicable,0,DE21760026,Injury Crash,,6.01,20211217,6/23/2023 5:13:00 PM,,Yes,Y,N,SALISBURY,UNK,Other Vehicle,1,Not Applicable,0,465,MU,,0.12,North,N,CENTRE RD,0,Feet,F,N,13,US,,N SALISBURY BLVD,38.40246,-75.56934,20211217,12/17/2021 12:00:00 AM,,-75.5693457904758,38.402460485563
290,2021,Q4,Dark Lights On,3,Wicomico,22,,133,Intersection,2,Same Direction Rear End,3,Dry,2,1,No Defects,1,"Two-way, Divided, Positive Median Barrier",4,Not Applicable,0,DE4113004B,Injury Crash,,6.01,20211113,6/23/2023 6:50:00 PM,,Yes,Y,N,SALISBURY,UNK,Other Vehicle,1,Other Vehicle,1,50,US,BU,5.864,East,E,E SALISBURY PKWY,0,Feet,F,E,774,CO,,PHILLIP MORRIS DR,38.36555,-75.55582,20211113,11/13/2021 12:00:00 AM,,-75.5558231102483,38.3655465639229
291,2021,Q4,Daylight,1,Wicomico,22,,133,Intersection,2,Same Direction Rear End,3,Dry,2,3,No Defects,1,"Two-way, Not Divided",1,Not Applicable,0,DE2172008K,Injury Crash,,6.01,20211017,6/23/2023 8:48:00 AM,,Yes,Y,N,SALISBURY,UNK,Other Vehicle,1,Not Applicable,0,50,US,BU,3.166,East,E,W SALISBURY PKWY,0,Feet,F,E,1780,MU,,MILL ST,38.36612,-75.60321,20211017,10/17/2021 12:00:00 AM,,-75.6032089140601,38.3661159480926
292,2021,Q4,Daylight,1,Wicomico,22,,133,Intersection,2,Same Direction Rear End,3,Dry,2,3,No Defects,1,"Two-way, Divided, Positive Median Barrier",4,Not Applicable,0,DE1143000V,Property Damage Crash,,7.01,20211013,6/23/2023 1:16:00 PM,,Yes,Y,N,SALISBURY,UNK,Other Vehicle,1,Not Applicable,0,50,US,BU,3.166,East,E,W SALISBURY PKWY,0,Feet,F,E,1780,MU,,MILL ST,38.36601,-75.60326,20211013,10/13/2021 12:00:00 AM,,-75.6032665722944,38.3660123416963
293,2021,Q4,Dark Lights On,3,Wicomico,22,,133,Not Applicable,0,Same Direction Rear End,3,Dry,2,1,No Defects,1,"Two-way, Divided, Positive Median Barrier",4,Not Applicable,0,DE117000BJ,Property Damage Crash,,7.01,20211215,6/23/2023 5:05:00 PM,,No,N,N,SALISBURY,UNK,Other Vehicle,1,Not Applicable,0,13,US,BU,6.46,North,N,N SALISBURY BLVD,25,Feet,F,N,250,MU,,BRIDGEVIEW ST,38.37889,-75.59009,20211215,12/15/2021 12:00:00 AM,,-75.5900902038998,38.3788922233974
294,2021,Q4,Dark Lights On,3,Wicomico,22,,133,,88,Same Direction Rear End,3,Dry,2,1,No Defects,1,"Two-way, Not Divided",1,Curb,4,DE51560011,Property Damage Crash,,6.01,20211110,6/23/2023 11:46:00 PM,,No,N,N,SALISBURY,UNK,Parked Vehicle,2,Fixed Object,9,800,MU,,0,South,S,DOVER ST,0.5,Miles,M,N,13,US,BU,N SALISBURY BLVD,38.38027,-75.58498,20211110,11/10/2021 12:00:00 AM,,-75.5849870836869,38.3802676348435
295,2021,Q4,Dark Lights On,3,Wicomico,22,,133,Non Intersection,1,Same Direction Rear End,3,Dry,2,2,No Defects,1,"Two-way, Not Divided",1,Not Applicable,0,DE2158007F,Property Damage Crash,,6.01,20211030,6/23/2023 7:31:00 PM,,No,N,N,SALISBURY,UNK,Other Vehicle,1,Other Vehicle,1,13,US,BU,5.27,North,N,S SALISBURY BLVD,150,Feet,F,S,415,MU,,E CARROLL ST,38.36436,-75.59571,20211030,10/30/2021 12:00:00 AM,,-75.5957100637684,38.3643611540441
296,2021,Q4,Dark Lights On,3,Wicomico,22,,133,Non Intersection,1,Single Vehicle,17,Dry,2,1,No Defects,1,"Two-way, Not Divided",1,Fence,7,DE21310027,Injury Crash,,6.01,20211010,6/23/2023 6:38:00 AM,,No,N,N,SALISBURY,UNK,Fixed Object,9,Fixed Object,9,830,MU,,0,North,N,EDGEMORE AVE,1,Feet,F,S,13,US,BU,N SALISBURY BLVD,38.38245,-75.58723,20211010,10/10/2021 12:00:00 AM,,-75.5872311080292,38.3824502579731
297,2021,Q4,Dark Lights On,3,Wicomico,22,,133,Intersection,2,Single Vehicle,17,Dry,2,0,No Defects,1,"Two-way, Divided, Positive Median Barrier",4,Sign Support Pole,9,DE21860078,Property Damage Crash,,6.01,20211003,6/23/2023 8:38:00 PM,,Yes,Y,N,SALISBURY,UNK,Fixed Object,9,Not Applicable,0,2720,MU,,0.91,South,S,TRUITT ST,0,Feet,F,S,50,US,BU,E SALISBURY PKWY,38.36884,-75.58322,20211003,10/3/2021 12:00:00 AM,,-75.5832197279081,38.3688446530583
298,2021,Q4,Dark Lights On,3,Wicomico,22,,133,Non Intersection,1,Same Movement Angle,11,Dry,2,1,No Defects,1,"Two-way, Not Divided",1,Not Applicable,0,DE117000B7,Injury Crash,,6.01,20211021,6/23/2023 7:05:00 AM,,No,N,N,SALISBURY,UNK,Other Vehicle,1,Not Applicable,0,346,MD,,0.24,East,E,E MAIN ST,0,Feet,F,E,2510,MU,,S SARATOGA ST,38.37195,-75.5777,20211021,10/21/2021 12:00:00 AM,,-75.577696365295,38.371953130033
299,2021,Q4,Daylight,1,Wicomico,22,,133,Non Intersection,1,Single Vehicle,17,Dry,2,1,No Defects,1,"Two-way, Divided, Positive Median Barrier",4,Guardrail or Barrier,5,MSP6883002B,Property Damage Crash,,6.01,20211002,6/23/2023 9:50:00 AM,,No,N,N,MSP,UNK,Off Road,16,Fixed Object,9,50,US,,13.186,East,E,SALISBURY BYPASS,500,Feet,F,W,50,US,UA,NAYLOR MILL RD,38.40103,-75.62759,20211002,10/2/2021 12:00:00 AM,,-75.6275833330044,38.4010283331911
300,2021,Q4,Dark No Lights,4,Wicomico,22,,133,Not Applicable,0,Single Vehicle,17,Dry,2,1,No Defects,1,"Two-way, Divided, Positive Median Barrier",4,Not Applicable,0,MSP60750061,Property Damage Crash,Not Applicable,0,20211205,6/23/2023 11:00:00 PM,,No,N,N,MSP,UNK,Not Applicable,0,Not Applicable,0,13,US,,8.74,North,N,SALISBURY BYPASS,0.5,Miles,M,N,0,UU,,EXIT #35,38.39193,-75.54739,20211205,12/5/2021 12:00:00 AM,,-75.5473850997425,38.3919349003754
301,2021,Q4,Daylight,1,Wicomico,22,,133,,8.04,Other,88,Wet,1,1,No Defects,1,One-way Trafficway,2,Not Applicable,0,DE2172008X,Injury Crash,,7.01,20211211,6/23/2023 2:15:00 PM,,No,N,N,SALISBURY,UNK,Bicycle,4,Not Applicable,0,1990,MU,,0.1,East,E,OHIO AVE,200,Feet,F,E,2570,MU,,SMITH ST,38.35813,-75.60259,20211211,12/11/2021 12:00:00 AM,,-75.6025913352219,38.3581324648414
302,2021,Q4,Daylight,1,Wicomico,22,,133,Intersection Related,3,Same Direction Rear End,3,Dry,2,0,No Defects,1,"Two-way, Not Divided",1,Not Applicable,0,DE7191006F,Property Damage Crash,,6.01,20211123,6/23/2023 12:56:00 PM,,Yes,Y,N,SALISBURY,UNK,Other Vehicle,1,Not Applicable,0,828,MU,,1.06,North,N,EASTERN SHORE DR,25,Feet,F,S,415,MU,,E CARROLL ST,38.36279,-75.59496,20211123,11/23/2021 12:00:00 AM,,-75.5949556108127,38.362790480896
303,2021,Q4,Dark Lights On,3,Wicomico,22,,133,Non Intersection,1,Head On Left Turn,2,Wet,1,1,No Defects,1,"Two-way, Not Divided",1,Not Applicable,0,DE61870024,Property Damage Crash,,7.01,20211029,6/23/2023 6:59:00 PM,,No,N,N,SALISBURY,UNK,Other Vehicle,1,Not Applicable,0,13,US,BU,6.25,North,N,N SALISBURY BLVD,20,Feet,F,N,1900,MU,,NAYLOR ST,38.37653,-75.59151,20211029,10/29/2021 12:00:00 AM,,-75.5915129754434,38.3765290029112
304,2021,Q4,Daylight,1,Wicomico,22,,133,Not Applicable,0,Angle Meets Left Turn,13,Wet,1,2,Not Applicable,0,,5.01,Not Applicable,0,DE61330029,Injury Crash,,6.01,20211029,6/23/2023 4:30:00 PM,,No,N,N,SALISBURY,UNK,Other Vehicle,1,Not Applicable,0,13,US,BU,6.31,North,N,N SALISBURY BLVD,30,Feet,F,N,2730,MU,,E UNION AVE,38.37705,-75.59127,20211029,10/29/2021 12:00:00 AM,,-75.5912686305428,38.3770504190417
305,2021,Q4,Dark Lights On,3,Wicomico,22,,133,Intersection,2,Single Vehicle,17,Dry,2,0,No Defects,1,"Two-way, Divided, Positive Median Barrier",4,Tree Shrubbery,11,DE4161007G,Injury Crash,,6.01,20211220,6/23/2023 2:28:00 AM,,No,N,N,SALISBURY,UNK,Off Road,16,Fixed Object,9,50,US,BU,6.298,East,E,E SALISBURY PKWY,0,Feet,F,E,0,UU,,SPUR TO TILGHMAN RD,38.35379,-75.58911,20211220,12/20/2021 12:00:00 AM,,-75.589111421355,38.3537856609795
306,2021,Q4,Dark Lights On,3,Wicomico,22,,133,Not Applicable,0,Single Vehicle,17,Dry,2,1,No Defects,1,One-way Trafficway,2,Not Applicable,0,MSP6843006N,Property Damage Crash,,6.01,20211107,6/23/2023 6:00:00 PM,,No,N,N,MSP,UNK,Animal,8,Not Applicable,0,50,US,,13.186,East,E,SALISBURY BYPASS,0,Feet,F,E,50,US,UA,NAYLOR MILL RD,38.40188,-75.62034,20211107,11/7/2021 12:00:00 AM,,-75.620339999891,38.401880000162
307,2021,Q4,,6.02,Wicomico,22,,133,Non Intersection,1,Same Direction Left Turn,9,Dry,2,1,No Defects,1,"Two-way, Not Divided",1,Not Applicable,0,DE2172008N,Property Damage Crash,,6.01,20211109,6/23/2023 5:27:00 PM,,No,N,N,SALISBURY,UNK,Other Vehicle,1,Not Applicable,0,410,MU,,0.3,East,E,W CARROLL ST,100,Feet,F,E,771,MU,,S DIVISION ST,38.36306,-75.59972,20211109,11/9/2021 12:00:00 AM,,-75.5997135685263,38.3630654989736
308,2021,Q4,Daylight,1,Wicomico,22,,133,Not Applicable,0,Single Vehicle,17,Dry,2,1,No Defects,1,"Two-way, Divided, Positive Median Barrier",4,Not Applicable,0,MSP7057003Y,Property Damage Crash,Not Applicable,0,20211111,6/23/2023 8:15:00 AM,,Yes,Y,Y,MSP,UNK,Other Object,10,Not Applicable,0,50,US,BU,5.864,East,E,E SALISBURY PKWY,25,Feet,F,W,774,CO,,PHILLIP MORRIS DR,38.36555,-75.55561,20211111,11/11/2021 12:00:00 AM,,-75.5556140178726,38.365548723195