OBJECTID,year,quarter,light_desc,light_code,county_des,county_no,muni_desc,muni_code,junction_d,junction_c,collision_,collisio_2,surf_cond_,surf_con_2,lane_code,rd_cond_de,rd_cond_co,rd_div_des,rd_div_cod,fix_obj_de,fix_obj_co,report_no,report_typ,weather_de,weather_co,acc_date,acc_time,loc_code,signal_fla,signal_f_2,c_m_zone_f,agency_cod,area_code,harm_event,harm_eve_2,harm_eve_3,harm_eve_4,rte_no,route_type,rte_suffix,log_mile,logmile_di,logmile__2,mainroad_n,distance,feet_miles,feet_mil_2,distance_d,reference_,referenc_2,referenc_3,referenc_4,latitude,longitude,crashdate,date,Field1,x,y
360,2021,Q4,,5.02,Wicomico,22,,133,Intersection,2,Same Movement Angle,11,Dry,2,2,No Defects,1,"Two-way, Divided, Positive Median Barrier",4,Curb,4,DE2172008Y,Property Damage Crash,,7.01,20211221,6/23/2023 6:14:00 AM,,Yes,Y,N,SALISBURY,UNK,Other Vehicle,1,Fixed Object,9,50,US,BU,3.074,East,E,W SALISBURY PKWY,0,Feet,F,E,1430,MU,,LAKE ST,38.36633,-75.605,20211221,12/21/2021 12:00:00 AM,,-75.6050061210356,38.3663294039789
361,2021,Q4,Daylight,1,Wicomico,22,,133,,9.04,Head On Left Turn,2,Dry,2,1,No Defects,1,"Two-way, Not Divided",1,Not Applicable,0,DE117000BG,Injury Crash,,6.01,20211215,6/23/2023 7:46:00 AM,,No,N,N,SALISBURY,UNK,Other Vehicle,1,Not Applicable,0,1590,MU,,0.12,South,S,LONG AVE,100,Feet,F,S,2080,MU,,PARKWAY AVE,38.36528,-75.58214,20211215,12/15/2021 12:00:00 AM,,-75.5821384064623,38.3652763419297
362,2021,Q4,Dark Lights On,3,Wicomico,22,,133,Non Intersection,1,Single Vehicle,17,Dry,2,3,No Defects,1,"Two-way, Divided, Positive Median Barrier",4,Curb,4,DE7191006B,Property Damage Crash,,6.01,20211112,6/23/2023 11:20:00 PM,,No,N,N,SALISBURY,UNK,Fixed Object,9,Other Object,10,50,US,BU,3.166,East,E,W SALISBURY PKWY,180,Feet,F,E,1780,MU,,MILL ST,38.36597,-75.60254,20211112,11/12/2021 12:00:00 AM,,-75.6025379208883,38.3659701131303
363,2021,Q4,Daylight,1,Wicomico,22,,133,Intersection Related,3,Head On Left Turn,2,Not Applicable,0,2,No Defects,1,"Two-way, Divided, Positive Median Barrier",4,Not Applicable,0,DE5156000X,Property Damage Crash,,6.01,20211027,6/23/2023 11:17:00 AM,,Yes,Y,N,SALISBURY,UNK,Other Vehicle,1,Not Applicable,0,2910,MU,,0.5,North,N,WAVERLY DR,0,Feet,F,N,1560,MU,,LOCUST TERRACE,38.3611,-75.60142,20211027,10/27/2021 12:00:00 AM,,-75.6014196292125,38.3611043347973
364,2021,Q4,Unknown,99,Wicomico,22,,133,Non Intersection,1,Single Vehicle,17,Not Applicable,0,1,No Defects,1,"Two-way, Not Divided",1,Sign Support Pole,9,DE5156000W,Property Damage Crash,Not Applicable,0,20211027,6/23/2023 8:18:00 AM,,No,N,N,SALISBURY,UNK,Fixed Object,9,Not Applicable,0,1330,MU,,0.83,East,E,W ISABELLA ST,100,Feet,F,W,2030,MU,,PARK AVE,38.37145,-75.59951,20211027,10/27/2021 12:00:00 AM,,-75.5995114593863,38.3714503550499
365,2021,Q4,Daylight,1,Wicomico,22,,133,Intersection,2,Same Direction Sideswipe,7,Dry,2,1,No Defects,1,"Two-way, Not Divided",1,Not Applicable,0,DE1128002B,Property Damage Crash,,6.01,20211212,6/23/2023 12:52:00 PM,8270,Yes,Y,N,SALISBURY,UNK,Other Vehicle,1,Not Applicable,0,775,MU,,0.43,North,N,N DIVISION ST,0,Feet,F,N,1331,MU,,E ISABELLA ST,38.37128,-75.59828,20211212,12/12/2021 12:00:00 AM,,-75.5982807272737,38.3712750843777
366,2021,Q4,Dark Lights On,3,Wicomico,22,,133,Non Intersection,1,Single Vehicle,17,Dry,2,2,No Defects,1,"Two-way, Not Divided",1,Other Pole,10,DE4113004D,Property Damage Crash,,6.01,20211113,6/23/2023 2:14:00 AM,,No,N,N,SALISBURY,UNK,Fixed Object,9,Not Applicable,0,13,US,BU,4.17,North,N,S SALISBURY BLVD,200,Feet,F,N,631,MU,,W COLLEGE AVE,38.34988,-75.60187,20211113,11/13/2021 12:00:00 AM,,-75.601869040224,38.3498810924385
367,2021,Q4,Dark Lights On,3,Wicomico,22,,133,Non Intersection,1,Same Direction Rear End,3,Dry,2,1,No Defects,1,"Two-way, Divided, Unprotected (painted >4 feet) Median",3,,88,HZ01410002,Injury Crash,,6.01,20211006,6/23/2023 7:13:00 PM,,No,N,N,SALISBURYUNIV,UNK,Other Conveyance,6,Other Vehicle,1,2925,MU,,0.26,South,S,WAYNE ST,450,Feet,F,N,2255,MU,,POWER ST,38.3428,-75.60133,20211006,10/6/2021 12:00:00 AM,,-75.6013339696869,38.3428039801196
368,2021,Q4,Daylight,1,Wicomico,22,,133,Non Intersection,1,Single Vehicle,17,Dry,2,1,No Defects,1,Other,88,Sign Support Pole,9,DE2153002P,Property Damage Crash,,6.01,20211109,6/23/2023 11:30:00 AM,,No,N,N,SALISBURY,UNK,Fixed Object,9,Fixed Object,9,370,MU,,0,South,S,CAMDEN AVE,10,Feet,F,N,410,MU,,W CARROLL ST,38.36384,-75.60393,20211109,11/9/2021 12:00:00 AM,,-75.6039264048796,38.3638372243085
369,2021,Q4,Dark Lights On,3,Wicomico,22,,133,Non Intersection,1,Single Vehicle,17,Dry,2,2,No Defects,1,"Two-way, Not Divided",1,Other Pole,10,DE2145000W,Property Damage Crash,,6.01,20211014,6/23/2023 11:16:00 PM,,No,N,N,SALISBURY,UNK,Fixed Object,9,Fixed Object,9,2460,MU,,0.25,North,N,ROLAND ST,50,Feet,F,N,13,US,BU,S SALISBURY BLVD,38.35923,-75.59849,20211014,10/14/2021 12:00:00 AM,,-75.5984914618115,38.3592356586988
370,2021,Q4,Daylight,1,Wicomico,22,,133,Intersection Related,3,Same Direction Rear End,3,Dry,2,2,No Defects,1,"Two-way, Divided, Positive Median Barrier",4,Not Applicable,0,DE11810068,Injury Crash,Not Applicable,0,20211005,6/23/2023 6:07:00 PM,,Yes,Y,N,SALISBURY,UNK,Other Vehicle,1,Not Applicable,0,13,US,,12.15,North,N,N SALISBURY BLVD,30,Feet,F,N,465,MU,,CENTRE RD,38.40365,-75.56899,20211005,10/5/2021 12:00:00 AM,,-75.5689961187758,38.4036506114866
371,2021,Q4,Dark Lights On,3,Wicomico,22,,133,Intersection,2,Head On Left Turn,2,Dry,2,0,No Defects,1,,5.01,Not Applicable,0,DE2176001Z,Property Damage Crash,,6.01,20211107,6/23/2023 7:40:00 PM,,Yes,Y,N,SALISBURY,UNK,Other Vehicle,1,Not Applicable,0,13,US,BU,6.97,North,N,N SALISBURY BLVD,0,Feet,F,N,2290,MU,,PRISCILLA ST,38.38403,-75.58332,20211107,11/7/2021 12:00:00 AM,,-75.5833217434037,38.3840287228473
372,2021,Q4,Dark Lights On,3,Wicomico,22,,133,Intersection,2,Same Movement Angle,11,Dry,2,1,No Defects,1,"Two-way, Not Divided",1,Not Applicable,0,DE41680019,Injury Crash,,6.01,20211121,6/23/2023 6:50:00 PM,,Yes,Y,N,SALISBURY,UNK,Other Vehicle,1,Other Vehicle,1,2910,MU,,0.2,North,N,WAVERLY DR,0,Feet,F,N,1210,MU,,HAZEL AVE,38.35674,-75.60205,20211121,11/21/2021 12:00:00 AM,,-75.6020490952895,38.3567337411693
373,2021,Q4,Daylight,1,Wicomico,22,,133,Intersection Related,3,Head On Left Turn,2,Dry,2,1,No Defects,1,"Two-way, Not Divided",1,Not Applicable,0,DE11090034,Injury Crash,,6.01,20211201,6/23/2023 8:54:00 AM,,No,N,N,SALISBURY,UNK,Other Vehicle,1,Not Applicable,0,410,MU,,0.08,East,E,W CARROLL ST,10,Feet,F,W,540,MU,,CIRCLE AVE,38.36319,-75.60297,20211201,12/1/2021 12:00:00 AM,,-75.6029740776915,38.3631869533153
374,2021,Q4,Dark Lights On,3,Wicomico,22,,133,Intersection,2,Other,88,Dry,2,1,No Defects,1,"Two-way, Not Divided",1,Not Applicable,0,DE41610078,Injury Crash,,6.01,20211203,6/23/2023 5:23:00 PM,,No,N,N,SALISBURY,UNK,Bicycle,4,Not Applicable,0,2910,MU,,0.14,North,N,WAVERLY DR,0,Feet,F,N,1940,MU,,NORTH BLVD,38.35379,-75.58911,20211203,12/3/2021 12:00:00 AM,,-75.589111421355,38.3537856609795
375,2021,Q4,Dark Lights On,3,Wicomico,22,,133,Non Intersection,1,Single Vehicle,17,Dry,2,1,No Defects,1,One-way Trafficway,2,Light Support Pole,8,DE41610074,Property Damage Crash,,6.01,20211121,6/23/2023 12:09:00 AM,,No,N,N,SALISBURY,UNK,Not Applicable,0,Not Applicable,0,1920,MU,,0,East,E,NEWTON ST,50,Feet,F,E,370,MU,,CAMDEN AVE,38.35379,-75.58911,20211121,11/21/2021 12:00:00 AM,,-75.589111421355,38.3537856609795
376,2021,Q4,Dark No Lights,4,Wicomico,22,,133,Not Applicable,0,Single Vehicle,17,Dry,2,2,No Defects,1,"Two-way, Divided, Positive Median Barrier",4,Not Applicable,0,MSP7218003W,Property Damage Crash,,6.01,20211110,6/23/2023 7:15:00 PM,,No,N,N,MSP,UNK,Animal,8,Not Applicable,0,50,US,,13.186,East,E,SALISBURY BYPASS,10,Feet,F,E,50,US,UA,NAYLOR MILL RD,38.40348,-75.61114,20211110,11/10/2021 12:00:00 AM,,-75.6111343496705,38.4034808833362
377,2021,Q4,Dark Lights On,3,Wicomico,22,,133,Intersection,2,Other,88,Wet,1,0,No Defects,1,"Two-way, Not Divided",1,Not Applicable,0,DE5150006M,Property Damage Crash,Raining,3,20211102,6/23/2023 4:00:00 PM,22,Yes,Y,N,SALISBURY,UNK,Other Vehicle,1,Not Applicable,0,13,US,BU,5.51,North,N,N SALISBURY BLVD,0,Feet,F,N,360,MU,,CALVERT ST,38.36636,-75.59538,20211102,11/2/2021 12:00:00 AM,,-75.5953831386209,38.3663600052101
378,2021,Q4,Daylight,1,Wicomico,22,,133,,88,Same Movement Angle,11,Wet,1,0,No Defects,1,"Two-way, Not Divided",1,Not Applicable,0,DE3177006M,Injury Crash,Raining,3,20211005,6/23/2023 5:33:00 PM,,Yes,Y,N,SALISBURY,UNK,Other Vehicle,1,Other Vehicle,1,13,US,BU,4.17,North,N,S SALISBURY BLVD,120,Feet,F,N,631,MU,,W COLLEGE AVE,38.34951,-75.60194,20211005,10/5/2021 12:00:00 AM,,-75.6019350954282,38.3495072613511
379,2021,Q4,Daylight,1,Wicomico,22,,133,Intersection,2,Same Direction Left Turn,9,Wet,1,3,No Defects,1,"Two-way, Divided, Positive Median Barrier",4,Not Applicable,0,DE4168001F,Property Damage Crash,Raining,3,20211208,6/23/2023 2:30:00 PM,,Yes,Y,N,SALISBURY,UNK,Other Vehicle,1,Other Vehicle,1,50,US,BU,4.392,East,E,E SALISBURY PKWY,0,Feet,F,E,346,MD,,E MAIN ST,38.36908,-75.58118,20211208,12/8/2021 12:00:00 AM,,-75.5811748035743,38.3690837162405
380,2021,Q4,Dark Lights On,3,Wicomico,22,,133,Intersection Related,3,Same Movement Angle,11,Dry,2,1,No Defects,1,"Two-way, Divided, Positive Median Barrier",4,Not Applicable,0,DE1141002T,Property Damage Crash,,6.01,20211123,6/23/2023 6:00:00 PM,,No,N,N,SALISBURY,UNK,Other Vehicle,1,Not Applicable,0,13,US,BU,6.73,North,N,N SALISBURY BLVD,20,Feet,F,S,1483,MU,,LIBERTY ST #3,38.38161,-75.58663,20211123,11/23/2021 12:00:00 AM,,-75.5866291279319,38.3816164245584
381,2021,Q4,Dark Lights On,3,Wicomico,22,,133,Intersection Related,3,Same Direction Rear End,3,Dry,2,1,No Defects,1,"Two-way, Not Divided",1,Not Applicable,0,DE2153002V,Property Damage Crash,,6.01,20211210,6/23/2023 4:57:00 PM,,No,N,N,SALISBURY,UNK,Other Vehicle,1,Other Vehicle,1,13,US,BU,5.27,North,N,S SALISBURY BLVD,200,Feet,F,N,415,MU,,E CARROLL ST,38.36438,-75.59573,20211210,12/10/2021 12:00:00 AM,,-75.5957262290822,38.3643807053053
382,2021,Q4,Daylight,1,Wicomico,22,,133,Intersection,2,Same Direction Left Turn,9,Dry,2,1,No Defects,1,"Two-way, Not Divided",1,Not Applicable,0,DE11430010,Property Damage Crash,,6.01,20211101,6/23/2023 9:56:00 AM,,Yes,Y,N,SALISBURY,UNK,Other Vehicle,1,Not Applicable,0,828,MU,,1.06,North,N,EASTERN SHORE DR,0,Feet,F,N,415,MU,,E CARROLL ST,38.36289,-75.59475,20211101,11/1/2021 12:00:00 AM,,-75.5947460193133,38.3628901311747
383,2021,Q4,Dark Lights On,3,Wicomico,22,,133,Not Applicable,0,Same Direction Rear End,3,Dry,2,1,No Defects,1,,5.01,Not Applicable,0,DE41610073,Injury Crash,,6.01,20211107,6/23/2023 6:32:00 PM,,No,N,N,SALISBURY,UNK,Other Vehicle,1,Other Vehicle,1,13,US,BU,7.22,North,N,N SALISBURY BLVD,100,Feet,F,S,45,MU,,ARLINGTON RD,38.35379,-75.58911,20211107,11/7/2021 12:00:00 AM,,-75.589111421355,38.3537856609795
384,2021,Q4,Daylight,1,Wicomico,22,,133,Intersection Related,3,Same Movement Angle,11,Wet,1,1,No Defects,1,"Two-way, Not Divided",1,Not Applicable,0,DE41130045,Property Damage Crash,Raining,3,20211029,6/23/2023 5:19:00 PM,,Yes,Y,N,SALISBURY,UNK,Other Vehicle,1,Other Vehicle,1,370,MU,,0.68,South,S,CAMDEN AVE,0,Feet,F,N,2600,MU,,SOUTH BLVD,38.3544,-75.60621,20211029,10/29/2021 12:00:00 AM,,-75.6062111550207,38.3544049737106
385,2021,Q4,Daylight,1,Wicomico,22,,133,Intersection,2,Same Movement Angle,11,Dry,2,1,No Defects,1,"Two-way, Not Divided",1,Not Applicable,0,ZVW2490047,Injury Crash,,7.01,20211102,6/23/2023 1:10:00 PM,,Yes,Y,N,WICOMICO,UNK,Other Vehicle,1,Not Applicable,0,1430,MU,,0.9,North,N,LAKE ST,0,Feet,F,N,420,CO,,JERSEY RD (AHEAD),38.38065,-75.56969,20211102,11/2/2021 12:00:00 AM,,-75.5696945781422,38.3806512775345
386,2021,Q4,Daylight,1,Wicomico,22,,133,Intersection,2,Opposite Direction Both Left Turn,15,Dry,2,3,No Defects,1,"Two-way, Divided, Positive Median Barrier",4,Not Applicable,0,DE3129005D,Property Damage Crash,,6.01,20211214,6/23/2023 1:53:00 PM,,Yes,Y,N,SALISBURY,UNK,Other Vehicle,1,Not Applicable,0,50,US,BU,3.166,East,E,W SALISBURY PKWY,0,Feet,F,E,1780,MU,,MILL ST,38.36579,-75.60357,20211214,12/14/2021 12:00:00 AM,,-75.6035653396686,38.3657884653654
387,2021,Q4,Dark Lights On,3,Wicomico,22,,133,Intersection,2,Single Vehicle,17,Dry,2,3,No Defects,1,"Two-way, Divided, Positive Median Barrier",4,Other Pole,10,DE610600B3,Property Damage Crash,,6.01,20211003,6/23/2023 10:44:00 PM,,Yes,Y,N,SALISBURY,UNK,Fixed Object,9,Fixed Object,9,535,MU,,0.03,North,N,E CHURCH ST,0,Feet,F,N,0,UU,,SPUR TO US 50,38.36704,-75.59873,20211003,10/3/2021 12:00:00 AM,,-75.5987300348632,38.3670381192139
388,2021,Q4,Dark Lights On,3,Wicomico,22,,133,Intersection Related,3,Same Direction Rear End,3,Wet,1,1,No Defects,1,"Two-way, Not Divided",1,Not Applicable,0,MSP59520078,Property Damage Crash,Raining,3,20211025,6/23/2023 6:16:00 PM,,Yes,Y,N,MSP,UNK,Other Vehicle,1,Not Applicable,0,2125,MU,,0.14,West,W,PEMBERTON DR,0,Feet,F,W,2095,MU,,PARSONS RD,38.36723,-75.61848,20211025,10/25/2021 12:00:00 AM,,-75.6184826003916,38.3672304500253
389,2021,Q4,Daylight,1,Wicomico,22,,133,,8.04,Same Direction Sideswipe,7,Dry,2,1,No Defects,1,"Two-way, Not Divided",1,Not Applicable,0,DE41150073,Property Damage Crash,,6.01,20211115,6/23/2023 7:01:00 AM,,No,N,N,SALISBURY,UNK,Other Vehicle,1,Not Applicable,0,2960,MU,,0,South,S,WESTCHESTER ST,100,Feet,F,S,2659,MU,,TALBOT ST,38.38197,-75.58863,20211115,11/15/2021 12:00:00 AM,,-75.5886305673467,38.3819655602625
390,2021,Q4,Daylight,1,Wicomico,22,,133,Intersection,2,Angle Meets Right Turn,12,Dry,2,2,No Defects,1,"Two-way, Divided, Unprotected (painted >4 feet) Median",3,Not Applicable,0,DE6147001P,Property Damage Crash,,6.01,20211004,6/23/2023 2:30:00 PM,,Yes,Y,N,SALISBURY,UNK,Other Vehicle,1,Not Applicable,0,828,MU,,0.87,North,N,EASTERN SHORE DR,0,Feet,F,N,2830,MU,,E VINE ST,38.36029,-75.59551,20211004,10/4/2021 12:00:00 AM,,-75.5955120519396,38.3602877683659
391,2021,Q4,Dark Lights On,3,Wicomico,22,,133,Intersection,2,Same Movement Angle,11,Dry,2,5,No Defects,1,"Two-way, Divided, Positive Median Barrier",4,Not Applicable,0,DE4168001H,Property Damage Crash,,6.01,20211209,6/23/2023 6:00:00 PM,,Yes,Y,N,SALISBURY,UNK,Other Vehicle,1,Other Vehicle,1,50,US,BU,2.518,East,E,W SALISBURY PKWY,0,Feet,F,E,349,MD,,NANTICOKE RD,38.36959,-75.61434,20211209,12/9/2021 12:00:00 AM,,-75.6143403185508,38.3695936741088
392,2021,Q4,Daylight,1,Wicomico,22,,133,Not Applicable,0,Same Direction Rear End,3,Dry,2,1,No Defects,1,"Two-way, Divided, Unprotected (painted >4 feet) Median",3,Not Applicable,0,ZV1287001W,Property Damage Crash,,6.01,20211121,6/23/2023 1:55:00 PM,,No,N,N,WICOMICO,UNK,Other Vehicle,1,Other Vehicle,1,124,MU,,3.74,South,S,BEAGLIN PARK DR,0.25,Miles,M,N,635,MU,,COLLEGE LA,38.34938,-75.57681,20211121,11/21/2021 12:00:00 AM,,-75.576813449581,38.3493834166114
393,2021,Q4,Daylight,1,Wicomico,22,,133,,9.04,Same Movement Angle,11,Wet,1,2,No Defects,1,"Two-way, Not Divided",1,Not Applicable,0,DE11370063,Injury Crash,Raining,3,20211122,6/23/2023 11:12:00 AM,,No,N,N,SALISBURY,UNK,Other Vehicle,1,Not Applicable,0,1897,MU,,0,South,S,E NAYLOR MILL RD,50,Feet,F,N,13,US,,N SALISBURY BLVD,38.40989,-75.56682,20211122,11/22/2021 12:00:00 AM,,-75.5668188457131,38.4098879098992
394,2021,Q4,Daylight,1,Wicomico,22,,133,Intersection,2,Same Direction Rear End,3,Dry,2,2,No Defects,1,"Two-way, Divided, Positive Median Barrier",4,Not Applicable,0,DE4168000Z,Injury Crash,,6.01,20211004,6/23/2023 1:57:00 PM,,Yes,Y,N,SALISBURY,UNK,Other Vehicle,1,Other Vehicle,1,50,US,BU,3.341,East,E,E SALISBURY PKWY,0,Feet,F,E,775,MU,,N DIVISION ST,38.36683,-75.60012,20211004,10/4/2021 12:00:00 AM,,-75.6001221997797,38.3668263351673
395,2021,Q4,Dark Lights On,3,Wicomico,22,,133,Not Applicable,0,Same Direction Rear End,3,Dry,2,3,No Defects,1,"Two-way, Divided, Positive Median Barrier",4,Not Applicable,0,DE311100BC,Injury Crash,,6.01,20211110,6/23/2023 5:33:00 PM,,Yes,Y,N,SALISBURY,UNK,Other Vehicle,1,Not Applicable,0,13,US,,12.65,North,N,N SALISBURY BLVD,50,Feet,F,S,1897,MU,,E NAYLOR MILL RD,38.39349,-75.58291,20211110,11/10/2021 12:00:00 AM,,-75.5829074832937,38.3934886968459
396,2021,Q4,Dark Lights On,3,Wicomico,22,,133,Intersection,2,Angle Meets Right Turn,12,Dry,2,1,No Defects,1,"Two-way, Divided, Positive Median Barrier",4,Not Applicable,0,DE610600BK,Property Damage Crash,,6.01,20211224,6/23/2023 9:03:00 PM,,Yes,Y,N,SALISBURY,UNK,Other Vehicle,1,Not Applicable,0,531,MU,,0,North,N,W CHURCH ST,0,Feet,F,N,110,MU,,BAPTIST ST,38.36701,-75.59874,20211224,12/24/2021 12:00:00 AM,,-75.5987388850914,38.3670093076335
397,2021,Q4,Daylight,1,Wicomico,22,,133,Intersection,2,Single Vehicle,17,Dry,2,4,No Defects,1,"Two-way, Not Divided",1,Curb,4,DE2158007J,Injury Crash,,6.01,20211030,6/23/2023 5:49:00 PM,,Yes,Y,N,SALISBURY,UNK,Fixed Object,9,Overturn,11,13,US,,12.15,North,N,N SALISBURY BLVD,0,Feet,F,N,465,MU,,CENTRE RD,38.4019,-75.56918,20211030,10/30/2021 12:00:00 AM,,-75.5691789932159,38.4018964865337
398,2021,Q4,Daylight,1,Wicomico,22,,133,Intersection,2,Same Movement Angle,11,Dry,2,1,No Defects,1,"Two-way, Not Divided",1,Not Applicable,0,DE41680015,Property Damage Crash,,6.01,20211101,6/23/2023 5:28:00 PM,,Yes,Y,N,SALISBURY,UNK,Other Vehicle,1,Other Vehicle,1,2447,MU,,0.95,North,N,ROBINS AVE,0,Feet,F,N,12,MD,,SNOW HILL RD,38.34397,-75.57999,20211101,11/1/2021 12:00:00 AM,,-75.579997984919,38.3439709215208
399,2021,Q4,Dark Lights On,3,Wicomico,22,,133,Intersection,2,Same Movement Angle,11,Dry,2,1,No Defects,1,"Two-way, Not Divided",1,Not Applicable,0,DE3177006P,Injury Crash,,7.01,20211016,6/23/2023 11:06:00 PM,,Yes,Y,N,SALISBURY,UNK,Other Vehicle,1,Not Applicable,0,2910,MU,,0.2,North,N,WAVERLY DR,0,Feet,F,N,1210,MU,,HAZEL AVE,38.35672,-75.60201,20211016,10/16/2021 12:00:00 AM,,-75.6020127752693,38.3567143535846
400,2021,Q4,Dark Lights On,3,Wicomico,22,,133,Intersection,2,Same Direction Rear End,3,Dry,2,1,No Defects,1,"Two-way, Not Divided",1,Not Applicable,0,DE11430016,Injury Crash,,6.01,20211121,6/23/2023 8:00:00 PM,,Yes,Y,N,SALISBURY,UNK,Other Vehicle,1,Not Applicable,0,5,MU,,0,North,N,ADAMS AVE,0,Feet,F,N,630,MU,,E COLLEGE AVE,38.34794,-75.58987,20211121,11/21/2021 12:00:00 AM,,-75.5898640226065,38.3479421100404
401,2021,Q4,Daylight,1,Wicomico,22,,133,Intersection,2,Same Movement Angle,11,Dry,2,0,No Defects,1,"Two-way, Not Divided",1,Not Applicable,0,DE11430011,Property Damage Crash,,6.01,20211101,6/23/2023 2:08:00 PM,,Yes,Y,N,SALISBURY,UNK,Other Vehicle,1,Not Applicable,0,631,MU,,0.23,West,W,W COLLEGE AVE,0,Feet,F,W,13,US,BU,S SALISBURY BLVD,38.34861,-75.60189,20211101,11/1/2021 12:00:00 AM,,-75.6018891265819,38.3486124197274
402,2020,Q4,,6.02,Wicomico,22,,133,Non Intersection,1,Single Vehicle,17,Wet,1,1,No Defects,1,"Two-way, Not Divided",1,Other Pole,10,DE2153000Y,Injury Crash,Raining,3,20201016,6/23/2023 6:05:00 PM,,No,N,N,SALISBURY,UNK,Fixed Object,9,Not Applicable,0,823,MU,,0.27,East,E,DYKES RD,100,Feet,F,W,105,MU,,BANTRY LA,38.33685,-75.59519,20201016,10/16/2020 12:00:00 AM,,-75.5951891386678,38.3368504573828
403,2022,Q4,Daylight,1,Wicomico,22,,133,Intersection,2,Same Direction Both Left Turn,10,Dry,2,0,No Defects,1,"Two-way, Not Divided",1,Not Applicable,0,DE4161008Y,Property Damage Crash,Other,88,20221202,6/23/2023 10:54:00 AM,,Yes,Y,N,SALISBURY,UNK,Other Vehicle,1,Not Applicable,0,631,MU,,0.23,West,W,W COLLEGE AVE,0,Feet,F,W,13,US,BU,S SALISBURY BLVD,38.35379,-75.58911,20221202,12/2/2022 12:00:00 AM,,-75.589111421355,38.3537856609795
404,2020,Q2,Daylight,1,Wicomico,22,,133,Intersection,2,Same Movement Angle,11,Wet,1,2,No Defects,1,,5.01,Not Applicable,0,DE51630039,Property Damage Crash,Raining,3,20200611,6/23/2023 4:49:00 PM,,Yes,Y,N,SALISBURY,UNK,Other Vehicle,1,Not Applicable,0,828,MU,,0.07,North,N,EASTERN SHORE DR,0,Feet,F,N,420,MU,,CARROLTON AVE,38.363,-75.59584,20200611,6/11/2020 12:00:00 AM,,-75.595842889138,38.3630016192294
405,2020,Q2,Daylight,1,Wicomico,22,,133,Non Intersection,1,Same Direction Rear End,3,Dry,2,2,No Defects,1,"Two-way, Not Divided",1,Not Applicable,0,DE4156001B,Property Damage Crash,,6.01,20200623,6/23/2023 11:12:00 AM,,No,N,N,SALISBURY,UNK,Other Vehicle,1,Other Vehicle,1,13,US,BU,4.73,North,N,S SALISBURY BLVD,5,Feet,F,S,1210,MU,,HAZEL AVE,38.36087,-75.59708,20200623,6/23/2020 12:00:00 AM,,-75.5970830002802,38.3608720003426
406,2020,Q2,Daylight,1,Wicomico,22,,133,Intersection,2,Same Direction Rear End,3,Dry,2,2,No Defects,1,"Two-way, Not Divided",1,Not Applicable,0,DE21930046,Injury Crash,,6.01,20200523,6/23/2023 3:15:00 PM,,Yes,Y,N,SALISBURY,UNK,Other Vehicle,1,Not Applicable,0,13,US,BU,4.82,North,N,S SALISBURY BLVD,0,Feet,F,N,1990,MU,,OHIO AVE,38.35775,-75.59985,20200523,5/23/2020 12:00:00 AM,,-75.5998566794422,38.3577505659359
407,2020,Q2,Daylight,1,Wicomico,22,,133,Non Intersection,1,Same Direction Left Turn,9,Wet,1,1,No Defects,1,"Two-way, Not Divided",1,Not Applicable,0,DE1137004J,Property Damage Crash,Raining,3,20200413,6/23/2023 9:37:00 AM,,No,N,N,SALISBURY,UNK,Other Vehicle,1,Not Applicable,0,13,US,BU,4.17,North,N,S SALISBURY BLVD,50,Feet,F,N,631,MU,,W COLLEGE AVE,38.36709,-75.59112,20200413,4/13/2020 12:00:00 AM,,-75.5911206111273,38.3670903779187
408,2020,Q2,Daylight,1,Wicomico,22,,133,Non Intersection,1,Other,88,Dry,2,1,No Defects,1,"Two-way, Not Divided",1,Not Applicable,0,DE01180006,Property Damage Crash,,6.01,20200629,6/23/2023 7:39:00 PM,,No,N,N,SALISBURY,UNK,Parked Vehicle,2,Not Applicable,0,1910,MU,,0.24,East,E,NEW YORK AVE,200,Feet,F,W,1770,MU,,MILES ST,38.35255,-75.57048,20200629,6/29/2020 12:00:00 AM,,-75.5704818896274,38.3525528118628
409,2020,Q2,Daylight,1,Wicomico,22,,133,Intersection,2,Same Movement Angle,11,Dry,2,1,No Defects,1,"Two-way, Not Divided",1,Other Pole,10,DE2166004B,Injury Crash,,6.01,20200516,6/23/2023 11:48:00 AM,,Yes,Y,N,SALISBURY,UNK,Other Vehicle,1,Fixed Object,9,1331,MU,,0.67,East,E,E ISABELLA ST,0,Feet,F,E,1900,MU,,NAYLOR ST,38.36969,-75.58699,20200516,5/16/2020 12:00:00 AM,,-75.5869891697144,38.369688025582
410,2020,Q2,Daylight,1,Wicomico,22,,133,Intersection Related,3,Same Direction Rear End,3,Dry,2,1,No Defects,1,"Two-way, Divided, Positive Median Barrier",4,Not Applicable,0,DE6197000R,Injury Crash,,6.01,20200620,6/23/2023 8:30:00 AM,22,No,N,N,SALISBURY,UNK,Other Vehicle,1,Other Vehicle,1,50,US,BU,2.518,East,E,W SALISBURY PKWY,250,Feet,F,W,349,MD,,NANTICOKE RD,38.35585,-75.60213,20200620,6/20/2020 12:00:00 AM,,-75.602129284239,38.3558555990567