OBJECTID,year,quarter,light_desc,light_code,county_des,county_no,muni_desc,muni_code,junction_d,junction_c,collision_,collisio_2,surf_cond_,surf_con_2,lane_code,rd_cond_de,rd_cond_co,rd_div_des,rd_div_cod,fix_obj_de,fix_obj_co,report_no,report_typ,weather_de,weather_co,acc_date,acc_time,loc_code,signal_fla,signal_f_2,c_m_zone_f,agency_cod,area_code,harm_event,harm_eve_2,harm_eve_3,harm_eve_4,rte_no,route_type,rte_suffix,log_mile,logmile_di,logmile__2,mainroad_n,distance,feet_miles,feet_mil_2,distance_d,reference_,referenc_2,referenc_3,referenc_4,latitude,longitude,crashdate,date,Field1,x,y
411,2020,Q2,Daylight,1,Wicomico,22,,133,Not Applicable,0,Opposite Direction Sideswipe,6,Dry,2,1,No Defects,1,"Two-way, Not Divided",1,Not Applicable,0,DE6133000M,Injury Crash,,6.01,20200428,6/23/2023 7:10:00 AM,,No,N,N,SALISBURY,UNK,Other Vehicle,1,Not Applicable,0,13,US,BU,5.06,North,N,S SALISBURY BLVD,0,Feet,F,N,768,MU,,S DIVISION ST,38.35965,-75.59762,20200428,4/28/2020 12:00:00 AM,,-75.5976151363295,38.3596446505802
412,2020,Q2,Daylight,1,Wicomico,22,,133,Intersection,2,Head On Left Turn,2,Dry,2,2,No Defects,1,"Two-way, Divided, Unprotected (painted >4 feet) Median",3,Not Applicable,0,DE1136000F,Property Damage Crash,,6.01,20200616,6/23/2023 5:08:00 PM,,Yes,Y,N,SALISBURY,UNK,Other Vehicle,1,Not Applicable,0,13,US,BU,5.77,North,N,N SALISBURY BLVD,0,Feet,F,N,1331,MU,,E ISABELLA ST,38.37018,-75.52281,20200616,6/16/2020 12:00:00 AM,,-75.5228128110624,38.3701817003252
413,2020,Q2,,5.02,Wicomico,22,,133,Not Applicable,0,Other,88,Dry,2,1,No Defects,1,"Two-way, Divided, Positive Median Barrier",4,Not Applicable,0,MSP7199000S,Property Damage Crash,,6.01,20200622,6/23/2023 11:49:00 PM,,No,N,N,MSP,UNK,Animal,8,Not Applicable,0,13,US,,8.48,North,N,SALISBURY BYPASS,70,Feet,F,N,0,UU,,MILE MARKER 35.0,38.36336,-75.53806,20200622,6/22/2020 12:00:00 AM,,-75.5380549662636,38.3633628337278
414,2020,Q2,Daylight,1,Wicomico,22,,133,Non Intersection,1,Head On,1,Dry,2,1,No Defects,1,"Two-way, Not Divided",1,Not Applicable,0,DE4192000F,Injury Crash,,6.01,20200601,6/23/2023 1:21:00 PM,,No,N,N,SALISBURY,UNK,Other Vehicle,1,Not Applicable,0,2041,MU,,0.33,West,W,S PARK DR,100,Feet,F,W,140,MU,,BEAVERDAM DR,38.36163,-75.58596,20200601,6/1/2020 12:00:00 AM,,-75.5859585277638,38.361632842082
415,2020,Q2,Dark No Lights,4,Wicomico,22,,133,Intersection,2,Other,88,Dry,2,1,No Defects,1,"Two-way, Not Divided",1,Fence,7,DE31770057,Property Damage Crash,,7.01,20200415,6/23/2023 10:08:00 PM,,No,N,N,SALISBURY,UNK,Fixed Object,9,Not Applicable,0,960,MU,,0.09,East,E,FITZWATER ST,0,Feet,F,E,760,MU,,DELAWARE AVE,38.36382,-75.61239,20200415,4/15/2020 12:00:00 AM,,-75.6123863759304,38.3638161424011
416,2020,Q2,Daylight,1,Wicomico,22,,133,Non Intersection,1,Same Movement Angle,11,Dry,2,1,No Defects,1,"Two-way, Not Divided",1,Not Applicable,0,MSP5274001S,Property Damage Crash,,6.01,20200507,6/23/2023 2:01:00 PM,,No,N,N,MSP,UNK,Other Vehicle,1,Not Applicable,0,1217,MU,,0.17,West,W,HERON CT,100,Feet,F,E,835,MU,,EDGEWATER DR,38.35492,-75.56622,20200507,5/7/2020 12:00:00 AM,,-75.566215333171,38.3549230164841
417,2020,Q2,Daylight,1,Wicomico,22,,133,Not Applicable,0,Same Direction Rear End,3,Dry,2,1,No Defects,1,"Two-way, Not Divided",1,Not Applicable,0,DE5144007D,Injury Crash,,7.01,20200412,6/23/2023 4:20:00 PM,,Yes,Y,N,SALISBURY,UNK,Other Vehicle,1,Not Applicable,0,13,US,BU,4.17,North,N,S SALISBURY BLVD,30,Feet,F,S,631,MU,,W COLLEGE AVE,38.34869,-75.60213,20200412,4/12/2020 12:00:00 AM,,-75.6021251635454,38.348695373193
418,2020,Q2,Daylight,1,Wicomico,22,,133,Intersection,2,Single Vehicle,17,Dry,2,0,No Defects,1,"Two-way, Not Divided",1,Curb,4,DE1151004S,Property Damage Crash,,6.01,20200525,6/23/2023 1:14:00 PM,,Yes,Y,N,SALISBURY,UNK,Off Road,16,Not Applicable,0,416,CO,,0,West,W,NAYLOR MILL RD,0,Feet,F,W,13,US,,N SALISBURY BLVD,38.40986,-75.56783,20200525,5/25/2020 12:00:00 AM,,-75.5678332845784,38.4098576117394
419,2020,Q2,Daylight,1,Wicomico,22,,133,Intersection,2,Same Movement Angle,11,Dry,2,1,No Defects,1,"Two-way, Not Divided",1,Not Applicable,0,DE6106008L,Property Damage Crash,,6.01,20200604,6/23/2023 11:28:00 AM,,Yes,Y,N,SALISBURY,UNK,Other Vehicle,1,Not Applicable,0,1950,MU,,0.77,North,N,NORTHWOOD DR,0,Feet,F,N,1125,MU,,W GORDY RD,38.3936,-75.58308,20200604,6/4/2020 12:00:00 AM,,-75.5830753003848,38.3935957458471
420,2020,Q2,Daylight,1,Wicomico,22,,133,Intersection,2,Same Direction Sideswipe,7,Dry,2,3,No Defects,1,"Two-way, Divided, Positive Median Barrier",4,Not Applicable,0,MSP7047001W,Property Damage Crash,Not Applicable,0,20200429,6/23/2023 2:35:00 PM,,No,N,N,MSP,UNK,Other Vehicle,1,Not Applicable,0,13,US,,12.65,North,N,N SALISBURY BLVD,0,Feet,F,N,1897,MU,,E NAYLOR MILL RD,38.41136,-75.56728,20200429,4/29/2020 12:00:00 AM,,-75.5672850335774,38.4113614166961
421,2020,Q2,Dark Lights On,3,Wicomico,22,,133,Not Applicable,0,Other,88,Dry,2,1,No Defects,1,"Two-way, Not Divided",1,Not Applicable,0,DE11940025,Property Damage Crash,,6.01,20200529,6/23/2023 9:55:00 PM,22,No,N,N,SALISBURY,UNK,Other Vehicle,1,Not Applicable,0,1331,MU,,0.33,East,E,E ISABELLA ST,100,Feet,F,E,520,MU,,E CHURCH ST,38.36961,-75.59096,20200529,5/29/2020 12:00:00 AM,,-75.5909578922929,38.3696051089887
422,2020,Q2,Daylight,1,Wicomico,22,,133,Non Intersection,1,Other,88,Dry,2,1,No Defects,1,"Two-way, Not Divided",1,Not Applicable,0,DE4161004N,Property Damage Crash,,6.01,20200527,6/23/2023 1:20:00 PM,,No,N,N,SALISBURY,UNK,Parked Vehicle,2,Not Applicable,0,2900,MU,,0.18,West,W,WASHINGTON ST,100,Feet,F,W,2450,MU,,ROGER ST,38.35671,-75.58753,20200527,5/27/2020 12:00:00 AM,,-75.5875317657784,38.3567129200653
423,2020,Q2,,6.02,Wicomico,22,,133,Intersection,2,Single Vehicle,17,Dry,2,1,No Defects,1,"Two-way, Not Divided",1,Embankment,6,DE2196003H,Property Damage Crash,,6.01,20200514,6/23/2023 8:00:00 PM,,No,N,N,SALISBURY,UNK,Fixed Object,9,Fixed Object,9,1896,MU,,3.672,West,W,NAYLOR MILL RD,0,Feet,F,W,3078,MU,,WESTWOOD DR,38.40916,-75.59364,20200514,5/14/2020 12:00:00 AM,,-75.59363899974,38.4091659998111
424,2020,Q2,Daylight,1,Wicomico,22,,133,Not Applicable,0,Other,88,Dry,2,1,No Defects,1,"Two-way, Not Divided",1,Not Applicable,0,DE3111007Z,Property Damage Crash,,7.01,20200430,6/23/2023 9:45:00 AM,,No,N,N,SALISBURY,UNK,Other Vehicle,1,Not Applicable,0,775,MU,,0.52,North,N,N DIVISION ST,10,Feet,F,N,1970,MU,,OAKDALE RD,38.39928,-75.58035,20200430,4/30/2020 12:00:00 AM,,-75.5803508483129,38.3992791446169
425,2020,Q2,Daylight,1,Wicomico,22,,133,Non Intersection,1,Same Direction Sideswipe,7,Dry,2,1,No Defects,1,"Two-way, Not Divided",1,Not Applicable,0,DE2183005B,Property Damage Crash,Not Applicable,0,20200403,6/23/2023 7:31:00 PM,,No,N,N,SALISBURY,UNK,Parked Vehicle,2,Not Applicable,0,2120,MU,,0.17,East,E,PEARL ST,50,Feet,F,W,960,MU,,FITZWATER ST,38.36506,-75.60921,20200403,4/3/2020 12:00:00 AM,,-75.6092061672308,38.3650535303962
426,2020,Q2,Dark Lights On,3,Wicomico,22,,133,Intersection,2,Other,88,Dry,2,1,No Defects,1,"Two-way, Not Divided",1,Light Support Pole,8,DE21720068,Property Damage Crash,,7.01,20200517,6/23/2023 11:55:00 PM,,No,N,N,SALISBURY,UNK,Parked Vehicle,2,Fixed Object,9,1112,MU,,0.2,South,S,GREEN MOR AVE,0,Feet,F,S,2280,MU,,PRINCETON AVE,38.35104,-75.59059,20200517,5/17/2020 12:00:00 AM,,-75.5905904616804,38.3510368147972
427,2020,Q2,Daylight,1,Wicomico,22,,133,Intersection,2,Same Movement Angle,11,Dry,2,1,No Defects,1,"Two-way, Not Divided",1,Not Applicable,0,DE7191003X,Injury Crash,,6.01,20200521,6/23/2023 10:30:00 AM,,Yes,Y,N,SALISBURY,UNK,Other Vehicle,1,Not Applicable,0,1950,MU,,1.01,North,N,NORTHWOOD DR,0,Feet,F,N,1175,MU,,HARFORD RD,38.39679,-75.58151,20200521,5/21/2020 12:00:00 AM,,-75.581514859723,38.3967839486204
428,2020,Q2,Daylight,1,Wicomico,22,,133,Intersection Related,3,Same Direction Rear End,3,Dry,2,2,No Defects,1,"Two-way, Not Divided",1,Not Applicable,0,DE31290045,Injury Crash,Not Applicable,0,20200510,6/23/2023 6:00:00 PM,,Yes,Y,N,SALISBURY,UNK,Other Vehicle,1,Not Applicable,0,13,US,BU,4.53,North,N,S SALISBURY BLVD,0,Feet,F,N,2600,MU,,SOUTH BLVD,38.35341,-75.60094,20200510,5/10/2020 12:00:00 AM,,-75.6009472710996,38.3534072712287
429,2020,Q2,Daylight,1,Wicomico,22,,133,Intersection,2,Same Movement Angle,11,Dry,2,0,No Defects,1,"Two-way, Not Divided",1,Not Applicable,0,DE6133000W,Property Damage Crash,Not Applicable,0,20200614,6/23/2023 1:05:00 PM,,Yes,Y,N,SALISBURY,UNK,Other Vehicle,1,Not Applicable,0,828,MU,,0.87,North,N,EASTERN SHORE DR,0,Feet,F,N,2830,MU,,E VINE ST,38.36036,-75.59552,20200614,6/14/2020 12:00:00 AM,,-75.5955207933499,38.3603644436642
430,2020,Q2,Daylight,1,Wicomico,22,,133,Not Applicable,0,Same Direction Rear End,3,Dry,2,0,No Defects,1,"Two-way, Not Divided",1,Not Applicable,0,DE5144007C,Property Damage Crash,,6.01,20200406,6/23/2023 9:33:00 AM,,Yes,Y,N,SALISBURY,UNK,Other Vehicle,1,Not Applicable,0,13,US,BU,5.27,North,N,S SALISBURY BLVD,15,Feet,F,S,415,MU,,E CARROLL ST,38.36325,-75.5961,20200406,4/6/2020 12:00:00 AM,,-75.5961036034985,38.363246067552
431,2020,Q2,Daylight,1,Wicomico,22,,133,Intersection Related,3,Same Direction Rear End,3,Wet,1,1,No Defects,1,"Two-way, Not Divided",1,Not Applicable,0,MSP6083005N,Property Damage Crash,Raining,3,20200522,6/23/2023 12:11:00 PM,,Yes,Y,N,MSP,UNK,Other Vehicle,1,Not Applicable,0,13,US,BU,5.93,North,N,N SALISBURY BLVD,10,Feet,F,N,100,MU,,BALTIMORE AVE,38.3721,-75.59361,20200522,5/22/2020 12:00:00 AM,,-75.5936126621946,38.372101564036
432,2020,Q2,Daylight,1,Wicomico,22,,133,Intersection Related,3,Same Direction Left Turn,9,Dry,2,0,No Defects,1,"Two-way, Divided, Unprotected (painted >4 feet) Median",3,Not Applicable,0,DE1170007W,Injury Crash,,7.01,20200409,6/23/2023 8:01:00 AM,,Yes,Y,N,SALISBURY,UNK,Other Vehicle,1,Not Applicable,0,13,US,BU,5.47,North,N,N SALISBURY BLVD,30,Feet,F,N,1632,MU,,E MAIN ST,38.36629,-75.59533,20200409,4/9/2020 12:00:00 AM,,-75.5953256737408,38.3662938007184
433,2020,Q2,Dark Lights On,3,Wicomico,22,,133,Non Intersection,1,Single Vehicle,17,Wet,1,1,No Defects,1,"Two-way, Not Divided",1,Tree Shrubbery,11,DE5150005G,Injury Crash,,7.01,20200515,6/23/2023 1:55:00 AM,22,No,N,N,SALISBURY,UNK,Not Applicable,0,Not Applicable,0,772,MU,,0.02,East,E,N DIVISION ST#2,100,Feet,F,W,750,MU,,DECATUR AVE,38.38363,-75.58344,20200515,5/15/2020 12:00:00 AM,,-75.5834394817467,38.3836279129978
434,2020,Q2,Daylight,1,Wicomico,22,,133,Intersection Related,3,Same Direction Left Turn,9,Dry,2,0,No Defects,1,"Two-way, Not Divided",1,Not Applicable,0,DE41020054,Property Damage Crash,,6.01,20200601,6/23/2023 4:25:00 PM,,Yes,Y,N,SALISBURY,UNK,Other Vehicle,1,Not Applicable,0,13,US,BU,5.58,North,N,N SALISBURY BLVD,75,Feet,F,S,531,MU,,W CHURCH ST,38.36654,-75.59537,20200601,6/1/2020 12:00:00 AM,,-75.5953681001577,38.3665391528597
435,2020,Q2,Daylight,1,Wicomico,22,,133,Not Applicable,0,Single Vehicle,17,Dry,2,1,No Defects,1,"Two-way, Not Divided",1,Curb,4,DE31290048,Property Damage Crash,,6.01,20200611,6/23/2023 5:43:00 AM,,No,N,N,SALISBURY,UNK,Fixed Object,9,Not Applicable,0,2950,MU,,1.87,East,E,WEST RD,20,Feet,F,W,548,CO,,OLIVIA ST,38.37914,-75.61069,20200611,6/11/2020 12:00:00 AM,,-75.6106906529512,38.3791373938757
436,2020,Q2,Daylight,1,Wicomico,22,,133,Intersection,2,Same Direction Rear End,3,Dry,2,1,No Defects,1,"Two-way, Divided, Unprotected (painted >4 feet) Median",3,Not Applicable,0,DE1109002J,Property Damage Crash,,6.01,20200529,6/23/2023 1:50:00 PM,,Yes,Y,N,SALISBURY,UNK,Other Vehicle,1,Other Vehicle,1,13,US,BU,4.8,North,N,S SALISBURY BLVD,0,Feet,F,N,810,MU,,DOWNING ST,38.3575,-75.5999,20200529,5/29/2020 12:00:00 AM,,-75.5998988981156,38.3574974157732
437,2020,Q2,Daylight,1,Wicomico,22,,133,Not Applicable,0,Single Vehicle,17,Wet,1,0,No Defects,1,"Two-way, Divided, Positive Median Barrier",4,,23.03,MSP7199000H,Property Damage Crash,Not Applicable,0,20200511,6/23/2023 7:44:00 AM,,No,N,N,MSP,UNK,Off Road,16,Not Applicable,0,50,US,,12.933,East,E,SALISBURY BYPASS,30,Feet,F,W,50,RP,,RAMP 8 FR US 50UA SB TO US 50 WB,38.36437,-75.53772,20200511,5/11/2020 12:00:00 AM,,-75.5377225498557,38.3643729999141
438,2020,Q2,Daylight,1,Wicomico,22,,133,Non Intersection,1,Single Vehicle,17,Dry,2,1,No Defects,1,"Two-way, Not Divided",1,Not Applicable,0,DE1109002K,Injury Crash,,6.01,20200603,6/23/2023 1:52:00 PM,,No,N,N,SALISBURY,UNK,Pedestrian,3,Not Applicable,0,1353,MU,,0,West,W,JEFFERSON ST #3,50,Feet,F,W,2310,MU,,PYLE ST,38.3776,-75.58121,20200603,6/3/2020 12:00:00 AM,,-75.581204442531,38.3776007852481
439,2020,Q2,Daylight,1,Wicomico,22,,133,Intersection Related,3,Same Direction Rear End,3,Dry,2,1,No Defects,1,"Two-way, Not Divided",1,Not Applicable,0,DE4192000B,Injury Crash,,6.01,20200406,6/23/2023 11:40:00 AM,,No,N,N,SALISBURY,UNK,Other Vehicle,1,Not Applicable,0,13,US,BU,6.17,North,N,N SALISBURY BLVD,50,Feet,F,N,1580,MU,,LONDON AVE,38.37527,-75.59221,20200406,4/6/2020 12:00:00 AM,,-75.5922108862234,38.3752749118078
440,2020,Q2,Daylight,1,Wicomico,22,,133,Not Applicable,0,Other,88,Dry,2,1,No Defects,1,"Two-way, Not Divided",1,Not Applicable,0,DE2180004T,Property Damage Crash,,6.01,20200609,6/23/2023 10:30:00 AM,,No,N,N,SALISBURY,UNK,Pedestrian,3,Not Applicable,0,2950,MU,,1.77,East,E,WEST RD,100,Feet,F,W,545,CO,,RICHMOND AVE,38.3522,-75.57372,20200609,6/9/2020 12:00:00 AM,,-75.5737131060749,38.3521995221902
441,2020,Q2,Dark Lights On,3,Wicomico,22,,133,Intersection,2,Single Vehicle,17,Dry,2,1,No Defects,1,"Two-way, Not Divided",1,Curb,4,DE1110004N,Property Damage Crash,,7.01,20200524,6/23/2023 11:55:00 PM,,No,N,N,SALISBURY,UNK,Fixed Object,9,Not Applicable,0,520,MU,,0.69,West,W,E CHURCH ST,0,Feet,F,W,8020,MU,,ALLEY #2,38.37108,-75.5882,20200524,5/24/2020 12:00:00 AM,,-75.5881955131124,38.3710828156195
442,2020,Q2,Daylight,1,Wicomico,22,,133,Intersection Related,3,Same Direction Rear End,3,Dry,2,1,No Defects,1,"Two-way, Not Divided",1,Not Applicable,0,DE2182007M,Injury Crash,,7.01,20200509,6/23/2023 4:30:00 PM,,Yes,Y,N,SALISBURY,UNK,Other Vehicle,1,Not Applicable,0,13,US,BU,5.27,North,N,S SALISBURY BLVD,40,Feet,F,N,415,MU,,E CARROLL ST,38.36328,-75.59613,20200509,5/9/2020 12:00:00 AM,,-75.5961279841191,38.363276346826
443,2020,Q2,Daylight,1,Wicomico,22,,133,Intersection,2,Same Direction Rear End,3,Dry,2,2,No Defects,1,,5.01,Not Applicable,0,DE51630038,Injury Crash,,6.01,20200610,6/23/2023 3:27:00 PM,,Yes,Y,Y,SALISBURY,UNK,Other Vehicle,1,Not Applicable,0,13,US,BU,5.27,North,N,S SALISBURY BLVD,0,Feet,F,N,415,MU,,E CARROLL ST,38.363,-75.59584,20200610,6/10/2020 12:00:00 AM,,-75.595842889138,38.3630016192294
444,2020,Q2,Daylight,1,Wicomico,22,,133,Intersection Related,3,Other,88,Dry,2,0,No Defects,1,"Two-way, Divided, Positive Median Barrier",4,Not Applicable,0,DE6133000T,Property Damage Crash,,6.01,20200618,6/23/2023 5:25:00 PM,,Yes,Y,N,SALISBURY,UNK,Other Vehicle,1,Other Vehicle,1,13,US,,12.15,North,N,N SALISBURY BLVD,100,Feet,F,S,465,MU,,CENTRE RD,38.36052,-75.59523,20200618,6/18/2020 12:00:00 AM,,-75.5952306531721,38.3605148453839
445,2020,Q2,Daylight,1,Wicomico,22,,133,Intersection,2,Same Direction Rear End,3,Dry,2,2,No Defects,1,"Two-way, Not Divided",1,Not Applicable,0,DE1122004J,Injury Crash,,6.01,20200425,6/23/2023 1:05:00 PM,,Yes,Y,N,SALISBURY,UNK,Other Vehicle,1,Other Vehicle,1,124,MU,,0.685,South,S,BEAGLIN PARK DR,0,Feet,F,S,0,UU,,NO NAME,38.38541,-75.56047,20200425,4/25/2020 12:00:00 AM,,-75.5604690798841,38.3854110105098
446,2020,Q2,Daylight,1,Wicomico,22,,133,Intersection Related,3,Same Direction Rear End,3,Dry,2,1,No Defects,1,"Two-way, Not Divided",1,Not Applicable,0,DE3112003Z,Property Damage Crash,,6.01,20200513,6/23/2023 2:05:00 PM,,Yes,Y,N,SALISBURY,UNK,Other Vehicle,1,Not Applicable,0,828,MU,,0,North,N,EASTERN SHORE DR,20,Feet,F,N,630,MU,,E COLLEGE AVE,38.34851,-75.59769,20200513,5/13/2020 12:00:00 AM,,-75.5976874211376,38.3485140087146
447,2020,Q2,Dark Lights On,3,Wicomico,22,,133,Intersection,2,Same Movement Angle,11,Dry,2,1,No Defects,1,"Two-way, Not Divided",1,Not Applicable,0,DE6106008D,Injury Crash,,6.01,20200422,6/23/2023 8:38:00 PM,,Yes,Y,N,SALISBURY,UNK,Other Vehicle,1,Not Applicable,0,954,OP,,0.21,South,S,DICKERSON LA,0,Feet,F,S,3095,MU,,OLIPHANT DR,38.41785,-75.56422,20200422,4/22/2020 12:00:00 AM,,-75.5642140070707,38.4178554499691
448,2020,Q2,Daylight,1,Wicomico,22,,133,Intersection Related,3,Same Movement Angle,11,Wet,1,1,No Defects,1,"Two-way, Not Divided",1,Not Applicable,0,DE2196003K,Injury Crash,Raining,3,20200522,6/23/2023 9:41:00 AM,,Yes,Y,N,SALISBURY,UNK,Other Vehicle,1,Not Applicable,0,2095,MU,,0.15,South,S,PARSONS RD,0,Feet,F,N,2125,MU,,PEMBERTON DR,38.3676,-75.61771,20200522,5/22/2020 12:00:00 AM,,-75.6177048918672,38.3676040931545
449,2020,Q2,Daylight,1,Wicomico,22,,133,Intersection Related,3,Same Direction Rear End,3,Wet,1,1,No Defects,1,"Two-way, Divided, Positive Median Barrier",4,Not Applicable,0,MSP6728005N,Property Damage Crash,Raining,3,20200418,6/23/2023 12:16:00 PM,,Yes,Y,N,MSP,UNK,Other Vehicle,1,Not Applicable,0,13,US,,12.65,North,N,N SALISBURY BLVD,50,Feet,F,S,416,CO,,NAYLOR MILL RD,38.40937,-75.56752,20200418,4/18/2020 12:00:00 AM,,-75.5675223997389,38.4093759330529
450,2020,Q2,Daylight,1,Wicomico,22,,133,Intersection,2,Same Direction Rear End Left Turn,5,Dry,2,0,No Defects,1,"Two-way, Not Divided",1,Not Applicable,0,DE21930048,Property Damage Crash,,6.01,20200615,6/23/2023 1:25:00 PM,,Yes,Y,N,SALISBURY,UNK,Other Vehicle,1,Not Applicable,0,13,US,BU,4.17,North,N,S SALISBURY BLVD,0,Feet,F,N,631,MU,,W COLLEGE AVE,38.34874,-75.60198,20200615,6/15/2020 12:00:00 AM,,-75.6019792629326,38.3487354613725
451,2020,Q2,Daylight,1,Wicomico,22,,133,Non Intersection,1,Same Direction Rear End Left Turn,5,Dry,2,1,No Defects,1,"Two-way, Not Divided",1,Not Applicable,0,DE6197000Q,Injury Crash,,6.01,20200615,6/23/2023 4:50:00 PM,8270,No,N,N,SALISBURY,UNK,Other Vehicle,1,Not Applicable,0,823,MU,,0,East,E,DYKES RD,100,Feet,F,E,765,MU,,DIVISION ST S,38.35585,-75.60213,20200615,6/15/2020 12:00:00 AM,,-75.602129284239,38.3558555990567
452,2020,Q2,Daylight,1,Wicomico,22,,133,Intersection,2,Same Direction Rear End,3,Dry,2,1,No Defects,1,"Two-way, Not Divided",1,Not Applicable,0,DE6197000M,Injury Crash,,6.01,20200528,6/23/2023 1:50:00 PM,,Yes,Y,N,SALISBURY,UNK,Other Vehicle,1,Other Vehicle,1,13,US,BU,4.92,North,N,S SALISBURY BLVD,0,Feet,F,N,2460,MU,,ROLAND ST,38.35585,-75.60213,20200528,5/28/2020 12:00:00 AM,,-75.602129284239,38.3558555990567
453,2021,Q4,Dark Lights On,3,Wicomico,22,,133,Not Applicable,0,Unknown,99,Dry,2,0,No Defects,1,"Two-way, Divided, Unprotected (painted >4 feet) Median",3,,99,MSP7047003L,Property Damage Crash,Not Applicable,0,20211101,6/23/2023 10:54:00 PM,,No,N,N,MSP,UNK,Unknown,99,Not Applicable,0,124,MU,,3.41,South,S,BEAGLIN PARK DR,0.2,Miles,M,S,265,CO,,S SCHUMAKER DR,38.35007,-75.57513,20211101,11/1/2021 12:00:00 AM,,-75.5751234345988,38.3500661351441
454,2021,Q4,Dark Lights On,3,Wicomico,22,,133,Intersection Related,3,Same Direction Rear End,3,Dry,2,1,No Defects,1,"Two-way, Not Divided",1,Not Applicable,0,DE1143000Y,Injury Crash,,6.01,20211024,6/23/2023 2:05:00 AM,,No,N,N,SALISBURY,UNK,Bicycle,4,Not Applicable,0,2340,MU,,0,East,E,RACE ST,20,Feet,F,E,12,MD,,SNOW HILL RD,38.36217,-75.59132,20211024,10/24/2021 12:00:00 AM,,-75.5913181562079,38.3621750712226
455,2021,Q4,Daylight,1,Wicomico,22,,133,Not Applicable,0,Same Direction Sideswipe,7,Dry,2,1,No Defects,1,One-way Trafficway,2,Not Applicable,0,DE413900BP,Injury Crash,,6.01,20211113,6/23/2023 1:03:00 PM,,No,N,N,SALISBURY,UNK,Other Vehicle,1,Overturn,11,1710,MU,,0,West,W,MARYLAND AVE,25,Feet,F,W,13,US,BU,S SALISBURY BLVD,38.35846,-75.60029,20211113,11/13/2021 12:00:00 AM,,-75.6002876804321,38.3584562144828
456,2021,Q4,Dark Lights On,3,Wicomico,22,,133,Not Applicable,0,Head On,1,Dry,2,1,No Defects,1,"Two-way, Not Divided",1,Not Applicable,0,DE413900BQ,Property Damage Crash,,6.01,20211113,6/23/2023 6:30:00 PM,,No,N,N,SALISBURY,UNK,Parked Vehicle,2,Not Applicable,0,1490,MU,,0.13,South,S,LIGHT ST,25,Feet,F,N,1710,MU,,MARYLAND AVE,38.35968,-75.60381,20211113,11/13/2021 12:00:00 AM,,-75.6038074092845,38.3596818663251
457,2021,Q4,Daylight,1,Wicomico,22,,133,Not Applicable,0,Same Direction Rear End,3,Dry,2,2,No Defects,1,"Two-way, Not Divided",1,Not Applicable,0,DE4168000Y,Injury Crash,,6.01,20211004,6/23/2023 12:20:00 PM,,No,N,N,SALISBURY,UNK,Other Vehicle,1,Other Vehicle,1,13,US,BU,7.02,North,N,N SALISBURY BLVD,0,Feet,F,N,25,MU,,ALEXANDER AVE,38.38462,-75.58263,20211004,10/4/2021 12:00:00 AM,,-75.5826321855269,38.384617579138
458,2021,Q4,Daylight,1,Wicomico,22,,133,Intersection,2,Same Movement Angle,11,Dry,2,1,No Defects,1,"Two-way, Not Divided",1,Not Applicable,0,DE61330026,Property Damage Crash,,6.01,20211026,6/23/2023 4:23:00 PM,,No,N,N,SALISBURY,UNK,Other Vehicle,1,Not Applicable,0,1483,MU,,0,North,N,LIBERTY ST #3,0,Feet,F,N,1380,MU,,JOHNSON ST,38.37893,-75.58463,20211026,10/26/2021 12:00:00 AM,,-75.5846255957946,38.378932733359
459,2021,Q4,Daylight,1,Wicomico,22,,133,Non Intersection,1,Other,88,Wet,1,1,No Defects,1,"Two-way, Divided, Positive Median Barrier",4,Not Applicable,0,DE41610070,Injury Crash,Raining,3,20211102,6/23/2023 3:18:00 PM,,No,N,N,SALISBURY,UNK,Pedestrian,3,Not Applicable,0,50,US,BU,2.781,East,E,W SALISBURY PKWY,50,Feet,F,E,760,MU,,DELAWARE AVE,38.35379,-75.58911,20211102,11/2/2021 12:00:00 AM,,-75.589111421355,38.3537856609795
460,2021,Q4,,5.02,Wicomico,22,,133,Non Intersection,1,Same Direction Rear End,3,Wet,1,0,No Defects,1,"Two-way, Divided, Positive Median Barrier",4,Not Applicable,0,ZVW256001M,Injury Crash,Not Applicable,0,20211029,6/23/2023 7:19:00 AM,,No,N,N,WICOMICO,UNK,Other Vehicle,1,Not Applicable,0,50,US,BU,6.562,East,E,E SALISBURY PKWY,500,Feet,F,E,83,MU,,AUTUMN GROVE CT,38.36899,-75.53918,20211029,10/29/2021 12:00:00 AM,,-75.5391755170364,38.3689882235278
461,2021,Q4,Daylight,1,Wicomico,22,,133,Non Intersection,1,Other,88,Dry,2,1,Loose Surface Material,5,"Two-way, Not Divided",1,Not Applicable,0,DE2172008M,Property Damage Crash,,6.01,20211108,6/23/2023 8:36:00 AM,,No,N,N,SALISBURY,UNK,Other Vehicle,1,Not Applicable,0,460,MU,,0.17,North,N,CENTER ST,50,Feet,F,S,768,MU,,S DIVISION ST,38.36031,-75.59767,20211108,11/8/2021 12:00:00 AM,,-75.597671736961,38.3603114331262