OBJECTID,year,quarter,light_desc,light_code,county_des,county_no,muni_desc,muni_code,junction_d,junction_c,collision_,collisio_2,surf_cond_,surf_con_2,lane_code,rd_cond_de,rd_cond_co,rd_div_des,rd_div_cod,fix_obj_de,fix_obj_co,report_no,report_typ,weather_de,weather_co,acc_date,acc_time,loc_code,signal_fla,signal_f_2,c_m_zone_f,agency_cod,area_code,harm_event,harm_eve_2,harm_eve_3,harm_eve_4,rte_no,route_type,rte_suffix,log_mile,logmile_di,logmile__2,mainroad_n,distance,feet_miles,feet_mil_2,distance_d,reference_,referenc_2,referenc_3,referenc_4,latitude,longitude,crashdate,date,Field1,x,y
563,2022,Q1,Daylight,1,Wicomico,22,,133,Intersection,2,Same Direction Sideswipe,7,Dry,2,1,No Defects,1,"Two-way, Not Divided",1,Fence,7,DE311100BJ,Property Damage Crash,,7.01,20220128,6/23/2023 12:27:00 PM,,Yes,Y,N,SALISBURY,UNK,Other Vehicle,1,Fixed Object,9,370,MU,,0.28,South,S,CAMDEN AVE,0,Feet,F,S,2990,MU,,WICOMICO ST,38.37161,-75.53046,20220128,1/28/2022 12:00:00 AM,,-75.5304649328104,38.3716139030593
564,2022,Q1,Dark No Lights,4,Wicomico,22,,133,Not Applicable,0,Single Vehicle,17,Dry,2,1,Not Applicable,0,"Two-way, Divided, Positive Median Barrier",4,Guardrail or Barrier,5,MSP67280081,Property Damage Crash,,6.01,20220304,6/23/2023 7:18:00 PM,,No,N,N,MSP,UNK,Fixed Object,9,Not Applicable,0,50,US,,13.186,East,E,SALISBURY BYPASS,0.5,Miles,M,W,50,US,UA,NAYLOR MILL RD,38.40116,-75.62735,20220304,3/4/2022 12:00:00 AM,,-75.6273527333419,38.4011567168091
565,2022,Q1,Dark Lights On,3,Wicomico,22,,133,Intersection,2,Same Movement Angle,11,Dry,2,3,No Defects,1,"Two-way, Divided, Positive Median Barrier",4,Not Applicable,0,DE21860080,Property Damage Crash,,6.01,20220319,6/23/2023 8:03:00 PM,,Yes,Y,N,SALISBURY,UNK,Other Vehicle,1,Not Applicable,0,50,US,BU,2.781,East,E,W SALISBURY PKWY,0,Feet,F,E,760,MU,,DELAWARE AVE,38.36775,-75.61005,20220319,3/19/2022 12:00:00 AM,,-75.6100508347782,38.3677536630012
566,2022,Q1,Daylight,1,Wicomico,22,,133,Intersection,2,Same Direction Rear End,3,Dry,2,1,No Defects,1,"Two-way, Not Divided",1,Not Applicable,0,DE1143001N,Injury Crash,,6.01,20220226,6/23/2023 9:37:00 AM,,No,N,N,SALISBURY,UNK,Other Vehicle,1,Not Applicable,0,12,MD,,7.17,North,N,SNOW HILL RD,0,Feet,F,N,2041,MU,,S PARK DR,38.36429,-75.59247,20220226,2/26/2022 12:00:00 AM,,-75.5924650813984,38.3642925996238
567,2022,Q1,Daylight,1,Wicomico,22,,133,Non Intersection,1,Single Vehicle,17,Dry,2,1,No Defects,1,"Two-way, Not Divided",1,Other Pole,10,ZV12840037,Property Damage Crash,,6.01,20220329,6/23/2023 6:15:00 PM,,Yes,Y,N,WICOMICO,UNK,Fixed Object,9,Not Applicable,0,2525,MU,,0.91,East,E,S SCHUMAKER DR,10,Feet,F,W,277,CO,,BEAGLIN PARK DR,38.35201,-75.57376,20220329,3/29/2022 12:00:00 AM,,-75.5737600003237,38.3520099999616
568,2022,Q1,Dark Lights On,3,Wicomico,22,,133,Not Applicable,0,Single Vehicle,17,Wet,1,1,No Defects,1,"Two-way, Divided, Positive Median Barrier",4,Curb,4,MSP72240044,Property Damage Crash,Raining,3,20220207,6/23/2023 9:50:00 PM,,No,N,N,MSP,UNK,Off Road,16,Fixed Object,9,13,US,BU,4.17,North,N,S SALISBURY BLVD,0.1,Miles,M,N,631,MU,,W COLLEGE AVE,38.34658,-75.6029,20220207,2/7/2022 12:00:00 AM,,-75.6028999996352,38.3465770003284
569,2022,Q1,,5.02,Wicomico,22,,133,Intersection,2,Same Direction Rear End,3,Dry,2,0,No Defects,1,"Two-way, Not Divided",1,Not Applicable,0,MSP7126004D,Property Damage Crash,,6.01,20220114,6/23/2023 6:55:00 AM,,Yes,Y,N,MSP,UNK,Other Vehicle,1,Not Applicable,0,12,MD,,7.26,North,N,SNOW HILL RD,0,Feet,F,N,1632,MU,,E MAIN ST,38.36546,-75.59264,20220114,1/14/2022 12:00:00 AM,,-75.5926356854885,38.3654556154843
570,2022,Q1,Daylight,1,Wicomico,22,,133,Not Applicable,0,Other,88,Dry,2,2,No Defects,1,"Two-way, Not Divided",1,Not Applicable,0,DE2158007Z,Property Damage Crash,,6.01,20220201,6/23/2023 11:22:00 AM,,No,N,N,SALISBURY,UNK,Other Vehicle,1,Other Object,10,13,US,BU,5.77,North,N,N SALISBURY BLVD,15,Feet,F,N,1331,MU,,E ISABELLA ST,38.369,-75.59489,20220201,2/1/2022 12:00:00 AM,,-75.5948893145901,38.3690003553821
571,2022,Q1,Dark Lights On,3,Wicomico,22,,133,Intersection,2,Head On Left Turn,2,Ice,4,1,Not Applicable,0,"Two-way, Divided, Positive Median Barrier",4,Not Applicable,0,DE4112000K,Property Damage Crash,Severe Winds,5,20220312,6/23/2023 8:40:00 PM,,Yes,Y,N,SALISBURY,UNK,Other Vehicle,1,Not Applicable,0,1330,MU,,0,East,E,W ISABELLA ST,0,Feet,F,E,50,US,BU,W SALISBURY PKWY,38.36949,-75.61385,20220312,3/12/2022 12:00:00 AM,,-75.6138443388451,38.3694896234474
572,2022,Q1,Daylight,1,Wicomico,22,,133,,5.01,Other,88,Dry,2,1,No Defects,1,Other,88,Not Applicable,0,DE3196000P,Property Damage Crash,,6.01,20220328,6/23/2023 3:01:00 PM,,No,N,N,SALISBURY,UNK,Other Vehicle,1,Not Applicable,0,775,MU,,0.615,North,N,N DIVISION ST,40,Feet,F,N,1460,MU,,E LEHIGH AVE,38.37287,-75.59543,20220328,3/28/2022 12:00:00 AM,,-75.595425118974,38.3728683817704
573,2022,Q1,Daylight,1,Wicomico,22,,133,Non Intersection,1,Single Vehicle,17,Ice,4,1,No Defects,1,"Two-way, Not Divided",1,Light Support Pole,8,DE4161007K,Property Damage Crash,Blowing Snow,10.04,20220129,6/23/2023 4:02:00 PM,,No,N,N,SALISBURY,UNK,Other Non Collision,15,Other,88,124,MU,,1.82,South,S,BEAGLIN PARK DR,100,Feet,F,S,3071,MU,,DALLAS DR,38.35379,-75.58911,20220129,1/29/2022 12:00:00 AM,,-75.589111421355,38.3537856609795
574,2022,Q1,Dark No Lights,4,Wicomico,22,,133,,88,Other,88,Dry,2,0,No Defects,1,Not Applicable,0,Not Applicable,0,DE61970029,Property Damage Crash,,6.01,20220116,6/23/2023 3:20:00 AM,22,No,N,N,SALISBURY,UNK,Parked Vehicle,2,Parked Vehicle,2,915,MU,,0,West,W,FAIRGROUND DR,0.5,Miles,M,E,2095,MU,,PARSONS RD,38.36474,-75.61789,20220116,1/16/2022 12:00:00 AM,,-75.6178907070904,38.3647416886781
575,2022,Q1,Daylight,1,Wicomico,22,,133,Non Intersection,1,Single Vehicle,17,Dry,2,1,No Defects,1,"Two-way, Not Divided",1,Tree Shrubbery,11,DE4115007C,Property Damage Crash,,6.01,20220211,6/23/2023 8:36:00 AM,DE 8270,No,N,N,SALISBURY,UNK,Fixed Object,9,Not Applicable,0,1750,MU,,0.09,East,E,MIDDLE BLVD,100,Feet,F,E,2570,MU,,SMITH ST,38.3552,-75.6037,20220211,2/11/2022 12:00:00 AM,,-75.6036970453823,38.3552026912512
576,2022,Q1,Daylight,1,Wicomico,22,,133,Non Intersection,1,Other,88,Dry,2,1,No Defects,1,"Two-way, Not Divided",1,Building,2,MSP60650054,Property Damage Crash,Not Applicable,0,20220325,6/23/2023 12:14:00 PM,,No,N,N,MSP,UNK,Off Road,16,Fixed Object,9,1130,MU,,0.1,North,N,HAMMOND ST,300,Feet,F,S,2310,MU,,PYLE ST,38.37357,-75.57984,20220325,3/25/2022 12:00:00 AM,,-75.5798383498599,38.373569430285
577,2022,Q1,Daylight,1,Wicomico,22,,133,Not Applicable,0,Same Direction Right Turn,8,Dry,2,2,Not Applicable,0,"Two-way, Divided, Positive Median Barrier",4,Curb,4,DE4161007N,Injury Crash,,6.01,20220225,6/23/2023 4:23:00 PM,,No,N,N,SALISBURY,UNK,Other Vehicle,1,Other Vehicle,1,50,US,BU,2.44,East,E,W SALISBURY PKWY,100,Feet,F,W,235,MU,,BOUNDARY ST,38.35379,-75.58911,20220225,2/25/2022 12:00:00 AM,,-75.589111421355,38.3537856609795
578,2022,Q1,Dark Lights On,3,Wicomico,22,,133,Non Intersection,1,Single Vehicle,17,Wet,1,1,No Defects,1,One-way Trafficway,2,,14.05,MSP597900CK,Property Damage Crash,Raining,3,20220204,6/23/2023 9:37:00 PM,,No,N,N,MSP,UNK,Fixed Object,9,Not Applicable,0,13,US,,8.48,North,N,SALISBURY BYPASS,0.5,Miles,M,N,0,UU,,MILE MARKER 35.0,38.37149,-75.53779,20220204,2/4/2022 12:00:00 AM,,-75.5377859997241,38.3714889998175
579,2022,Q1,Daylight,1,Wicomico,22,,133,Intersection,2,Same Movement Angle,11,Dry,2,2,No Defects,1,"Two-way, Divided, Positive Median Barrier",4,,23.03,DE41150079,Injury Crash,,7.01,20220207,6/23/2023 7:31:00 AM,DE 8270,Yes,Y,N,SALISBURY,UNK,Other Vehicle,1,Not Applicable,0,50,US,BU,6.635,East,E,E SALISBURY PKWY,0,Feet,F,E,13,RP,,RAMP 6 FR US 50BU EB TO US 13 SB,38.36705,-75.54263,20220207,2/7/2022 12:00:00 AM,,-75.5426338932396,38.3670556784768
580,2022,Q1,Daylight,1,Wicomico,22,,133,Intersection,2,Same Direction Right Turn,8,Dry,2,0,No Defects,1,"Two-way, Divided, Unprotected (painted >4 feet) Median",3,Not Applicable,0,DE5156001X,Property Damage Crash,,6.01,20220208,6/23/2023 10:36:00 AM,,Yes,Y,N,SALISBURY,UNK,Other Vehicle,1,Not Applicable,0,2290,MU,,0,South,S,PRISCILLA ST,0,Feet,F,S,13,US,BU,N SALISBURY BLVD,38.36924,-75.58057,20220208,2/8/2022 12:00:00 AM,,-75.5805658303487,38.3692417433119
581,2022,Q1,,5.02,Wicomico,22,,133,,88,Single Vehicle,17,Ice,4,0,No Defects,1,"Two-way, Divided, Positive Median Barrier",4,Guardrail or Barrier,5,ZV1279000P,Property Damage Crash,,8.04,20220103,6/23/2023 7:37:00 AM,,No,N,N,WICOMICO,UNK,Fixed Object,9,Fixed Object,9,50,US,UA,3.03,West,W,NAYLOR MILL RD,20,Feet,F,E,416,CO,,NAYLOR MILL RD (BACK),38.40312,-75.61283,20220103,1/3/2022 12:00:00 AM,,-75.6128285662853,38.4031234666747
582,2022,Q1,Daylight,1,Wicomico,22,,133,Not Applicable,0,Other,88,Dry,2,0,No Defects,1,"Two-way, Not Divided",1,Not Applicable,0,DE61970028,Injury Crash,,6.01,20220106,6/23/2023 4:30:00 PM,22,No,N,N,SALISBURY,UNK,Other,88,Other Vehicle,1,1632,MU,,0.29,East,E,E MAIN ST,100,Feet,F,E,13,US,BU,N SALISBURY BLVD,38.3607,-75.59071,20220106,1/6/2022 12:00:00 AM,,-75.5907138027997,38.3607014699969
583,2022,Q1,Dark Lights On,3,Wicomico,22,,133,Non Intersection,1,Single Vehicle,17,Wet,1,1,No Defects,1,"Two-way, Not Divided",1,Light Support Pole,8,DE21760027,Property Damage Crash,,7.01,20220101,6/23/2023 3:03:00 AM,,No,N,N,SALISBURY,UNK,Fixed Object,9,Not Applicable,0,545,MU,,0.46,North,N,CIVIC AVE,10,Feet,F,N,350,MD,,MT HERMON RD,38.36842,-75.57321,20220101,1/1/2022 12:00:00 AM,,-75.5732110469522,38.3684222981506
584,2022,Q1,Daylight,1,Wicomico,22,,133,Non Intersection,1,Same Direction Rear End,3,Dry,2,1,No Defects,1,"Two-way, Divided, Unprotected (painted >4 feet) Median",3,Not Applicable,0,DE5156001J,Property Damage Crash,,6.01,20220110,6/23/2023 8:53:00 AM,,No,N,N,SALISBURY,UNK,Other Vehicle,1,Not Applicable,0,1430,MU,,0.46,North,N,LAKE ST,400,Feet,F,N,1330,MU,,W ISABELLA ST,38.3722,-75.60375,20220110,1/10/2022 12:00:00 AM,,-75.6037555390868,38.3721983940407
585,2022,Q1,Daylight,1,Wicomico,22,,133,Intersection,2,Same Movement Angle,11,Dry,2,1,No Defects,1,"Two-way, Divided, Positive Median Barrier",4,Guardrail or Barrier,5,DE21530036,Injury Crash,,6.01,20220209,6/23/2023 7:53:00 AM,,Yes,Y,N,SALISBURY,UNK,Other Vehicle,1,Other Vehicle,1,50,US,BU,4.295,East,E,E SALISBURY PKWY,0,Feet,F,E,2720,MU,,TRUITT ST,38.36889,-75.58331,20220209,2/9/2022 12:00:00 AM,,-75.5833110702496,38.368889966299
586,2022,Q1,Daylight,1,Wicomico,22,,133,Intersection Related,3,Same Direction Left Turn,9,Dry,2,2,No Defects,1,"Two-way, Not Divided",1,Not Applicable,0,ZV15260009,Injury Crash,,6.01,20220220,6/23/2023 12:25:00 PM,,Yes,Y,N,WICOMICO,UNK,Other Vehicle,1,Not Applicable,0,416,CO,,0,West,W,NAYLOR MILL RD,5,Feet,F,E,13,US,,N SALISBURY BLVD,38.41001,-75.56779,20220220,2/20/2022 12:00:00 AM,,-75.5677849999777,38.4100130001999
587,2022,Q1,,6.02,Wicomico,22,,133,Not Applicable,0,Same Direction Sideswipe,7,Dry,2,1,No Defects,1,"Two-way, Not Divided",1,Not Applicable,0,DE41150078,Injury Crash,,6.01,20220111,6/23/2023 4:50:00 PM,DE 8270,No,N,N,SALISBURY,UNK,Other Vehicle,1,Not Applicable,0,13,US,BU,4.17,North,N,S SALISBURY BLVD,100,Feet,F,N,631,MU,,W COLLEGE AVE,38.3496,-75.60202,20220111,1/11/2022 12:00:00 AM,,-75.6020220760579,38.3496011712571
588,2022,Q1,Dark Lights On,3,Wicomico,22,,133,Not Applicable,0,Single Vehicle,17,Dry,2,1,No Defects,1,"Two-way, Divided, Positive Median Barrier",4,Curb,4,DE610600BN,Property Damage Crash,Not Applicable,0,20220320,6/23/2023 4:17:00 AM,,Yes,Y,N,SALISBURY,UNK,Fixed Object,9,Not Applicable,0,50,US,BU,2.518,East,E,W SALISBURY PKWY,5,Feet,F,E,349,MD,,NANTICOKE RD,38.36954,-75.61424,20220320,3/20/2022 12:00:00 AM,,-75.6142393705505,38.3695391581057
589,2022,Q1,Daylight,1,Wicomico,22,,133,,99,Same Direction Rear End,3,Dry,2,1,No Defects,1,"Two-way, Not Divided",1,Not Applicable,0,DE6197002C,Injury Crash,,6.01,20220221,6/23/2023 12:55:00 PM,22,No,N,N,SALISBURY,UNK,Parked Vehicle,2,Not Applicable,0,520,MU,,0.81,West,W,E CHURCH ST,10,Feet,F,W,40,MU,,ANNE ST,38.35307,-75.60954,20220221,2/21/2022 12:00:00 AM,,-75.6095369666576,38.3530645881603
590,2022,Q1,Daylight,1,Wicomico,22,,133,Intersection,2,Angle Meets Left Turn Head On,14,Dry,2,1,No Defects,1,"Two-way, Not Divided",1,Not Applicable,0,DE3135000B,Property Damage Crash,,7.01,20220306,6/23/2023 10:42:00 AM,,Yes,Y,N,SALISBURY,UNK,Other Vehicle,1,Other Vehicle,1,1880,MU,,0.38,North,N,MOSS HILL LA,0,Feet,F,N,138,OP,,DEBORAH DR,38.37937,-75.57262,20220306,3/6/2022 12:00:00 AM,,-75.5726206186466,38.3793664413083
591,2022,Q1,Daylight,1,Wicomico,22,,133,Not Applicable,0,Single Vehicle,17,Dry,2,2,No Defects,1,One-way Trafficway,2,Guardrail or Barrier,5,MSP72020031,Property Damage Crash,,6.01,20220311,6/23/2023 1:40:00 PM,,No,N,N,MSP,UNK,Off Road,16,Fixed Object,9,50,US,,13.186,East,E,SALISBURY BYPASS,5,Feet,F,W,50,US,UA,NAYLOR MILL RD,38.40472,-75.59521,20220311,3/11/2022 12:00:00 AM,,-75.5952100002413,38.4047199998282
592,2022,Q1,Daylight,1,Wicomico,22,,133,Intersection Related,3,Same Direction Both Left Turn,10,Dry,2,1,No Defects,1,"Two-way, Not Divided",1,Not Applicable,0,DE4113004K,Injury Crash,,6.01,20220126,6/23/2023 10:06:00 AM,,No,N,N,SALISBURY,UNK,Other Vehicle,1,Not Applicable,0,370,MU,,0.38,South,S,CAMDEN AVE,0,Feet,F,S,1990,MU,,OHIO AVE,38.35859,-75.60516,20220126,1/26/2022 12:00:00 AM,,-75.6051661185215,38.3585943404565
593,2022,Q1,Daylight,1,Wicomico,22,,133,Intersection,2,Single Vehicle,17,Dry,2,1,No Defects,1,"Two-way, Not Divided",1,,16.05,DE413900C0,Property Damage Crash,,6.01,20220210,6/23/2023 11:02:00 AM,,Yes,Y,Y,SALISBURY,UNK,Fixed Object,9,Not Applicable,0,2600,MU,,0.76,East,E,SOUTH BLVD,0,Feet,F,E,2710,MU,,S TOWER DR,38.35332,-75.59929,20220210,2/10/2022 12:00:00 AM,,-75.599285333851,38.3533217771783
594,2022,Q1,Daylight,1,Wicomico,22,,133,Intersection Related,3,Same Direction Rear End,3,Dry,2,1,No Defects,1,"Two-way, Divided, Positive Median Barrier",4,Not Applicable,0,DE4113004M,Injury Crash,,6.01,20220314,6/23/2023 5:57:00 PM,,Yes,Y,N,SALISBURY,UNK,Other Vehicle,1,Not Applicable,0,410,MU,,0,East,E,W CARROLL ST,0,Feet,F,W,1780,MU,,MILL ST,38.36376,-75.60357,20220314,3/14/2022 12:00:00 AM,,-75.6035675214239,38.3637586451454
595,2022,Q1,Dark Lights On,3,Wicomico,22,,133,Intersection,2,Same Movement Angle,11,Dry,2,2,No Defects,1,"Two-way, Divided, Positive Median Barrier",4,Not Applicable,0,DE2176002D,Injury Crash,,6.01,20220216,6/23/2023 6:15:00 PM,,Yes,Y,N,SALISBURY,UNK,Other Vehicle,1,Not Applicable,0,465,MU,,0.12,North,N,CENTRE RD,0,Feet,F,N,13,US,,N SALISBURY BLVD,38.40228,-75.56941,20220216,2/16/2022 12:00:00 AM,,-75.5694149024757,38.4022779933348
596,2022,Q1,Daylight,1,Wicomico,22,,133,Not Applicable,0,Single Vehicle,17,Wet,1,1,Other,88,One-way Trafficway,2,Guardrail or Barrier,5,MSP7202002W,Property Damage Crash,,8.04,20220103,6/23/2023 4:25:00 PM,,No,N,N,MSP,UNK,Fixed Object,9,Not Applicable,0,50,US,,13.186,East,E,SALISBURY BYPASS,5,Feet,F,W,50,US,UA,NAYLOR MILL RD,38.40196,-75.57656,20220103,1/3/2022 12:00:00 AM,,-75.576559999944,38.4019600002538
597,2022,Q1,Dark Lights On,3,Wicomico,22,,133,Non Intersection,1,Single Vehicle,17,Dry,2,1,No Defects,1,"Two-way, Not Divided",1,Fence,7,DE2158007W,Property Damage Crash,,6.01,20220126,6/23/2023 10:12:00 PM,,No,N,N,SALISBURY,UNK,Off Road,16,Fixed Object,9,5,MU,,0.29,North,N,ADAMS AVE,50,Feet,F,N,1500,MU,,E LINCOLN AVE,38.35108,-75.58968,20220126,1/26/2022 12:00:00 AM,,-75.5896733105748,38.3510775648778
598,2022,Q1,Daylight,1,Wicomico,22,,133,Intersection,2,Head On Left Turn,2,Dry,2,0,No Defects,1,Not Applicable,0,Not Applicable,0,MSP72020033,Property Damage Crash,,6.01,20220321,6/23/2023 6:40:00 PM,,Yes,Y,N,MSP,UNK,Other Vehicle,1,Not Applicable,0,13,US,,12.55,North,N,N SALISBURY BLVD,0,Feet,F,N,3070,MU,,N ZION RD,38.39273,-75.5748,20220321,3/21/2022 12:00:00 AM,,-75.5747999997202,38.3927299999896
599,2022,Q1,Dark Lights On,3,Wicomico,22,,133,Intersection,2,Same Movement Angle,11,Dry,2,1,No Defects,1,"Two-way, Not Divided",1,Not Applicable,0,DE2186007M,Injury Crash,,6.01,20220113,6/23/2023 4:59:00 PM,,Yes,Y,N,SALISBURY,UNK,Other Vehicle,1,Not Applicable,0,1230,MU,,0.07,South,S,HIGH ST,0,Feet,F,S,1462,MU,,LEMMON HILL LA,38.36686,-75.60118,20220113,1/13/2022 12:00:00 AM,,-75.6011836444096,38.3668588753369
600,2022,Q1,Daylight,1,Wicomico,22,,133,Intersection Related,3,Same Direction Rear End,3,Dry,2,1,No Defects,1,"Two-way, Not Divided",1,Not Applicable,0,DE4192003J,Property Damage Crash,,6.01,20220211,6/23/2023 2:55:00 PM,,Yes,Y,N,SALISBURY,UNK,Other Vehicle,1,Not Applicable,0,765,MU,,3.27,North,N,DIVISION ST S,0,Feet,F,S,2015,MU,,ONLEY RD,38.34354,-75.59879,20220211,2/11/2022 12:00:00 AM,,-75.5987908083491,38.3435387559089
601,2022,Q1,,6.02,Wicomico,22,,133,Intersection,2,Same Movement Angle,11,Dry,2,1,No Defects,1,"Two-way, Not Divided",1,Not Applicable,0,DE610600BL,Injury Crash,,6.01,20220105,6/23/2023 4:40:00 PM,,Yes,Y,N,SALISBURY,UNK,Other Vehicle,1,Not Applicable,0,2720,MU,,0.67,South,S,TRUITT ST,0,Feet,F,S,520,MU,,E CHURCH ST,38.3723,-75.58441,20220105,1/5/2022 12:00:00 AM,,-75.5844118656151,38.37229602714
602,2022,Q1,Dark Lights On,3,Wicomico,22,,133,Intersection,2,Single Vehicle,17,Dry,2,1,No Defects,1,"Two-way, Not Divided",1,Not Applicable,0,DE3120002H,Injury Crash,,7.01,20220113,6/23/2023 5:22:00 PM,,Yes,Y,N,SALISBURY,UNK,Pedestrian,3,Fell Jumped from Motor Vehicle,22.15,1430,MU,,0.46,North,N,LAKE ST,0,Feet,F,N,1330,MU,,W ISABELLA ST,38.37171,-75.60379,20220113,1/13/2022 12:00:00 AM,,-75.603792119011,38.3717069289317
603,2022,Q1,Daylight,1,Wicomico,22,,133,Intersection,2,Same Movement Angle,11,Dry,2,1,No Defects,1,"Two-way, Not Divided",1,Not Applicable,0,DE117000BP,Property Damage Crash,,6.01,20220112,6/23/2023 8:59:00 AM,,Yes,Y,N,SALISBURY,UNK,Other Vehicle,1,Not Applicable,0,346,MD,,0.62,East,E,E MAIN ST,0,Feet,F,E,1880,MU,,MOSS HILL LA,38.37389,-75.57209,20220112,1/12/2022 12:00:00 AM,,-75.572091910813,38.3738877588131
604,2022,Q1,Daylight,1,Wicomico,22,,133,Intersection,2,Same Movement Angle,11,Dry,2,1,No Defects,1,"Two-way, Not Divided",1,Not Applicable,0,DE4161007J,Property Damage Crash,,6.01,20220128,6/23/2023 1:55:00 PM,,Yes,Y,N,SALISBURY,UNK,Other Vehicle,1,Not Applicable,0,220,MU,,0.71,East,E,BOOTH ST,0,Feet,F,E,760,MU,,DELAWARE AVE,38.35379,-75.58911,20220128,1/28/2022 12:00:00 AM,,-75.589111421355,38.3537856609795
605,2022,Q1,Daylight,1,Wicomico,22,,133,,11.04,Other,88,Dry,2,1,No Defects,1,Other,88,Not Applicable,0,DE4161007V,Injury Crash,,6.01,20220330,6/23/2023 4:01:00 PM,,No,N,N,SALISBURY,UNK,Other Vehicle,1,Not Applicable,0,895,MU,,0.09,South,S,EMORY CT,15,Feet,F,S,0,UU,,CUL DE SAC,38.35379,-75.58911,20220330,3/30/2022 12:00:00 AM,,-75.589111421355,38.3537856609795
606,2022,Q1,Daylight,1,Wicomico,22,,133,Non Intersection,1,Same Direction Sideswipe,7,Wet,1,1,No Defects,1,"Two-way, Not Divided",1,Not Applicable,0,DE21530033,Property Damage Crash,Raining,3,20220204,6/23/2023 12:11:00 PM,,No,N,N,SALISBURY,UNK,Other Vehicle,1,Other Vehicle,1,13,US,BU,5.77,North,N,N SALISBURY BLVD,150,Feet,F,N,1331,MU,,E ISABELLA ST,38.37014,-75.59447,20220204,2/4/2022 12:00:00 AM,,-75.5944745481618,38.3701411876658
607,2022,Q1,Daylight,1,Wicomico,22,,133,Intersection,2,Head On,1,Dry,2,1,No Defects,1,"Two-way, Not Divided",1,Not Applicable,0,DE4192003M,Injury Crash,,6.01,20220313,6/23/2023 1:02:00 PM,,No,N,N,SALISBURY,UNK,Other Vehicle,1,Not Applicable,0,2095,MU,,0.33,South,S,PARSONS RD,0,Feet,F,S,1800,MU,,MITCHELL RD,38.3657,-75.61566,20220313,3/13/2022 12:00:00 AM,,-75.6156612032019,38.3657018021964
608,2022,Q1,,6.02,Wicomico,22,,133,Intersection Related,3,Same Movement Angle,11,Dry,2,0,No Defects,1,,5.01,Not Applicable,0,DE6147001Z,Property Damage Crash,,6.01,20220126,6/23/2023 4:30:00 PM,,Yes,Y,N,SALISBURY,UNK,Other Vehicle,1,Not Applicable,0,13,US,BU,7.05,North,N,N SALISBURY BLVD,10,Feet,F,S,1755,MU,,MIDDLE NECK LA,38.38538,-75.58178,20220126,1/26/2022 12:00:00 AM,,-75.5817815977425,38.3853826926572
609,2022,Q1,Daylight,1,Wicomico,22,,133,Intersection Related,3,Same Movement Angle,11,Dry,2,1,No Defects,1,"Two-way, Not Divided",1,Not Applicable,0,DE2158007Y,Injury Crash,,6.01,20220131,6/23/2023 11:02:00 AM,,Yes,Y,N,SALISBURY,UNK,Other Vehicle,1,Other Vehicle,1,13,US,BU,5.27,North,N,S SALISBURY BLVD,0,Feet,F,S,415,MU,,E CARROLL ST,38.36317,-75.59612,20220131,1/31/2022 12:00:00 AM,,-75.5961237402184,38.3631682941815
610,2022,Q1,Daylight,1,Wicomico,22,,133,Intersection Related,3,Same Direction Rear End,3,Dry,2,1,No Defects,1,"Two-way, Not Divided",1,Not Applicable,0,DE31350007,Property Damage Crash,,6.01,20220301,6/23/2023 9:59:00 AM,,Yes,Y,N,SALISBURY,UNK,Other Vehicle,1,Not Applicable,0,12,MD,,7.17,North,N,SNOW HILL RD,0,Feet,F,S,2041,MU,,S PARK DR,38.36437,-75.59252,20220301,3/1/2022 12:00:00 AM,,-75.5925243485198,38.3643687946842
611,2022,Q1,Daylight,1,Wicomico,22,,133,Not Applicable,0,Single Vehicle,17,Dry,2,1,No Defects,1,"Two-way, Not Divided",1,Light Support Pole,8,DE311100BX,Injury Crash,,6.01,20220322,6/23/2023 3:20:00 PM,,Yes,Y,N,SALISBURY,UNK,Fixed Object,9,Not Applicable,0,3083,MU,,2.28,North,N,JERSEY RD,0,Feet,F,N,1895,MU,,NAYLOR MILL RD,38.37161,-75.53046,20220322,3/22/2022 12:00:00 AM,,-75.5304649328104,38.3716139030593
612,2022,Q1,Dark Lights On,3,Wicomico,22,,133,Non Intersection,1,Same Movement Angle,11,Dry,2,1,No Defects,1,"Two-way, Not Divided",1,Not Applicable,0,DE4192003K,Injury Crash,,6.01,20220226,6/23/2023 7:17:00 PM,,No,N,N,SALISBURY,UNK,Other Vehicle,1,Not Applicable,0,2950,MU,,1.15,East,E,WEST RD,173,Feet,F,E,3077,MU,,QUEEN AVE,38.38808,-75.61115,20220226,2/26/2022 12:00:00 AM,,-75.6111425964536,38.3880819601144
613,2022,Q1,Dark Lights On,3,Wicomico,22,,133,Not Applicable,0,Single Vehicle,17,Ice,4,2,No Defects,1,"Two-way, Not Divided",1,Other Pole,10,DE2176002B,Property Damage Crash,,6.01,20220131,6/23/2023 12:35:00 AM,,Yes,Y,N,SALISBURY,UNK,Other,88,Not Applicable,0,1130,MU,,0.1,North,N,HAMMOND ST,0,Feet,F,N,2310,MU,,PYLE ST,38.3744,-75.58001,20220131,1/31/2022 12:00:00 AM,,-75.5800103649863,38.3744048653923
614,2022,Q1,Daylight,1,Wicomico,22,,133,Intersection Related,3,Single Vehicle,17,Wet,1,1,No Defects,1,,5.01,Other Pole,10,DE11090038,Property Damage Crash,Raining,3,20220204,6/23/2023 11:45:00 AM,,Yes,Y,N,SALISBURY,UNK,Other Object,10,Not Applicable,0,765,MU,,3.59,North,N,DIVISION ST S,10,Feet,F,S,631,MU,,W COLLEGE AVE,38.34829,-75.5974,20220204,2/4/2022 12:00:00 AM,,-75.5973937421275,38.3482912691268