OBJECTID,year,quarter,light_desc,light_code,county_des,county_no,muni_desc,muni_code,junction_d,junction_c,collision_,collisio_2,surf_cond_,surf_con_2,lane_code,rd_cond_de,rd_cond_co,rd_div_des,rd_div_cod,fix_obj_de,fix_obj_co,report_no,report_typ,weather_de,weather_co,acc_date,acc_time,loc_code,signal_fla,signal_f_2,c_m_zone_f,agency_cod,area_code,harm_event,harm_eve_2,harm_eve_3,harm_eve_4,rte_no,route_type,rte_suffix,log_mile,logmile_di,logmile__2,mainroad_n,distance,feet_miles,feet_mil_2,distance_d,reference_,referenc_2,referenc_3,referenc_4,latitude,longitude,crashdate,date,Field1,x,y
666,2022,Q2,Daylight,1,Wicomico,22,,133,Intersection Related,3,Same Direction Rear End,3,Dry,2,1,No Defects,1,"Two-way, Not Divided",1,Not Applicable,0,DE11430021,Injury Crash,,6.01,20220613,6/23/2023 10:23:00 AM,,No,N,N,SALISBURY,UNK,Other Vehicle,1,Not Applicable,0,13,US,BU,4.17,North,N,S SALISBURY BLVD,100,Feet,F,N,631,MU,,W COLLEGE AVE,38.34862,-75.60197,20220613,6/13/2022 12:00:00 AM,,-75.6019649772019,38.3486165826892
667,2022,Q2,Daylight,1,Wicomico,22,,133,Intersection,2,Same Movement Angle,11,Dry,2,1,No Defects,1,"Two-way, Not Divided",1,Not Applicable,0,DE5156002N,Property Damage Crash,,6.01,20220628,6/23/2023 5:44:00 PM,,Yes,Y,N,SALISBURY,UNK,Other Vehicle,1,Not Applicable,0,1462,MU,,0.02,North,N,LEMMON HILL LA,0,Feet,F,N,1230,MU,,HIGH ST,38.34404,-75.57985,20220628,6/28/2022 12:00:00 AM,,-75.5798523621967,38.3440359173238
668,2022,Q2,Daylight,1,Wicomico,22,,133,Intersection,2,Same Movement Angle,11,Wet,1,1,No Defects,1,"Two-way, Not Divided",1,Not Applicable,0,DE1164001K,Injury Crash,Raining,3,20220627,6/23/2023 4:41:00 PM,,Yes,Y,N,SALISBURY,UNK,Other Vehicle,1,Not Applicable,0,370,MU,,0.33,South,S,CAMDEN AVE,0,Feet,F,S,1710,MU,,MARYLAND AVE,38.36755,-75.61771,20220627,6/27/2022 12:00:00 AM,,-75.6177113732812,38.3675553723826
669,2022,Q2,Daylight,1,Wicomico,22,,133,Intersection,2,Same Movement Angle,11,Dry,2,1,No Defects,1,"Two-way, Not Divided",1,Not Applicable,0,DE4161008B,Injury Crash,,6.01,20220619,6/23/2023 5:11:00 PM,,No,N,N,SALISBURY,UNK,Other Vehicle,1,Not Applicable,0,13,US,BU,4.87,North,N,S SALISBURY BLVD,0,Feet,F,N,1710,MU,,MARYLAND AVE,38.35379,-75.58911,20220619,6/19/2022 12:00:00 AM,,-75.589111421355,38.3537856609795
670,2022,Q2,Daylight,1,Wicomico,22,,133,Intersection,2,Head On,1,Dry,2,1,No Defects,1,"Two-way, Not Divided",1,Not Applicable,0,DE4192003R,Injury Crash,,7.01,20220510,6/23/2023 12:05:00 PM,,Yes,Y,N,SALISBURY,UNK,Other Vehicle,1,Not Applicable,0,50,US,BU,4.129,East,E,E SALISBURY PKWY,0,Feet,F,E,1900,MU,,NAYLOR ST,38.36826,-75.5863,20220510,5/10/2022 12:00:00 AM,,-75.5863042046753,38.3682614454094
671,2022,Q2,Daylight,1,Wicomico,22,,133,Non Intersection,1,Same Direction Rear End,3,Dry,2,1,No Defects,1,"Two-way, Not Divided",1,Not Applicable,0,DE1164001C,Property Damage Crash,,6.01,20220530,6/23/2023 12:38:00 PM,,No,N,N,SALISBURY,UNK,Parked Vehicle,2,Not Applicable,0,2570,MU,,0.81,South,S,SMITH ST,100,Feet,F,N,631,MU,,W COLLEGE AVE,38.34931,-75.60581,20220530,5/30/2022 12:00:00 AM,,-75.6058124774638,38.3493113512379
672,2022,Q2,Daylight,1,Wicomico,22,,133,Intersection,2,Same Movement Angle,11,Dry,2,1,No Defects,1,"Two-way, Not Divided",1,Not Applicable,0,DE117000BZ,Injury Crash,,6.01,20220625,6/23/2023 5:40:00 PM,,Yes,Y,N,SALISBURY,UNK,Other Vehicle,1,Not Applicable,0,2910,MU,,0.34,North,N,WAVERLY DR,0,Feet,F,N,1710,MU,,MARYLAND AVE,38.35868,-75.6017,20220625,6/25/2022 12:00:00 AM,,-75.6016981339617,38.3586787930919
673,2022,Q2,Daylight,1,Wicomico,22,,133,Non Intersection,1,Other,88,Dry,2,1,No Defects,1,"Two-way, Not Divided",1,Not Applicable,0,DE31770070,Injury Crash,,6.01,20220520,6/23/2023 6:22:00 PM,,No,N,N,SALISBURY,UNK,Other Vehicle,1,Other Vehicle,1,960,MU,,0.13,East,E,FITZWATER ST,300,Feet,F,E,950,MU,,FIRST ST,38.3639,-75.61044,20220520,5/20/2022 12:00:00 AM,,-75.6104465976323,38.3638967468374
674,2022,Q2,Dark Lights On,3,Wicomico,22,,133,Intersection,2,Other,88,Dry,2,1,No Defects,1,"Two-way, Not Divided",1,Not Applicable,0,DE11640013,Injury Crash,,6.01,20220520,6/23/2023 8:43:00 PM,,Yes,Y,N,SALISBURY,UNK,Other Pedalcycle,5,Not Applicable,0,740,MU,,0.1,South,S,DAVIS ST,0,Feet,F,S,1331,MU,,E ISABELLA ST,38.3691,-75.58886,20220520,5/20/2022 12:00:00 AM,,-75.5888611876936,38.3690996828042
675,2022,Q3,Dark Lights On,3,Wicomico,22,,133,Intersection,2,Same Direction Left Turn,9,Dry,2,1,No Defects,1,"Two-way, Divided, Unprotected (painted >4 feet) Median",3,Not Applicable,0,DE4184000K,Property Damage Crash,,6.01,20220924,6/23/2023 1:52:00 AM,,No,N,N,SALISBURY,UNK,Other Vehicle,1,Not Applicable,0,2910,MU,,0.2,North,N,WAVERLY DR,0,Feet,F,N,1210,MU,,HAZEL AVE,38.35673,-75.60206,20220924,9/24/2022 12:00:00 AM,,-75.6020599995693,38.3567299999896
676,2022,Q2,Daylight,1,Wicomico,22,,133,Intersection,2,Same Direction Right Turn,8,Dry,2,2,No Defects,1,"Two-way, Not Divided",1,Light Support Pole,8,DE11430026,Injury Crash,,6.01,20220618,6/23/2023 9:56:00 AM,,No,N,N,SALISBURY,UNK,Other Vehicle,1,Fixed Object,9,13,US,BU,4.67,North,N,S SALISBURY BLVD,0,Feet,F,N,1940,MU,,NORTH BLVD,38.3554,-75.60055,20220618,6/18/2022 12:00:00 AM,,-75.6005492878193,38.3554053363872
677,2022,Q2,Daylight,1,Wicomico,22,,133,Intersection Related,3,Same Direction Rear End,3,Dry,2,2,No Defects,1,"Two-way, Not Divided",1,Not Applicable,0,DE31960018,Property Damage Crash,,7.01,20220526,6/23/2023 2:59:00 PM,,Yes,Y,N,SALISBURY,UNK,Other Vehicle,1,Not Applicable,0,13,US,BU,5.47,North,N,N SALISBURY BLVD,10,Feet,F,N,1632,MU,,E MAIN ST,38.36569,-75.59534,20220526,5/26/2022 12:00:00 AM,,-75.5953438796163,38.3656887764159
678,2022,Q2,Daylight,1,Wicomico,22,,133,Intersection,2,Same Direction Sideswipe,7,Dry,2,2,No Defects,1,"Two-way, Not Divided",1,Not Applicable,0,ZVW2620017,Property Damage Crash,Not Applicable,0,20220629,6/23/2023 1:58:00 PM,,No,N,N,WICOMICO,UNK,Other Vehicle,1,Not Applicable,0,1897,MU,,0,South,S,E NAYLOR MILL RD,0,Feet,F,S,13,US,,N SALISBURY BLVD,38.41016,-75.56717,20220629,6/29/2022 12:00:00 AM,,-75.5671729996342,38.4101549995536
679,2022,Q2,Daylight,1,Wicomico,22,,133,,7.01,Single Vehicle,17,Dry,2,1,Loose Surface Material,5,One-way Trafficway,2,Not Applicable,0,DE3135000D,Property Damage Crash,,6.01,20220401,6/23/2023 10:17:00 AM,,Yes,Y,N,SALISBURY,UNK,Not Applicable,0,Not Applicable,0,1775,MU,,0.39,West,W,MILFORD ST,20,Feet,F,E,13,US,BU,S SALISBURY BLVD,38.33897,-75.60582,20220401,4/1/2022 12:00:00 AM,,-75.6058232522412,38.3389664875135
680,2022,Q2,Dark No Lights,4,Wicomico,22,,133,Non Intersection,1,Same Direction Rear End,3,Dry,2,1,No Defects,1,"Two-way, Not Divided",1,Not Applicable,0,DE4113004T,Property Damage Crash,,6.01,20220402,6/23/2023 7:46:00 PM,,No,N,N,SALISBURY,UNK,Other Vehicle,1,Not Applicable,0,2040,MU,,0.68,South,S,N PARK DR,0,Feet,F,N,1745,MU,,MEMORIAL PLAZA,38.35982,-75.57982,20220402,4/2/2022 12:00:00 AM,,-75.5798224966109,38.3598164813456
681,2022,Q2,Daylight,1,Wicomico,22,,133,Intersection,2,Same Movement Angle,11,Dry,2,2,No Defects,1,"Two-way, Not Divided",1,Not Applicable,0,DE31770076,Injury Crash,,6.01,20220619,6/23/2023 9:33:00 AM,,Yes,Y,N,SALISBURY,UNK,Other Vehicle,1,Not Applicable,0,1590,MU,,0,South,S,LONG AVE,0,Feet,F,S,2720,MU,,TRUITT ST (BACK),38.36784,-75.58295,20220619,6/19/2022 12:00:00 AM,,-75.5829511336879,38.3678368287067
682,2022,Q2,,7.88,Wicomico,22,,133,Not Applicable,0,Single Vehicle,17,Dry,2,1,No Defects,1,"Two-way, Not Divided",1,Guardrail or Barrier,5,ZV12950005,Property Damage Crash,,6.01,20220421,6/23/2023 2:16:00 AM,,No,N,N,WICOMICO,UNK,Fixed Object,9,Fixed Object,9,1895,MU,,1.35,West,W,NAYLOR MILL RD,950,Feet,F,E,2515,MU,,SCENIC DR,38.40931,-75.59498,20220421,4/21/2022 12:00:00 AM,,-75.5949759004174,38.4093121998982
683,2022,Q2,Daylight,1,Wicomico,22,,133,Intersection,2,Same Movement Angle,11,Dry,2,1,No Defects,1,"Two-way, Not Divided",1,Not Applicable,0,DE2131003D,Property Damage Crash,,6.01,20220531,6/23/2023 3:38:00 PM,,Yes,Y,N,SALISBURY,UNK,Other Vehicle,1,Not Applicable,0,1430,MU,,0.2,North,N,LAKE ST,0,Feet,F,N,320,MU,,BURTON ST,38.39638,-75.62438,20220531,5/31/2022 12:00:00 AM,,-75.6243856918462,38.3963779964474
684,2022,Q2,Daylight,1,Wicomico,22,,133,,9.04,Same Movement Angle,11,Wet,1,1,No Defects,1,"Two-way, Not Divided",1,Curb,4,DE413900C4,Property Damage Crash,Raining,3,20220406,6/23/2023 9:44:00 AM,,No,N,N,SALISBURY,UNK,Parked Vehicle,2,Fixed Object,9,13,US,BU,6.17,North,N,N SALISBURY BLVD,20,Feet,F,N,1580,MU,,LONDON AVE,38.3759,-75.592,20220406,4/6/2022 12:00:00 AM,,-75.5920005860581,38.3759041638461
685,2022,Q2,Daylight,1,Wicomico,22,,133,Intersection,2,Single Vehicle,17,Dry,2,1,No Defects,1,"Two-way, Not Divided",1,Curb,4,DE2145001R,Property Damage Crash,,6.01,20220622,6/23/2023 9:42:00 AM,,No,N,N,SALISBURY,UNK,Fixed Object,9,Not Applicable,0,1430,MU,,0.88,North,N,LAKE ST,0,Feet,F,N,650,MU,,COLLINS ST,38.3778,-75.6032,20220622,6/22/2022 12:00:00 AM,,-75.6031957641732,38.3777984544352
686,2022,Q2,Daylight,1,Wicomico,22,,133,Intersection,2,Angle Meets Right Turn,12,Dry,2,0,No Defects,1,"Two-way, Divided, Positive Median Barrier",4,Not Applicable,0,DE31770075,Injury Crash,,7.01,20220614,6/23/2023 7:50:00 AM,,Yes,Y,N,SALISBURY,UNK,Bicycle,4,Not Applicable,0,13,US,,12.65,North,N,N SALISBURY BLVD,0,Feet,F,N,1897,MU,,E NAYLOR MILL RD,38.41009,-75.56734,20220614,6/14/2022 12:00:00 AM,,-75.5673412079304,38.4100923428874
687,2022,Q2,,6.02,Wicomico,22,,133,Intersection,2,Same Direction Rear End,3,Dry,2,2,No Defects,1,"Two-way, Not Divided",1,Not Applicable,0,DE31960014,Injury Crash,,6.01,20220511,6/23/2023 7:08:00 PM,,Yes,Y,N,SALISBURY,UNK,Other Vehicle,1,Not Applicable,0,50,US,BU,5.864,East,E,E SALISBURY PKWY,0,Feet,F,E,2167,MU,,PHILLIP MORRIS DR,38.36588,-75.55496,20220511,5/11/2022 12:00:00 AM,,-75.5549636713363,38.3658759577093
688,2022,Q2,Daylight,1,Wicomico,22,,133,Intersection,2,Head On,1,Wet,1,1,No Defects,1,"Two-way, Not Divided",1,Not Applicable,0,DE3135000Q,Injury Crash,Raining,3,20220514,6/23/2023 10:38:00 AM,,Yes,Y,N,SALISBURY,UNK,Other Vehicle,1,Other Vehicle,1,1482,MU,,0.05,North,N,LIBERTY ST #2,0,Feet,F,N,1380,MU,,JOHNSON ST,38.37876,-75.58559,20220514,5/14/2022 12:00:00 AM,,-75.5855919398161,38.3787605527573
689,2022,Q2,Dark Lights On,3,Wicomico,22,,133,Non Intersection,1,Other,88,Dry,2,1,No Defects,1,"Two-way, Not Divided",1,Not Applicable,0,DE6197002J,Injury Crash,,6.01,20220511,6/23/2023 9:50:00 PM,22,No,N,N,SALISBURY,UNK,Pedestrian,3,Not Applicable,0,13,US,BU,5.51,North,N,N SALISBURY BLVD,10,Feet,F,N,360,MU,,CALVERT ST,38.35564,-75.606,20220511,5/11/2022 12:00:00 AM,,-75.6059957799812,38.3556428725206
690,2022,Q2,Dark Lights On,3,Wicomico,22,,133,Non Intersection,1,Other,88,Dry,2,1,No Defects,1,Other,88,Not Applicable,0,DE6197002K,Property Damage Crash,,6.01,20220604,6/23/2023 11:52:00 PM,22,No,N,N,SALISBURY,UNK,Parked Vehicle,2,Not Applicable,0,775,MU,,0.09,North,N,N DIVISION ST,200,Feet,F,S,50,US,BU,E SALISBURY PKWY,38.35564,-75.606,20220604,6/4/2022 12:00:00 AM,,-75.6059957799812,38.3556428725206
691,2022,Q2,Daylight,1,Wicomico,22,,133,Intersection,2,Head On Left Turn,2,Dry,2,3,No Defects,1,"Two-way, Not Divided",1,Not Applicable,0,DE3135000N,Property Damage Crash,,7.01,20220505,6/23/2023 5:05:00 PM,,Yes,Y,N,SALISBURY,UNK,Other Vehicle,1,Not Applicable,0,12,MD,,5.88,North,N,SNOW HILL RD,0,Feet,F,N,277,CO,,BEAGLIN PARK DR,38.34737,-75.58184,20220505,5/5/2022 12:00:00 AM,,-75.5818412857467,38.3473755029771
692,2022,Q2,Daylight,1,Wicomico,22,,133,Non Intersection,1,Same Direction Rear End,3,Dry,2,1,No Defects,1,"Two-way, Not Divided",1,Not Applicable,0,DE21310032,Property Damage Crash,,6.01,20220404,6/23/2023 9:53:00 AM,,No,N,N,SALISBURY,UNK,Other Vehicle,1,Not Applicable,0,768,MU,,0,North,N,S DIVISION ST,1,Feet,F,N,828,MU,,EASTERN SHORE DR,38.34723,-75.59785,20220404,4/4/2022 12:00:00 AM,,-75.5978519296228,38.347230632088
693,2022,Q2,Daylight,1,Wicomico,22,,133,Intersection,2,Same Direction Both Left Turn,10,Dry,2,0,No Defects,1,"Two-way, Divided, Positive Median Barrier",4,Not Applicable,0,DE1164000R,Property Damage Crash,,6.01,20220404,6/23/2023 4:29:00 PM,,Yes,Y,N,SALISBURY,UNK,Other Vehicle,1,Not Applicable,0,50,US,BU,2.518,East,E,W SALISBURY PKWY,0,Feet,F,E,349,MD,,NANTICOKE RD,38.3696,-75.61414,20220404,4/4/2022 12:00:00 AM,,-75.6141404163471,38.3696000440069
694,2022,Q2,Daylight,1,Wicomico,22,,133,Intersection,2,Same Direction Rear End,3,Dry,2,2,No Defects,1,"Two-way, Not Divided",1,Not Applicable,0,DE413900CK,Injury Crash,,6.01,20220629,6/23/2023 3:53:00 PM,,Yes,Y,N,SALISBURY,UNK,Other Vehicle,1,Not Applicable,0,630,MU,,0.49,West,W,E COLLEGE AVE,0,Feet,F,W,48,MU,,ARTHUR CT,38.37932,-75.58622,20220629,6/29/2022 12:00:00 AM,,-75.5862224374155,38.3793204940456
695,2022,Q2,Daylight,1,Wicomico,22,,133,Non Intersection,1,Same Direction Rear End,3,Not Applicable,0,1,No Defects,1,"Two-way, Not Divided",1,Not Applicable,0,DE21860082,Property Damage Crash,,6.01,20220417,6/23/2023 7:18:00 PM,,No,N,N,SALISBURY,UNK,Parked Vehicle,2,Not Applicable,0,960,MU,,0.09,East,E,FITZWATER ST,350,Feet,F,W,760,MU,,DELAWARE AVE,38.3639,-75.61344,20220417,4/17/2022 12:00:00 AM,,-75.6134411466915,38.3639009250876
696,2022,Q2,Daylight,1,Wicomico,22,,133,Intersection Related,3,Same Direction Rear End,3,Dry,2,5,No Defects,1,"Two-way, Not Divided",1,Not Applicable,0,DE1109003L,Injury Crash,,6.01,20220505,6/23/2023 4:14:00 PM,,Yes,Y,N,SALISBURY,UNK,Other Vehicle,1,Not Applicable,0,13,US,,12.65,North,N,N SALISBURY BLVD,20,Feet,F,S,1897,MU,,E NAYLOR MILL RD,38.40994,-75.56747,20220505,5/5/2022 12:00:00 AM,,-75.5674636551236,38.4099408592833
697,2022,Q2,Daylight,1,Wicomico,22,,133,Not Applicable,0,Same Direction Rear End Left Turn,5,Dry,2,1,No Defects,1,Other,88,Not Applicable,0,ZV1279000Z,Property Damage Crash,,6.01,20220517,6/23/2023 3:52:00 PM,,No,N,N,WICOMICO,UNK,Other Vehicle,1,Other Vehicle,1,12,MD,,5.88,North,N,SNOW HILL RD,5,Feet,F,S,277,CO,,BEAGLIN PARK DR,38.34732,-75.58188,20220517,5/17/2022 12:00:00 AM,,-75.5818793000896,38.3473240662527
698,2022,Q2,Dark Lights On,3,Wicomico,22,,133,Intersection,2,Same Direction Rear End,3,Dry,2,2,No Defects,1,"Two-way, Not Divided",1,Not Applicable,0,DE4115007S,Injury Crash,,6.01,20220613,6/23/2023 8:58:00 PM,DE 8270,Yes,Y,N,SALISBURY,UNK,Other Vehicle,1,Not Applicable,0,12,MD,,5.88,North,N,SNOW HILL RD,0,Feet,F,N,277,CO,,BEAGLIN PARK DR,38.34776,-75.58196,20220613,6/13/2022 12:00:00 AM,,-75.5819630152809,38.3477598732196
699,2022,Q2,Daylight,1,Wicomico,22,,133,Non Intersection,1,Single Vehicle,17,Dry,2,1,No Defects,1,"Two-way, Not Divided",1,Curb,4,DE41610084,Property Damage Crash,Not Applicable,0,20220604,6/23/2023 7:54:00 PM,,No,N,N,SALISBURY,UNK,Fixed Object,9,Not Applicable,0,2270,MU,,0.4,West,W,PRINCE ST,50,Feet,F,E,1340,MU,,JACKSON ST,38.35379,-75.58911,20220604,6/4/2022 12:00:00 AM,,-75.589111421355,38.3537856609795
700,2022,Q2,Daylight,1,Wicomico,22,,133,Intersection Related,3,Single Vehicle,17,Dry,2,1,No Defects,1,"Two-way, Divided, Unprotected (painted >4 feet) Median",3,Bridge or Overpass,1,DE1109003R,Property Damage Crash,,6.01,20220628,6/23/2023 11:13:00 AM,,Yes,Y,N,SALISBURY,UNK,Fixed Object,9,Not Applicable,0,1632,MU,,0.29,East,E,E MAIN ST,10,Feet,F,E,13,US,BU,N SALISBURY BLVD,38.36407,-75.6039,20220628,6/28/2022 12:00:00 AM,,-75.6039029910302,38.3640733916737
701,2022,Q2,Daylight,1,Wicomico,22,,133,Intersection,2,Same Movement Angle,11,Dry,2,1,No Defects,1,"Two-way, Not Divided",1,Curb,4,DE1143001T,Property Damage Crash,,6.01,20220422,6/23/2023 4:29:00 PM,,Yes,Y,N,SALISBURY,UNK,Other Vehicle,1,Fixed Object,9,350,MD,,0.53,East,E,MT HERMON RD,0,Feet,F,E,545,MU,,CIVIC AVE,38.34898,-75.52416,20220422,4/22/2022 12:00:00 AM,,-75.5241653104807,38.3489742565567
702,2022,Q2,Dark Lights On,3,Wicomico,22,,133,Intersection,2,Single Vehicle,17,Dry,2,0,No Defects,1,"Two-way, Divided, Positive Median Barrier",4,Other Pole,10,DE413900C3,Property Damage Crash,,6.01,20220402,6/23/2023 3:30:00 AM,,Yes,Y,N,SALISBURY,UNK,Fixed Object,9,Not Applicable,0,50,US,BU,3.871,East,E,E SALISBURY PKWY,0,Feet,F,E,2890,MU,,WARD ST,38.36737,-75.59077,20220402,4/2/2022 12:00:00 AM,,-75.5907754872989,38.3673649984959
703,2022,Q2,Daylight,1,Wicomico,22,,133,Non Intersection,1,Single Vehicle,17,Dry,2,1,No Defects,1,"Two-way, Not Divided",1,Curb,4,DE1141003P,Property Damage Crash,,6.01,20220615,6/23/2023 8:15:00 AM,,No,N,N,SALISBURY,UNK,Fixed Object,9,Not Applicable,0,631,MU,,0.76,West,W,W COLLEGE AVE,20,Feet,F,E,2490,MU,,RUSSELL AVE,38.34982,-75.61166,20220615,6/15/2022 12:00:00 AM,,-75.6116572604741,38.3498182235322
704,2022,Q2,Daylight,1,Wicomico,22,,133,Intersection,2,Other,88,Dry,2,2,No Defects,1,"Two-way, Not Divided",1,Not Applicable,0,DE4168002J,Injury Crash,,6.01,20220630,6/23/2023 8:15:00 PM,,Yes,Y,N,SALISBURY,UNK,Other Vehicle,1,Not Applicable,0,13,US,BU,6.46,North,N,N SALISBURY BLVD,0,Feet,F,N,250,MU,,BRIDGEVIEW ST,38.36449,-75.62183,20220630,6/30/2022 12:00:00 AM,,-75.6218321487347,38.3644871913309
705,2022,Q2,Daylight,1,Wicomico,22,,133,Intersection,2,Same Movement Angle,11,Dry,2,1,No Defects,1,"Two-way, Not Divided",1,Not Applicable,0,DE2131003C,Property Damage Crash,,6.01,20220531,6/23/2023 1:52:00 PM,,Yes,Y,N,SALISBURY,UNK,Other Vehicle,1,Not Applicable,0,1896,MU,,3.672,West,W,NAYLOR MILL RD,0,Feet,F,W,3078,MU,,WESTWOOD DR,38.39638,-75.62438,20220531,5/31/2022 12:00:00 AM,,-75.6243856918462,38.3963779964474
706,2022,Q2,Dark Lights On,3,Wicomico,22,,133,Non Intersection,1,Single Vehicle,17,Dry,2,1,No Defects,1,"Two-way, Not Divided",1,Light Support Pole,8,DE7191006X,Property Damage Crash,,6.01,20220626,6/23/2023 12:01:00 AM,,No,N,N,SALISBURY,UNK,Fixed Object,9,Not Applicable,0,370,MU,,0.33,South,S,CAMDEN AVE,129,Feet,F,N,1710,MU,,MARYLAND AVE,38.35967,-75.60484,20220626,6/26/2022 12:00:00 AM,,-75.6048428617087,38.3596735979582
707,2022,Q2,Daylight,1,Wicomico,22,,133,Intersection,2,Same Direction Rear End,3,Dry,2,2,No Defects,1,"Two-way, Not Divided",1,Not Applicable,0,DE21310036,Property Damage Crash,,6.01,20220414,6/23/2023 1:37:00 PM,,Yes,Y,N,SALISBURY,UNK,Other Vehicle,1,Not Applicable,0,13,US,BU,4.53,North,N,S SALISBURY BLVD,0,Feet,F,N,2600,MU,,SOUTH BLVD,38.35335,-75.59935,20220414,4/14/2022 12:00:00 AM,,-75.5993484977349,38.3533473431054
708,2022,Q2,Daylight,1,Wicomico,22,,133,Not Applicable,0,Same Direction Sideswipe,7,Dry,2,1,No Defects,1,"Two-way, Divided, Positive Median Barrier",4,Not Applicable,0,DE413900CC,Property Damage Crash,,6.01,20220523,6/23/2023 3:43:00 PM,,No,N,N,SALISBURY,UNK,Other Vehicle,1,Not Applicable,0,50,US,BU,3.308,East,E,W SALISBURY PKWY,0,Feet,F,W,1462,MU,,LEMMON HILL LA,38.36657,-75.60099,20220523,5/23/2022 12:00:00 AM,,-75.6009940331481,38.3665642853136
709,2022,Q2,Daylight,1,Wicomico,22,,133,Not Applicable,0,Single Vehicle,17,Dry,2,1,No Defects,1,"Two-way, Not Divided",1,Not Applicable,0,DE41610081,Injury Crash,,6.01,20220521,6/23/2023 10:12:00 AM,,No,N,N,SALISBURY,UNK,Pedestrian,3,Not Applicable,0,800,MU,,0,South,S,DOVER ST,100,Feet,F,S,13,US,BU,N SALISBURY BLVD,38.35379,-75.58911,20220521,5/21/2022 12:00:00 AM,,-75.589111421355,38.3537856609795
710,2022,Q2,Daylight,1,Wicomico,22,,133,Alley,10.04,Same Direction Rear End,3,Not Applicable,0,1,No Defects,1,"Two-way, Not Divided",1,Not Applicable,0,DE51560027,Property Damage Crash,,6.01,20220511,6/23/2023 8:19:00 AM,,No,N,N,SALISBURY,UNK,Other Vehicle,1,Not Applicable,0,631,MU,,0.18,West,W,W COLLEGE AVE,100,Feet,F,E,2710,MU,,S TOWER DR,38.35464,-75.59971,20220511,5/11/2022 12:00:00 AM,,-75.5997060735764,38.3546375680693
711,2022,Q2,Daylight,1,Wicomico,22,,133,Intersection,2,Angle Meets Right Turn,12,Dry,2,2,No Defects,1,"Two-way, Not Divided",1,Not Applicable,0,ZV1292001P,Property Damage Crash,,6.01,20220519,6/23/2023 7:31:00 AM,,Yes,Y,N,WICOMICO,UNK,Other Vehicle,1,Other Vehicle,1,630,MU,,0.86,West,W,E COLLEGE AVE,0,Feet,F,W,828,MU,,EASTERN SHORE DR,38.34806,-75.59786,20220519,5/19/2022 12:00:00 AM,,-75.5978650003694,38.3480600003688
712,2022,Q2,Daylight,1,Wicomico,22,,133,Intersection,2,Same Movement Angle,11,Wet,1,1,No Defects,1,"Two-way, Divided, Positive Median Barrier",4,Not Applicable,0,DE41680029,Injury Crash,Raining,3,20220514,6/23/2023 12:30:00 PM,,Yes,Y,N,SALISBURY,UNK,Other Vehicle,1,Not Applicable,0,13,US,BU,6.73,North,N,N SALISBURY BLVD,0,Feet,F,N,830,MU,,EDGEMORE AVE,38.38175,-75.58665,20220514,5/14/2022 12:00:00 AM,,-75.5866505335952,38.3817527500894
713,2022,Q2,Daylight,1,Wicomico,22,,133,Intersection,2,Same Direction Rear End,3,Dry,2,2,No Defects,1,"Two-way, Divided, Positive Median Barrier",4,Not Applicable,0,DE4161007Z,Injury Crash,,6.01,20220517,6/23/2023 6:26:00 PM,,Yes,Y,N,SALISBURY,UNK,Other Vehicle,1,Not Applicable,0,50,US,BU,4.295,East,E,E SALISBURY PKWY,0,Feet,F,E,2720,MU,,TRUITT ST,38.35379,-75.58911,20220517,5/17/2022 12:00:00 AM,,-75.589111421355,38.3537856609795
714,2022,Q2,Daylight,1,Wicomico,22,,133,Intersection,2,Same Movement Angle,11,Dry,2,2,No Defects,1,"Two-way, Not Divided",1,Not Applicable,0,DE311100C3,Property Damage Crash,,7.01,20220520,6/23/2023 7:35:00 AM,,Yes,Y,N,SALISBURY,UNK,Other Vehicle,1,Not Applicable,0,1780,MU,,0.49,South,S,MILL ST,0,Feet,F,S,1640,MU,,W MAIN ST,38.37353,-75.51744,20220520,5/20/2022 12:00:00 AM,,-75.5174401253615,38.3735316812421
715,2022,Q2,Daylight,1,Wicomico,22,,133,Intersection,2,Head On Left Turn,2,Dry,2,1,No Defects,1,"Two-way, Divided, Positive Median Barrier",4,Not Applicable,0,DE3196001C,Injury Crash,,6.01,20220603,6/23/2023 7:00:00 PM,,Yes,Y,N,SALISBURY,UNK,Other Vehicle,1,Not Applicable,0,50,US,BU,3.871,East,E,E SALISBURY PKWY,0,Feet,F,E,2890,MU,,WARD ST,38.36734,-75.59082,20220603,6/3/2022 12:00:00 AM,,-75.5908194416639,38.3673396457081
716,2022,Q2,Unknown,99,Wicomico,22,,133,Non Intersection,1,Unknown,99,Unknown,99,0,No Defects,1,"Two-way, Not Divided",1,Sign Support Pole,9,DE1181006T,Property Damage Crash,Not Applicable,0,20220611,6/23/2023 12:43:00 PM,,No,N,N,SALISBURY,UNK,Fixed Object,9,Fixed Object,9,430,MU,,0,North,N,CATHERINE ST,30,Feet,F,S,1640,MU,,W MAIN ST,38.36712,-75.61111,20220611,6/11/2022 12:00:00 AM,,-75.6111066505514,38.3671191274458
717,2022,Q2,Daylight,1,Wicomico,22,,133,Non Intersection,1,Same Direction Sideswipe,7,Wet,1,1,No Defects,1,"Two-way, Not Divided",1,Not Applicable,0,MSP597900D5,Property Damage Crash,Raining,3,20220623,6/23/2023 8:33:00 AM,,No,N,N,MSP,UNK,Other Vehicle,1,Not Applicable,0,13,US,BU,4.53,North,N,S SALISBURY BLVD,50,Feet,F,S,2600,MU,,SOUTH BLVD,38.35337,-75.60105,20220623,6/23/2022 12:00:00 AM,,-75.6010499997577,38.3533679996335