OBJECTID,year,quarter,light_desc,light_code,county_des,county_no,muni_desc,muni_code,junction_d,junction_c,collision_,collisio_2,surf_cond_,surf_con_2,lane_code,rd_cond_de,rd_cond_co,rd_div_des,rd_div_cod,fix_obj_de,fix_obj_co,report_no,report_typ,weather_de,weather_co,acc_date,acc_time,loc_code,signal_fla,signal_f_2,c_m_zone_f,agency_cod,area_code,harm_event,harm_eve_2,harm_eve_3,harm_eve_4,rte_no,route_type,rte_suffix,log_mile,logmile_di,logmile__2,mainroad_n,distance,feet_miles,feet_mil_2,distance_d,reference_,referenc_2,referenc_3,referenc_4,latitude,longitude,crashdate,date,Field1,x,y
820,2022,Q3,,7.88,Wicomico,22,,0,Non Intersection,1,Single Vehicle,17,Dry,2,1,No Defects,1,"Two-way, Not Divided",1,Sign Support Pole,9,MSP6929005M,Property Damage Crash,,6.01,20220908,6/23/2023 4:00:00 AM,,No,N,N,MSP,UNK,Fixed Object,9,Not Applicable,0,356,CO,,1.634,North,N,HOBBS RD,0.25,Miles,M,N,50,US,,OCEAN GATEWAY,38.42033,-75.56452,20220908,9/8/2022 12:00:00 AM,,-75.5957946180272,38.3632488158802
821,2022,Q3,Daylight,1,Wicomico,22,,133,Non Intersection,1,Same Direction Sideswipe,7,Dry,2,1,No Defects,1,"Two-way, Not Divided",1,Not Applicable,0,DE71910074,Property Damage Crash,,6.01,20220714,6/23/2023 1:09:00 PM,,No,N,N,SALISBURY,UNK,Other Vehicle,1,Not Applicable,0,2525,MU,,0,East,E,S SCHUMAKER DR,200,Feet,F,E,12,MD,,SNOW HILL RD,38.38187,-75.58675,20220714,7/14/2022 12:00:00 AM,,-75.6012301150777,38.3521014861947
822,2022,Q3,Dark No Lights,4,Wicomico,22,,0,Not Applicable,0,Single Vehicle,17,Dry,2,1,No Defects,1,"Two-way, Not Divided",1,Building,2,ZV1530000C,Injury Crash,,6.01,20220917,6/23/2023 12:09:00 AM,,No,N,N,WICOMICO,UNK,Off Road,16,Fixed Object,9,1083,CO,,0,East,E,STONEY BROOKE DR,150,Feet,F,E,0,UU,,CUL DE SAC,38.32086,-75.56662,20220917,9/17/2022 12:00:00 AM,,-75.5694513025355,38.4021372089651
823,2022,Q3,Daylight,1,Wicomico,22,,0,Intersection,2,Other,88,Wet,1,1,No Defects,1,"Two-way, Divided, Positive Median Barrier",4,Not Applicable,0,GPDM710017,Injury Crash,Raining,3,20220922,6/23/2023 5:38:00 PM,,Yes,Y,N,DELMAR,UNK,Other Vehicle,1,Other Vehicle,1,54,MD,,10.99,East,E,E LINE RD (DEL MAINT),0,Feet,F,E,180,MU,,STAGE RD,38.45547,-75.55533,20220922,9/22/2022 12:00:00 AM,,-75.5952514706788,38.3656525643144
824,2022,Q3,Daylight,1,Wicomico,22,,133,Intersection,2,Same Movement Angle,11,Dry,2,1,No Defects,1,"Two-way, Not Divided",1,Not Applicable,0,DE4161008H,Injury Crash,,6.01,20220720,6/23/2023 4:28:00 PM,,Yes,Y,N,SALISBURY,UNK,Other Vehicle,1,Not Applicable,0,520,MU,,0.47,West,W,E CHURCH ST,0,Feet,F,W,2720,MU,,TRUITT ST,38.35379,-75.58911,20220720,7/20/2022 12:00:00 AM,,-75.5928897853353,38.3738276238458
825,2022,Q3,Not Applicable,0,Wicomico,22,,133,Intersection Related,3,Same Direction Rear End,3,Dry,2,1,No Defects,1,"Two-way, Divided, Positive Median Barrier",4,Not Applicable,0,DE1143002F,Property Damage Crash,,6.01,20220720,6/23/2023 1:42:00 PM,,No,N,N,SALISBURY,UNK,Other Vehicle,1,Not Applicable,0,2525,MU,,0.91,East,E,S SCHUMAKER DR,50,Feet,F,E,124,MU,,BEAGLIN PARK DR,38.3554,-75.60055,20220720,7/20/2022 12:00:00 AM,,-75.6003744901905,38.3665715815133
826,2022,Q3,Daylight,1,Wicomico,22,,0,Intersection Related,3,Other,88,Dry,2,1,No Defects,1,"Two-way, Not Divided",1,Not Applicable,0,ZV1526000W,Property Damage Crash,,6.01,20220913,6/23/2023 7:10:00 PM,,No,N,N,WICOMICO,UNK,Parked Vehicle,2,Other Vehicle,1,453,CO,,0.13,North,N,WOODCREST AVE,1,Feet,F,S,455,CO,,HURON AVE,38.37539,-75.54265,20220913,9/13/2022 12:00:00 AM,,-75.5978679654342,38.3479670932068
827,2022,Q3,Daylight,1,Wicomico,22,,0,Non Intersection,1,Single Vehicle,17,Dry,2,1,No Defects,1,"Two-way, Divided, Positive Median Barrier",4,Not Applicable,0,DE31350015,Property Damage Crash,,6.01,20220728,6/23/2023 10:28:00 AM,,No,N,N,SALISBURY,UNK,Explosion or Fire,18,Not Applicable,0,50,US,,19.6,East,E,OCEAN GATEWAY,500,Feet,F,W,356,CO,,HOBBS RD,38.37214,-75.52743,20220728,7/28/2022 12:00:00 AM,,-75.6024599073988,38.362879668462
828,2022,Q3,Daylight,1,Wicomico,22,,0,Intersection,2,Same Movement Angle,11,Dry,2,1,No Defects,1,"Two-way, Not Divided",1,Not Applicable,0,ZV1292001Z,Property Damage Crash,,6.01,20220708,6/23/2023 1:40:00 PM,,Yes,Y,N,WICOMICO,UNK,Other Vehicle,1,Other Vehicle,1,346,MD,,4.51,East,E,OLD OCEAN CITY RD,0,Feet,F,E,294,CO,,WALSTON SWITCH RD,38.38536,-75.50511,20220708,7/8/2022 12:00:00 AM,,-75.5934248864493,38.3628092146736
829,2022,Q3,Daylight,1,Wicomico,22,,133,Intersection,2,Same Movement Angle,11,Dry,2,1,No Defects,1,"Two-way, Not Divided",1,Not Applicable,0,DE610600C5,Property Damage Crash,,6.01,20220719,6/23/2023 5:02:00 PM,,Yes,Y,N,SALISBURY,UNK,Other Vehicle,1,Not Applicable,0,1990,MU,,0.19,East,E,OHIO AVE,0,Feet,F,E,2910,MU,,WAVERLY DR,38.36307,-75.5948,20220719,7/19/2022 12:00:00 AM,,-75.6106996533663,38.3638176487655
830,2022,Q3,Daylight,1,Wicomico,22,,118,Intersection,2,Same Movement Angle,11,Dry,2,1,No Defects,1,"Two-way, Not Divided",1,Not Applicable,0,MSP6843008F,Property Damage Crash,,6.01,20220922,6/23/2023 5:06:00 PM,,Yes,Y,N,MSP,UNK,Other Vehicle,1,Not Applicable,0,346,MD,,9.81,East,E,OLD OCEAN CITY RD,0,Feet,F,E,21,MU,,PINE ST,38.39025,-75.40931,20220922,9/22/2022 12:00:00 AM,,-75.6001397968141,38.3666546500921
831,2022,Q3,,6.02,Wicomico,22,,61,,88,Opposite Direction Sideswipe,6,Dry,2,0,No Defects,1,"Two-way, Not Divided",1,Not Applicable,0,GS04710007,Injury Crash,,6.01,20220917,6/23/2023 6:26:00 PM,,No,N,N,FRUITLAND,UNK,Other Vehicle,1,Other Vehicle,1,315,MU,,0,North,N,SHARPS POINT RD,0,,U,S,38,MU,,S CAMDEN AVE,38.32139,-75.63283,20220917,9/17/2022 12:00:00 AM,,-75.6035113335811,38.3738108020269
832,2022,Q3,Daylight,1,Wicomico,22,,0,,0,Other,88,,0,0,,0,,0,Not Applicable,0,DE1164002G,Property Damage Crash,,6.01,20220924,6/23/2023 2:30:00 PM,,No,N,N,SALISBURY,UNK,Other Vehicle,1,Not Applicable,0,0,,,0,,,,0,,,,0,,,,38.41703,-75.56774,20220924,9/24/2022 12:00:00 AM,,-75.6149469319553,38.4002443617879
833,2022,Q3,Dark No Lights,4,Wicomico,22,,0,Non Intersection,1,Single Vehicle,17,Dry,2,1,No Defects,1,"Two-way, Not Divided",1,Not Applicable,0,MSP597900D8,Property Damage Crash,,6.01,20220712,6/23/2023 12:30:00 AM,,No,N,N,MSP,UNK,Overturn,11,Not Applicable,0,54,MD,,19.79,East,E,E LINE RD,0.75,Miles,M,E,353,MD,,GUMBORO RD,38.45215,-75.40489,20220712,7/12/2022 12:00:00 AM,,-75.5674543975024,38.40841341115
834,2022,Q3,Daylight,1,Wicomico,22,,133,Intersection,2,Angle Meets Right Turn,12,Dry,2,1,No Defects,1,"Two-way, Not Divided",1,Not Applicable,0,DE3196001V,Injury Crash,,6.01,20220914,6/23/2023 12:20:00 PM,22,Yes,Y,N,SALISBURY,UNK,Other Vehicle,1,Not Applicable,0,1330,MU,,0.17,East,E,W ISABELLA ST,0,Feet,F,E,2025,MU,,PACA ST,38.36734,-75.59082,20220914,9/14/2022 12:00:00 AM,,-75.5629393403782,38.395709785778
835,2022,Q3,,7.88,Wicomico,22,,0,Not Applicable,0,Single Vehicle,17,Dry,2,1,No Defects,1,"Two-way, Not Divided",1,Other Pole,10,ZV1294000L,Injury Crash,Not Applicable,0,20220817,6/23/2023 5:00:00 AM,,No,N,N,WICOMICO,UNK,Other Object,10,Fixed Object,9,152,CO,,1.05,South,S,SILOAM RD,700,Feet,F,S,145,CO,,CAMP GROUND RD,38.32515,-75.68858,20220817,8/17/2022 12:00:00 AM,,-75.5843938890667,38.3722967762753
836,2022,Q3,Daylight,1,Wicomico,22,,133,Intersection,2,Same Movement Angle,11,Dry,2,2,No Defects,1,"Two-way, Not Divided",1,Not Applicable,0,DE3135000Z,Property Damage Crash,,6.01,20220718,6/23/2023 11:46:00 AM,,Yes,Y,N,SALISBURY,UNK,Other Vehicle,1,Not Applicable,0,631,MU,,0.23,West,W,W COLLEGE AVE,0,Feet,F,W,13,US,BU,S SALISBURY BLVD,38.34862,-75.60201,20220718,7/18/2022 12:00:00 AM,,-75.6101578478064,38.3677881582969
837,2022,Q3,Dark Lights On,3,Wicomico,22,,43,Intersection,2,Single Vehicle,17,Dry,2,0,No Defects,1,"Two-way, Not Divided",1,Sign Support Pole,9,GPDM570065,Property Damage Crash,,6.01,20220829,6/23/2023 8:45:00 PM,,Yes,Y,N,DELMAR,UNK,Fixed Object,9,Not Applicable,0,13,US,,15.16,North,N,OCEAN HWY,0,Feet,F,N,70,MU,,FOSKEY LA,38.4453,-75.56037,20220829,8/29/2022 12:00:00 AM,,-75.5674833331892,38.4111533333597
838,2022,Q3,Daylight,1,Wicomico,22,,0,Intersection,2,Same Movement Angle,11,Dry,2,1,No Defects,1,"Two-way, Divided, Positive Median Barrier",4,Not Applicable,0,DE11640023,Property Damage Crash,,6.01,20220827,6/23/2023 10:46:00 AM,,Yes,Y,N,SALISBURY,UNK,Other Vehicle,1,Not Applicable,0,50,US,BU,5.249,East,E,E SALISBURY PKWY,0,Feet,F,E,124,MU,,BEAGLIN PARK DR,38.36761,-75.56602,20220827,8/27/2022 12:00:00 AM,,-75.591059758501,38.3564970665864
839,2020,Q3,Dark Lights On,3,Wicomico,22,,133,Intersection Related,3,Same Direction Rear End,3,Wet,1,0,No Defects,1,"Two-way, Divided, Positive Median Barrier",4,Not Applicable,0,DE31110088,Injury Crash,Raining,3,20200828,6/23/2023 8:38:00 PM,,Yes,Y,N,SALISBURY,UNK,Other Vehicle,1,Not Applicable,0,13,US,,12.65,North,N,N SALISBURY BLVD,10,Feet,F,S,1897,MU,,E NAYLOR MILL RD,38.41988,-75.56783,20200828,8/28/2020 12:00:00 AM,,-75.5678232175674,38.4198847108108
840,2020,Q3,Daylight,1,Wicomico,22,,133,Intersection,2,Head On Left Turn,2,Wet,1,1,No Defects,1,"Two-way, Not Divided",1,Not Applicable,0,DE2193004P,Injury Crash,,7.01,20200816,6/23/2023 6:05:00 PM,,No,N,N,SALISBURY,UNK,Other Vehicle,1,Not Applicable,0,1500,MU,,0.43,West,W,E LINCOLN AVE,0,Feet,F,W,5,MU,,ADAMS AVE,38.35176,-75.58862,20200816,8/16/2020 12:00:00 AM,,-75.5886192844524,38.3517631711335
841,2020,Q3,Dark Lights On,3,Wicomico,22,,133,Intersection,2,Same Movement Angle,11,Dry,2,2,No Defects,1,"Two-way, Divided, Positive Median Barrier",4,Other Pole,10,DE4192000V,Fatal Crash,Not Applicable,0,20200819,6/23/2023 8:42:00 PM,,Yes,Y,N,SALISBURY,UNK,Other Vehicle,1,Fixed Object,9,50,US,BU,6.259,East,E,E SALISBURY PKWY,0,Feet,F,E,290,CO,,TILGHMAN RD,38.3662,-75.54773,20200819,8/19/2020 12:00:00 AM,,-75.5477263079227,38.3661937772211
842,2020,Q3,Daylight,1,Wicomico,22,,133,,5.01,Other,88,Dry,2,3,No Defects,1,"Two-way, Divided, Positive Median Barrier",4,Not Applicable,0,DE3160007Q,Property Damage Crash,,6.01,20200823,6/23/2023 6:52:00 AM,,Yes,Y,N,SALISBURY,UNK,Other Vehicle,1,Not Applicable,0,50,US,BU,3.166,East,E,W SALISBURY PKWY,20,Feet,F,E,1780,MU,,MILL ST,38.36596,-75.60278,20200823,8/23/2020 12:00:00 AM,,-75.6027820472536,38.3659589723288
843,2020,Q2,Dark Lights On,3,Wicomico,22,,133,Non Intersection,1,Single Vehicle,17,Dry,2,1,No Defects,1,"Two-way, Not Divided",1,Other Pole,10,DE61210044,Property Damage Crash,,6.01,20200523,6/23/2023 10:50:00 PM,,No,N,N,SALISBURY,UNK,Fixed Object,9,Not Applicable,0,2290,MU,,0.92,South,S,PRISCILLA ST,40,Feet,F,S,160,MU,,BELL AVE,38.3702,-75.58074,20200523,5/23/2020 12:00:00 AM,,-75.5807430804288,38.3702046842988
844,2020,Q3,Daylight,1,Wicomico,22,,133,Intersection Related,3,Same Direction Rear End,3,Dry,2,3,No Defects,1,"Two-way, Divided, Positive Median Barrier",4,Not Applicable,0,DE4192000J,Property Damage Crash,,6.01,20200705,6/23/2023 12:36:00 PM,,Yes,Y,N,SALISBURY,UNK,Other Vehicle,1,Not Applicable,0,13,US,,12.65,North,N,N SALISBURY BLVD,100,Feet,F,S,1897,MU,,E NAYLOR MILL RD,38.4098,-75.56747,20200705,7/5/2020 12:00:00 AM,,-75.5674701248464,38.4097981530624
845,2020,Q3,Daylight,1,Wicomico,22,,133,Intersection,2,Same Movement Angle,11,Dry,2,1,No Defects,1,"Two-way, Divided, Positive Median Barrier",4,Not Applicable,0,DE41150066,Injury Crash,,6.01,20200903,6/23/2023 7:55:00 AM,DE 8270,Yes,Y,N,SALISBURY,UNK,Other Vehicle,1,Not Applicable,0,290,CO,,0.33,South,S,TILGHMAN RD,0,Feet,F,S,50,US,BU,E SALISBURY PKWY,38.36618,-75.54777,20200903,9/3/2020 12:00:00 AM,,-75.5477713864403,38.3661841625691
846,2020,Q3,Daylight,1,Wicomico,22,,133,Not Applicable,0,Same Direction Rear End,3,Wet,1,2,No Defects,1,"Two-way, Divided, Positive Median Barrier",4,Not Applicable,0,DE61330019,Property Damage Crash,,6.01,20200904,6/23/2023 4:21:00 PM,,No,N,N,SALISBURY,UNK,Other Vehicle,1,Not Applicable,0,13,US,,12.15,North,N,N SALISBURY BLVD,1,Miles,M,N,465,MU,,CENTRE RD,38.4056,-75.56815,20200904,9/4/2020 12:00:00 AM,,-75.5681505357186,38.4056001852005
847,2020,Q2,Daylight,1,Wicomico,22,,133,Intersection,2,Same Movement Angle,11,Dry,2,1,No Defects,1,"Two-way, Divided, Unprotected (painted >4 feet) Median",3,Building,2,DE11940023,Injury Crash,,6.01,20200512,6/23/2023 1:14:00 PM,22,Yes,Y,N,SALISBURY,UNK,Other Vehicle,1,Fixed Object,9,520,MU,,0.47,West,W,E CHURCH ST,0,Feet,F,W,2720,MU,,TRUITT ST,38.37206,-75.5843,20200512,5/12/2020 12:00:00 AM,,-75.5843060136116,38.3720612699117
848,2020,Q3,Daylight,1,Wicomico,22,,133,Intersection,2,Same Movement Angle,11,Dry,2,1,No Defects,1,"Two-way, Not Divided",1,Not Applicable,0,DE6121004G,Property Damage Crash,,6.01,20200801,6/23/2023 1:45:00 PM,,Yes,Y,N,SALISBURY,UNK,Other Vehicle,1,Other Vehicle,1,13,US,BU,5.11,North,N,S SALISBURY BLVD,0,Feet,F,N,2831,MU,,W VINE ST,38.36067,-75.59692,20200801,8/1/2020 12:00:00 AM,,-75.5969249003638,38.3606700090137
849,2020,Q2,Daylight,1,Wicomico,22,,133,Not Applicable,0,Single Vehicle,17,Dry,2,1,No Defects,1,"Two-way, Not Divided",1,Guardrail or Barrier,5,DE61060089,Injury Crash,,6.01,20200408,6/23/2023 2:40:00 PM,,No,N,N,SALISBURY,UNK,Fixed Object,9,Not Applicable,0,1880,MU,,0,North,N,MOSS HILL LA,100,Feet,F,S,346,MD,,E MAIN ST,38.37391,-75.57262,20200408,4/8/2020 12:00:00 AM,,-75.5726146858191,38.3739110710392
850,2020,Q3,Daylight,1,Wicomico,22,,133,Intersection,2,Single Vehicle,17,Dry,2,1,No Defects,1,"Two-way, Not Divided",1,Curb,4,DE1128001Z,Injury Crash,,6.01,20200908,6/23/2023 4:16:00 PM,8270,Yes,Y,N,SALISBURY,UNK,Not Applicable,0,Not Applicable,0,1380,MU,,0.08,West,W,JOHNSON ST,0,Feet,F,W,1270,MU,,HOMER ST,38.37914,-75.58358,20200908,9/8/2020 12:00:00 AM,,-75.5835808174008,38.3791391934191
851,2020,Q2,Daylight,1,Wicomico,22,,133,Intersection,2,Same Movement Angle,11,Dry,2,2,No Defects,1,"Two-way, Divided, Unprotected (painted >4 feet) Median",3,Not Applicable,0,DE1170007X,Injury Crash,,6.01,20200409,6/23/2023 11:27:00 AM,,Yes,Y,N,SALISBURY,UNK,Other Vehicle,1,Not Applicable,0,13,US,BU,5.64,North,N,N SALISBURY BLVD,0,Feet,F,N,270,MU,,BROAD ST,38.3682,-75.5953,20200409,4/9/2020 12:00:00 AM,,-75.5953001932493,38.3681980512991
852,2020,Q3,Daylight,1,Wicomico,22,,133,Intersection,2,Same Direction Sideswipe,7,Dry,2,1,No Defects,1,"Two-way, Not Divided",1,Not Applicable,0,DE3177005L,Property Damage Crash,,7.01,20200819,6/23/2023 8:07:00 AM,,Yes,Y,N,SALISBURY,UNK,Other Vehicle,1,Not Applicable,0,13,US,BU,5.58,North,N,N SALISBURY BLVD,0,Feet,F,N,531,MU,,W CHURCH ST,38.36735,-75.59547,20200819,8/19/2020 12:00:00 AM,,-75.5954694510543,38.3673487477466
853,2020,Q2,Daylight,1,Wicomico,22,,133,Intersection Related,3,Same Direction Rear End,3,Wet,1,1,No Defects,1,"Two-way, Not Divided",1,Not Applicable,0,DE4192000G,Injury Crash,,7.01,20200617,6/23/2023 6:28:00 AM,,No,N,N,SALISBURY,UNK,Other Vehicle,1,Not Applicable,0,416,CO,,0,West,W,NAYLOR MILL RD,430,Feet,F,W,13,US,,N SALISBURY BLVD,38.40988,-75.56942,20200617,6/17/2020 12:00:00 AM,,-75.5694179997408,38.4098829996008
854,2020,Q3,Daylight,1,Wicomico,22,,133,Intersection,2,Same Movement Angle,11,Dry,2,1,No Defects,1,"Two-way, Not Divided",1,Not Applicable,0,DE5150005N,Property Damage Crash,,6.01,20200802,6/23/2023 7:42:00 PM,22,Yes,Y,N,SALISBURY,UNK,Other Vehicle,1,Not Applicable,0,520,MU,,1.01,West,W,E CHURCH ST,0,Feet,F,W,2350,MU,,E RAILROAD AVE,38.36882,-75.59312,20200802,8/2/2020 12:00:00 AM,,-75.5931161195132,38.3688222698319
855,2020,Q2,Dark Lights On,3,Wicomico,22,,133,Intersection,2,Other,88,Dry,2,1,No Defects,1,"Two-way, Not Divided",1,Not Applicable,0,DE41130021,Property Damage Crash,,6.01,20200405,6/23/2023 1:05:00 AM,,No,N,N,SALISBURY,UNK,Parked Vehicle,2,Parked Vehicle,2,760,MU,,1.07,South,S,DELAWARE AVE,0,Feet,F,S,50,US,BU,W SALISBURY PKWY,38.36851,-75.61002,20200405,4/5/2020 12:00:00 AM,,-75.6100176992574,38.3685092643911
856,2020,Q3,Daylight,1,Wicomico,22,,133,Non Intersection,1,Same Direction Rear End,3,Dry,2,2,No Defects,1,"Two-way, Not Divided",1,Not Applicable,0,DE4192000W,Injury Crash,,6.01,20200820,6/23/2023 7:19:00 PM,,No,N,Y,SALISBURY,UNK,Other Vehicle,1,Other Vehicle,1,13,US,BU,6.39,North,N,N SALISBURY BLVD,72,Feet,F,S,1520,MU,,LIVINGSTON ST,38.37793,-75.59072,20200820,8/20/2020 12:00:00 AM,,-75.590724725066,38.3779257462762
857,2020,Q2,Daylight,1,Wicomico,22,,133,Intersection,2,Same Movement Angle,11,Dry,2,2,No Defects,1,"Two-way, Not Divided",1,Not Applicable,0,DE1151004P,Injury Crash,,7.01,20200506,6/23/2023 2:05:00 PM,,No,N,N,SALISBURY,UNK,Other Vehicle,1,Not Applicable,0,1895,MU,,0.18,West,W,NAYLOR MILL RD,0,Feet,F,W,1945,MU,,NORTHGATE DR,38.40969,-75.57088,20200506,5/6/2020 12:00:00 AM,,-75.5708819728247,38.4096866335314
858,2020,Q3,Daylight,1,Wicomico,22,,133,Intersection,2,Same Direction Rear End,3,Dry,2,0,No Defects,1,Other,88,Not Applicable,0,DE1181005B,Property Damage Crash,,6.01,20200928,6/23/2023 10:21:00 AM,,Yes,Y,N,SALISBURY,UNK,Other Vehicle,1,Not Applicable,0,415,MU,,0.22,East,E,E CARROLL ST,0,Feet,F,E,0,UU,,SPUR TO EASTERN SHORE DR,38.36271,-75.59496,20200928,9/28/2020 12:00:00 AM,,-75.5949641975396,38.3627095742875
859,2020,Q3,Dark Lights On,3,Wicomico,22,,133,Intersection Related,3,Head On,1,Dry,2,1,No Defects,1,"Two-way, Not Divided",1,Not Applicable,0,DE1122004Y,Injury Crash,,6.01,20200930,6/23/2023 8:12:00 PM,,Yes,Y,N,SALISBURY,UNK,Other Vehicle,1,Not Applicable,0,50,US,UA,3.12,West,W,NAYLOR MILL RD,20,Feet,F,W,50,RP,,RAMP 2 FR US 50 WB TO US 50UA NB,38.40284,-75.62017,20200930,9/30/2020 12:00:00 AM,,-75.6201724831735,38.4028366674783
860,2020,Q2,Daylight,1,Wicomico,22,,133,Intersection,2,Single Vehicle,17,Dry,2,1,No Defects,1,"Two-way, Not Divided",1,Curb,4,DE1122004N,Property Damage Crash,Not Applicable,0,20200619,6/23/2023 5:19:00 PM,,Yes,Y,N,SALISBURY,UNK,Fixed Object,9,Fixed Object,9,2990,MU,,0,West,W,WICOMICO ST,0,Feet,F,W,370,MU,,CAMDEN AVE,38.35998,-75.60474,20200619,6/19/2020 12:00:00 AM,,-75.6047446233657,38.3599770633908
861,2020,Q3,Daylight,1,Wicomico,22,,133,Not Applicable,0,Same Direction Right Turn,8,Wet,1,2,No Defects,1,"Two-way, Not Divided",1,Not Applicable,0,DE41150064,Property Damage Crash,Raining,3,20200806,6/23/2023 4:25:00 PM,DE 8270,No,N,N,SALISBURY,UNK,Other Vehicle,1,Not Applicable,0,349,MD,,22.29,East,E,NANTICOKE RD,100,Feet,F,W,1640,MU,,W MAIN ST,38.36944,-75.61494,20200806,8/6/2020 12:00:00 AM,,-75.6149446296909,38.3694406041006
862,2020,Q3,Daylight,1,Wicomico,22,,133,Intersection Related,3,Same Direction Rear End,3,Dry,2,1,No Defects,1,"Two-way, Not Divided",1,Not Applicable,0,DE6197000V,Property Damage Crash,,6.01,20200722,6/23/2023 12:00:00 PM,22,Yes,Y,Y,SALISBURY,UNK,Other Vehicle,1,Not Applicable,0,13,US,BU,5.47,North,N,N SALISBURY BLVD,300,Feet,F,N,1632,MU,,E MAIN ST,38.35585,-75.60213,20200722,7/22/2020 12:00:00 AM,,-75.602129284239,38.3558555990567
863,2020,Q3,Dark No Lights,4,Wicomico,22,,133,Intersection,2,Single Vehicle,17,Wet,1,0,No Defects,1,"Two-way, Not Divided",1,Curb,4,DE1128001W,Property Damage Crash,Raining,3,20200728,6/23/2023 8:59:00 PM,8270,Yes,Y,N,SALISBURY,UNK,Fixed Object,9,Not Applicable,0,12,MD,,7.06,North,N,SNOW HILL RD,0,Feet,F,N,415,MU,,E CARROLL ST,38.3627,-75.5916,20200728,7/28/2020 12:00:00 AM,,-75.5915955026303,38.3626990791992
864,2020,Q3,Daylight,1,Wicomico,22,,133,Not Applicable,0,Same Direction Rear End,3,Wet,1,1,No Defects,1,"Two-way, Not Divided",1,Not Applicable,0,DE2166004J,Injury Crash,Raining,3,20200710,6/23/2023 11:10:00 AM,,No,N,N,SALISBURY,UNK,Other Vehicle,1,Not Applicable,0,13,US,BU,4.82,North,N,S SALISBURY BLVD,0,Feet,F,S,1990,MU,,OHIO AVE,38.35772,-75.59985,20200710,7/10/2020 12:00:00 AM,,-75.5998446941772,38.3577183513209
865,2020,Q3,Daylight,1,Wicomico,22,,133,Intersection,2,Same Direction Rear End,3,Dry,2,2,No Defects,1,"Two-way, Divided, Positive Median Barrier",4,Not Applicable,0,DE61060093,Injury Crash,,6.01,20200919,6/23/2023 11:51:00 AM,,Yes,Y,N,SALISBURY,UNK,Other Vehicle,1,Not Applicable,0,13,US,,12.15,North,N,N SALISBURY BLVD,0,Feet,F,N,465,MU,,CENTRE RD,38.40214,-75.56946,20200919,9/19/2020 12:00:00 AM,,-75.5694606788672,38.4021406003085
866,2020,Q3,Dark No Lights,4,Wicomico,22,,133,Intersection Related,3,Same Movement Angle,11,Dry,2,2,No Defects,1,"Two-way, Not Divided",1,Not Applicable,0,DE01180009,Injury Crash,,6.01,20200727,6/23/2023 8:05:00 PM,,No,N,N,SALISBURY,UNK,Other Vehicle,1,Other Vehicle,1,13,US,BU,4.73,North,N,S SALISBURY BLVD,0,Feet,F,S,1210,MU,,HAZEL AVE,38.36414,-75.62399,20200727,7/27/2020 12:00:00 AM,,-75.6239831004397,38.3641353999288
867,2020,Q3,,5.02,Wicomico,22,,133,Intersection,2,Head On Left Turn,2,Wet,1,1,No Defects,1,"Two-way, Divided, Positive Median Barrier",4,Not Applicable,0,DE4156001Q,Injury Crash,Raining,3,20200804,6/23/2023 6:10:00 AM,,Yes,Y,N,SALISBURY,UNK,Other Vehicle,1,Not Applicable,0,2720,MU,,0.91,South,S,TRUITT ST,0,Feet,F,S,50,US,BU,E SALISBURY PKWY,38.36879,-75.58327,20200804,8/4/2020 12:00:00 AM,,-75.5832666248548,38.3687902233901
868,2020,Q3,Dark Lights On,3,Wicomico,22,,133,Intersection,2,Single Vehicle,17,Dry,2,2,No Defects,1,"Two-way, Not Divided",1,Sign Support Pole,9,DE41560024,Injury Crash,,6.01,20200910,6/23/2023 10:16:00 PM,,No,N,N,SALISBURY,UNK,Fixed Object,9,Fixed Object,9,13,US,BU,4.47,North,N,S SALISBURY BLVD,0,Feet,F,N,1830,MU,,MONTICELLO AVE,38.35275,-75.60117,20200910,9/10/2020 12:00:00 AM,,-75.6011710736861,38.3527515269615
869,2020,Q2,Daylight,1,Wicomico,22,,133,Not Applicable,0,Same Direction Rear End,3,Dry,2,2,No Defects,1,"Two-way, Divided, Positive Median Barrier",4,Not Applicable,0,DE31290043,Injury Crash,,6.01,20200508,6/23/2023 2:41:00 PM,,Yes,Y,N,SALISBURY,UNK,Other Vehicle,1,Not Applicable,0,50,US,BU,3.074,East,E,W SALISBURY PKWY,10,Feet,F,W,1430,MU,,LAKE ST,38.36639,-75.60517,20200508,5/8/2020 12:00:00 AM,,-75.6051730909653,38.3663871404542
870,2020,Q3,Daylight,1,Wicomico,22,,133,Intersection,2,Same Direction Rear End,3,Dry,2,2,No Defects,1,"Two-way, Not Divided",1,Not Applicable,0,DE61210049,Property Damage Crash,,6.01,20200708,6/23/2023 3:15:00 PM,,No,N,N,SALISBURY,UNK,Other Vehicle,1,Not Applicable,0,13,US,BU,6.07,North,N,N SALISBURY BLVD,0,Feet,F,N,490,MU,,CHERRY ST,38.37391,-75.5929,20200708,7/8/2020 12:00:00 AM,,-75.5928993730076,38.3739099253029