OBJECTID,year,quarter,light_desc,light_code,county_des,county_no,muni_desc,muni_code,junction_d,junction_c,collision_,collisio_2,surf_cond_,surf_con_2,lane_code,rd_cond_de,rd_cond_co,rd_div_des,rd_div_cod,fix_obj_de,fix_obj_co,report_no,report_typ,weather_de,weather_co,acc_date,acc_time,loc_code,signal_fla,signal_f_2,c_m_zone_f,agency_cod,area_code,harm_event,harm_eve_2,harm_eve_3,harm_eve_4,rte_no,route_type,rte_suffix,log_mile,logmile_di,logmile__2,mainroad_n,distance,feet_miles,feet_mil_2,distance_d,reference_,referenc_2,referenc_3,referenc_4,latitude,longitude,crashdate,date,Field1,x,y
871,2020,Q3,Daylight,1,Wicomico,22,,133,Intersection Related,3,Same Direction Rear End,3,Dry,2,2,No Defects,1,"Two-way, Not Divided",1,Not Applicable,0,DE5150005S,Injury Crash,,7.01,20200916,6/23/2023 11:03:00 AM,22,Yes,Y,N,SALISBURY,UNK,Other Vehicle,1,Not Applicable,0,13,US,BU,6.25,North,N,N SALISBURY BLVD,50,Feet,F,N,1900,MU,,NAYLOR ST,38.37657,-75.59135,20200916,9/16/2020 12:00:00 AM,,-75.591350633425,38.3765680253941
872,2020,Q2,Daylight,1,Wicomico,22,,133,Intersection,2,Other,88,Wet,1,2,No Defects,1,"Two-way, Not Divided",1,Curb,4,DE2180004R,Property Damage Crash,Raining,3,20200418,6/23/2023 10:52:00 AM,,No,N,N,SALISBURY,UNK,Other Vehicle,1,Not Applicable,0,1900,MU,,0.57,East,E,NAYLOR ST,0,Feet,F,E,1331,MU,,E ISABELLA ST,38.3522,-75.57372,20200418,4/18/2020 12:00:00 AM,,-75.5737131060749,38.3521995221902
873,2020,Q3,Dark Lights On,3,Wicomico,22,,133,Intersection,2,Single Vehicle,17,Wet,1,3,No Defects,1,"Two-way, Divided, Positive Median Barrier",4,Curb,4,DE1170008K,Property Damage Crash,Raining,3,20200910,6/23/2023 8:21:00 PM,,Yes,Y,N,SALISBURY,UNK,Fixed Object,9,Fixed Object,9,50,US,BU,3.166,East,E,W SALISBURY PKWY,0,Feet,F,E,1780,MU,,MILL ST,38.37162,-75.60592,20200910,9/10/2020 12:00:00 AM,,-75.6059202899893,38.3716173861335
874,2020,Q2,Daylight,1,Wicomico,22,,133,Non Intersection,1,Single Vehicle,17,Dry,2,1,No Defects,1,"Two-way, Not Divided",1,Curb,4,DE1110004P,Property Damage Crash,,7.01,20200529,6/23/2023 5:50:00 AM,,No,N,N,SALISBURY,UNK,Fixed Object,9,Fixed Object,9,2950,MU,,1.86,East,E,WEST RD,100,Feet,F,W,547,CO,,CORNISH ST,38.37879,-75.61069,20200529,5/29/2020 12:00:00 AM,,-75.6106885179607,38.3787899506957
875,2020,Q3,Daylight,1,Wicomico,22,,133,Intersection Related,3,Same Direction Rear End,3,Wet,1,1,No Defects,1,"Two-way, Not Divided",1,Not Applicable,0,DE6121004C,Injury Crash,Raining,3,20200722,6/23/2023 7:27:00 PM,,Yes,Y,N,SALISBURY,UNK,Other Vehicle,1,Not Applicable,0,1135,MU,,0,West,W,HAMPSHIRE RD,0,Feet,F,W,13,US,,N SALISBURY BLVD,38.41505,-75.5668,20200722,7/22/2020 12:00:00 AM,,-75.5668028809482,38.4150558100776
876,2020,Q2,Dark Lights On,3,Wicomico,22,,133,Non Intersection,1,Single Vehicle,17,Wet,1,1,No Defects,1,"Two-way, Divided, Unprotected (painted >4 feet) Median",3,Tree Shrubbery,11,DE1114006W,Injury Crash,Raining,3,20200617,6/23/2023 10:45:00 PM,,No,N,N,SALISBURY,UNK,Off Road,16,Fixed Object,9,823,MU,,0.27,East,E,DYKES RD,10,Feet,F,W,105,MU,,BANTRY LA,38.3706,-75.53494,20200617,6/17/2020 12:00:00 AM,,-75.5349429216785,38.3705988958224
877,2020,Q3,Daylight,1,Wicomico,22,,133,Not Applicable,0,Head On Left Turn,2,Not Applicable,0,1,No Defects,1,"Two-way, Not Divided",1,Not Applicable,0,DE61330015,Property Damage Crash,Raining,3,20200803,6/23/2023 5:58:00 PM,,No,N,N,SALISBURY,UNK,Other Vehicle,1,Not Applicable,0,520,MU,,0.67,West,W,E CHURCH ST,150,Feet,F,E,1900,MU,,NAYLOR ST,38.37148,-75.58698,20200803,8/3/2020 12:00:00 AM,,-75.5869738938301,38.3714789085249
878,2020,Q2,Daylight,1,Wicomico,22,,133,Non Intersection,1,Same Direction Rear End,3,Dry,2,1,No Defects,1,"Two-way, Not Divided",1,Not Applicable,0,DE21680049,Property Damage Crash,,6.01,20200606,6/23/2023 11:52:00 AM,,No,N,N,SALISBURY,UNK,Other Vehicle,1,Not Applicable,0,1430,MU,,0.2,North,N,LAKE ST,0,Feet,F,S,320,MU,,BURTON ST,38.36825,-75.60464,20200606,6/6/2020 12:00:00 AM,,-75.6046447176795,38.3682521086479
879,2020,Q3,Dark Lights On,3,Wicomico,22,,133,Not Applicable,0,Same Direction Rear End,3,Dry,2,1,No Defects,1,"Two-way, Not Divided",1,Not Applicable,0,DE2166004X,Property Damage Crash,,6.01,20200828,6/23/2023 2:23:00 AM,,No,N,N,SALISBURY,UNK,Other Vehicle,1,Not Applicable,0,60,MU,,0.09,East,E,ASHYLON ST,0,Feet,F,E,13,US,BU,N SALISBURY BLVD,38.37504,-75.5933,20200828,8/28/2020 12:00:00 AM,,-75.5932963004838,38.3750394351219
880,2020,Q2,Daylight,1,Wicomico,22,,133,Intersection,2,Same Movement Angle,11,Dry,2,1,No Defects,1,"Two-way, Divided, Unprotected (painted >4 feet) Median",3,Not Applicable,0,DE1114006S,Injury Crash,,6.01,20200604,6/23/2023 5:22:00 PM,,Yes,Y,N,SALISBURY,UNK,Other Vehicle,1,Not Applicable,0,1895,MU,,1.92,West,W,NAYLOR MILL RD,0,Feet,F,W,3083,MU,,JERSEY RD,38.3706,-75.53494,20200604,6/4/2020 12:00:00 AM,,-75.5349429216785,38.3705988958224
881,2020,Q3,Daylight,1,Wicomico,22,,133,Intersection,2,Head On,1,Dry,2,2,No Defects,1,"Two-way, Not Divided",1,Not Applicable,0,DE4139008Y,Injury Crash,,6.01,20200818,6/23/2023 1:44:00 PM,,Yes,Y,N,SALISBURY,UNK,Other Vehicle,1,Not Applicable,0,13,US,BU,5.27,North,N,S SALISBURY BLVD,0,Feet,F,N,415,MU,,E CARROLL ST,38.36319,-75.59615,20200818,8/18/2020 12:00:00 AM,,-75.596156626627,38.3631884722702
882,2020,Q2,Dark Lights On,3,Wicomico,22,,133,Not Applicable,0,Same Direction Sideswipe,7,Dry,2,1,No Defects,1,"Two-way, Not Divided",1,Not Applicable,0,DE3112003W,Property Damage Crash,,6.01,20200420,6/23/2023 8:44:00 PM,,No,N,N,SALISBURY,UNK,Other Vehicle,1,Not Applicable,0,13,US,BU,7.02,North,N,N SALISBURY BLVD,15,Feet,F,S,25,MU,,ALEXANDER AVE,38.38447,-75.58265,20200420,4/20/2020 12:00:00 AM,,-75.582647581021,38.3844729924347
883,2020,Q3,Daylight,1,Wicomico,22,,133,Intersection,2,Head On Left Turn,2,Wet,1,1,No Defects,1,"Two-way, Not Divided",1,Not Applicable,0,DE41150061,Property Damage Crash,Raining,3,20200731,6/23/2023 2:48:00 PM,DE 8270,No,N,N,SALISBURY,UNK,Other Vehicle,1,Not Applicable,0,2600,MU,,0.76,East,E,SOUTH BLVD,0,Feet,F,E,2710,MU,,S TOWER DR,38.35321,-75.59834,20200731,7/31/2020 12:00:00 AM,,-75.5983321550049,38.3532141705975
884,2020,Q2,Daylight,1,Wicomico,22,,133,Intersection,2,Head On Left Turn,2,Dry,2,4,No Defects,1,"Two-way, Not Divided",1,Not Applicable,0,DE31110080,Injury Crash,,7.01,20200519,6/23/2023 4:34:00 PM,,No,N,N,SALISBURY,UNK,Other Vehicle,1,Not Applicable,0,1897,MU,,0.3,South,S,E NAYLOR MILL RD,0,Feet,F,S,0,UU,,MILL POND LA,38.39928,-75.58035,20200519,5/19/2020 12:00:00 AM,,-75.5803508483129,38.3992791446169
885,2020,Q3,Dark Lights On,3,Wicomico,22,,133,Intersection,2,Same Direction Rear End,3,Wet,1,2,No Defects,1,"Two-way, Divided, Positive Median Barrier",4,Not Applicable,0,DE4139008V,Property Damage Crash,Raining,3,20200812,6/23/2023 8:09:00 PM,,Yes,Y,N,SALISBURY,UNK,Other Vehicle,1,Not Applicable,0,13,US,,12.15,North,N,N SALISBURY BLVD,0,Feet,F,N,465,MU,,CENTRE RD,38.40262,-75.5695,20200812,8/12/2020 12:00:00 AM,,-75.5695075389417,38.4026171537587
886,2020,Q2,Daylight,1,Wicomico,22,,133,Not Applicable,0,Single Vehicle,17,Dry,2,1,No Defects,1,One-way Trafficway,2,Sign Support Pole,9,HZ01280008,Property Damage Crash,,6.01,20200626,6/23/2023 12:51:00 PM,,No,N,N,SALISBURYUNIV,UNK,Fixed Object,9,Not Applicable,0,122,MU,,0.14,North,N,BATEMAN ST,25,Feet,F,N,2925,MU,,WAYNE ST,38.34407,-75.6011,20200626,6/26/2020 12:00:00 AM,,-75.601106700214,38.344075099886
887,2020,Q3,Dark Lights On,3,Wicomico,22,,133,Intersection,2,Same Movement Angle,11,Wet,1,1,No Defects,1,"Two-way, Divided, Positive Median Barrier",4,Not Applicable,0,DE1170008D,Injury Crash,,7.01,20200804,6/23/2023 4:00:00 AM,,Yes,Y,N,SALISBURY,UNK,Other Vehicle,1,Not Applicable,0,50,US,BU,2.781,East,E,W SALISBURY PKWY,0,Feet,F,E,760,MU,,DELAWARE AVE,38.36788,-75.61015,20200804,8/4/2020 12:00:00 AM,,-75.6101420871875,38.3678763107432
888,2020,Q2,Dark No Lights,4,Wicomico,22,,133,,5.01,Single Vehicle,17,Dry,2,0,No Defects,1,"Two-way, Divided, Positive Median Barrier",4,Guardrail or Barrier,5,MSP7110000T,Property Damage Crash,,6.01,20200524,6/23/2023 1:54:00 AM,,No,N,N,MSP,UNK,Fixed Object,9,Not Applicable,0,50,RP,,0.318,West,W,RAMP 8 FR US 50UA SB TO US 50 WB,0,Feet,F,E,50,US,,SALISBURY BYPASS,38.40203,-75.57732,20200524,5/24/2020 12:00:00 AM,,-75.5773218111526,38.4020301473735
889,2020,Q3,Daylight,1,Wicomico,22,,133,Non Intersection,1,Other,88,Dry,2,1,No Defects,1,One-way Trafficway,2,Not Applicable,0,DE2158005W,Property Damage Crash,,6.01,20200817,6/23/2023 6:09:00 PM,,No,N,N,SALISBURY,UNK,Other Vehicle,1,Parked Vehicle,2,1990,MU,,0.19,East,E,OHIO AVE,15,Feet,F,E,2910,MU,,WAVERLY DR,38.35804,-75.60196,20200817,8/17/2020 12:00:00 AM,,-75.6019600714001,38.3580357787283
890,2020,Q3,Daylight,1,Wicomico,22,,133,Intersection Related,3,Same Direction Rear End,3,Dry,2,1,No Defects,1,"Two-way, Not Divided",1,Not Applicable,0,DE41920015,Injury Crash,,6.01,20200926,6/23/2023 4:07:00 PM,,Yes,Y,N,SALISBURY,UNK,Other Vehicle,1,Other Vehicle,1,765,MU,,3.27,North,N,DIVISION ST S,50,Feet,F,N,2015,MU,,ONLEY RD,38.34357,-75.59879,20200926,9/26/2020 12:00:00 AM,,-75.5987914450691,38.3435744625914
891,2020,Q2,Daylight,1,Wicomico,22,,133,Intersection,2,Same Movement Angle,11,Dry,2,1,No Defects,1,"Two-way, Not Divided",1,Not Applicable,0,DE6106008J,Property Damage Crash,,7.01,20200525,6/23/2023 2:51:00 PM,,Yes,Y,N,SALISBURY,UNK,Other Vehicle,1,Not Applicable,0,1896,MU,,3.672,West,W,NAYLOR MILL RD,0,Feet,F,W,3078,MU,,WESTWOOD DR,38.39629,-75.62429,20200525,5/25/2020 12:00:00 AM,,-75.6242914653788,38.3962865317981
892,2020,Q3,Daylight,1,Wicomico,22,,133,Intersection,2,Same Direction Rear End,3,Dry,2,0,No Defects,1,"Two-way, Not Divided",1,Not Applicable,0,MSP5952006K,Property Damage Crash,Not Applicable,0,20200923,6/23/2023 5:46:00 PM,,Yes,Y,N,MSP,UNK,Other Vehicle,1,Not Applicable,0,828,MU,,1.06,North,N,EASTERN SHORE DR,0,Feet,F,N,415,MU,,E CARROLL ST,38.36327,-75.59474,20200923,9/23/2020 12:00:00 AM,,-75.5947400001509,38.3632700003103
893,2020,Q3,Daylight,1,Wicomico,22,,133,Not Applicable,0,Single Vehicle,17,Dry,2,0,No Defects,1,One-way Trafficway,2,Guardrail or Barrier,5,MSP68410055,Injury Crash,,6.01,20200706,6/23/2023 8:28:00 AM,,No,N,N,MSP,UNK,Fixed Object,9,Fixed Object,9,50,US,,13.186,East,E,SALISBURY BYPASS,0.5,Miles,M,E,50,US,UA,NAYLOR MILL RD,38.4016,-75.6218,20200706,7/6/2020 12:00:00 AM,,-75.6217966668826,38.4016023335809
894,2020,Q3,Daylight,1,Wicomico,22,,133,Intersection Related,3,Same Direction Rear End,3,Dry,2,2,No Defects,1,"Two-way, Divided, Positive Median Barrier",4,Not Applicable,0,DE2149000J,Injury Crash,,6.01,20200817,6/23/2023 12:40:00 PM,,Yes,Y,N,SALISBURY,UNK,Other Vehicle,1,Not Applicable,0,50,US,BU,2.781,East,E,W SALISBURY PKWY,10,Feet,F,W,760,MU,,DELAWARE AVE,38.36788,-75.61012,20200817,8/17/2020 12:00:00 AM,,-75.6101254011663,38.3678819324053
895,2020,Q3,Daylight,1,Wicomico,22,,133,Intersection,2,Same Movement Angle,11,Wet,1,1,No Defects,1,"Two-way, Not Divided",1,Not Applicable,0,DE1137004X,Property Damage Crash,Raining,3,20200710,6/23/2023 1:33:00 PM,,Yes,Y,N,SALISBURY,UNK,Other Vehicle,1,Not Applicable,0,12,MD,,7.1,North,N,SNOW HILL RD,0,Feet,F,N,310,MU,,BUENA VISTA AVE,38.36322,-75.59187,20200710,7/10/2020 12:00:00 AM,,-75.591867435134,38.3632224513551
896,2020,Q2,Daylight,1,Wicomico,22,,133,Intersection,2,Single Vehicle,17,Dry,2,1,No Defects,1,"Two-way, Not Divided",1,Curb,4,DE1170007Z,Injury Crash,,6.01,20200507,6/23/2023 1:52:00 PM,,Yes,Y,N,SALISBURY,UNK,Fixed Object,9,Fixed Object,9,2950,MU,,1.91,East,E,WEST RD,0,Feet,F,E,549,CO,,BOOTH ST,38.37923,-75.61069,20200507,5/7/2020 12:00:00 AM,,-75.6106840024647,38.3792356151316
897,2020,Q3,Daylight,1,Wicomico,22,,133,Non Intersection,1,Single Vehicle,17,Wet,1,1,No Defects,1,"Two-way, Not Divided",1,Tree Shrubbery,11,DE2174000T,Property Damage Crash,Raining,3,20200926,6/23/2023 12:56:00 PM,,No,N,N,SALISBURY,UNK,Fixed Object,9,Not Applicable,0,2070,MU,,0,North,N,PARK HEIGHTS AVE,100,Feet,F,S,12,MD,,SNOW HILL RD,38.36042,-75.59205,20200926,9/26/2020 12:00:00 AM,,-75.5920506998798,38.3604190001368
898,2020,Q4,Dark Lights On,3,Wicomico,22,,133,Not Applicable,0,Single Vehicle,17,Dry,2,0,No Defects,1,"Two-way, Divided, Positive Median Barrier",4,Tree Shrubbery,11,ZV1287000H,Injury Crash,,6.01,20201107,6/23/2023 8:15:00 PM,,No,N,N,WICOMICO,UNK,Off Road,16,Fixed Object,9,50,US,BU,6.635,East,E,E SALISBURY PKWY,0.1,Miles,M,E,13,RP,,RAMP 6 FR US 50BU EB TO US 13 SB,38.36865,-75.54033,20201107,11/7/2020 12:00:00 AM,,-75.5403282698338,38.3686493895577
899,2020,Q2,Dark Lights On,3,Wicomico,22,,133,Non Intersection,1,Single Vehicle,17,Dry,2,1,No Defects,1,"Two-way, Not Divided",1,Fence,7,DE2196003G,Property Damage Crash,,6.01,20200513,6/23/2023 10:02:00 PM,,No,N,N,SALISBURY,UNK,Fixed Object,9,Not Applicable,0,960,MU,,0.09,East,E,FITZWATER ST,20,Feet,F,W,760,MU,,DELAWARE AVE,38.36385,-75.61304,20200513,5/13/2020 12:00:00 AM,,-75.6130353608932,38.3638510945524
900,2020,Q4,Dark Lights On,3,Wicomico,22,,133,Not Applicable,0,Single Vehicle,17,Dry,2,1,No Defects,1,One-way Trafficway,2,Guardrail or Barrier,5,DE61060098,Injury Crash,,6.01,20201003,6/23/2023 9:04:00 PM,,No,N,N,SALISBURY,UNK,Fixed Object,9,Fixed Object,9,13,US,BU,6.73,North,N,N SALISBURY BLVD,200,Feet,F,S,1483,MU,,LIBERTY ST #3,38.38071,-75.58799,20201003,10/3/2020 12:00:00 AM,,-75.5879877499347,38.3807152328218
901,2020,Q2,Daylight,1,Wicomico,22,,133,Intersection,2,Head On Left Turn,2,Dry,2,1,No Defects,1,"Two-way, Not Divided",1,Not Applicable,0,DE61210042,Injury Crash,,6.01,20200410,6/23/2023 2:00:00 PM,,No,N,N,SALISBURY,UNK,Other Vehicle,1,Other Vehicle,1,346,MD,,0.04,East,E,E MAIN ST,0,Feet,F,E,2290,MU,,PRISCILLA ST,38.36992,-75.58012,20200410,4/10/2020 12:00:00 AM,,-75.5801248918502,38.3699134433508
902,2020,Q4,,5.02,Wicomico,22,,133,Intersection,2,Same Direction Rear End,3,Wet,1,1,No Defects,1,"Two-way, Not Divided",1,Not Applicable,0,DE6106009X,Property Damage Crash,,7.01,20201222,6/23/2023 6:42:00 AM,,No,N,N,SALISBURY,UNK,Other Vehicle,1,Not Applicable,0,50,US,UA,3.24,West,W,NAYLOR MILL RD,0,Feet,F,W,50,RP,,RAMP 6 FR US 50 EB TO US 50UA SB,38.40182,-75.62049,20201222,12/22/2020 12:00:00 AM,,-75.6204944377681,38.4018261712409
903,2020,Q2,Daylight,1,Wicomico,22,,133,Not Applicable,0,Head On Left Turn,2,Dry,2,1,No Defects,1,"Two-way, Not Divided",1,Not Applicable,0,DE4156000Z,Property Damage Crash,,6.01,20200408,6/23/2023 3:33:00 PM,,Yes,Y,N,SALISBURY,UNK,Other Vehicle,1,Not Applicable,0,2910,MU,,0.29,North,N,WAVERLY DR,5,Feet,F,S,1990,MU,,OHIO AVE,38.35802,-75.60181,20200408,4/8/2020 12:00:00 AM,,-75.6018051622784,38.3580256919322
904,2020,Q4,Dark No Lights,4,Wicomico,22,,133,Non Intersection,1,Same Direction Sideswipe,7,Dry,2,1,No Defects,1,"Two-way, Not Divided",1,Not Applicable,0,DE0118000K,Property Damage Crash,,6.01,20201115,6/23/2023 12:42:00 AM,,No,N,N,SALISBURY,UNK,Parked Vehicle,2,Not Applicable,0,760,MU,,0.75,South,S,DELAWARE AVE,600,Feet,F,S,1330,MU,,W ISABELLA ST,38.36414,-75.62399,20201115,11/15/2020 12:00:00 AM,,-75.6239831004397,38.3641353999288
905,2020,Q4,Daylight,1,Wicomico,22,,133,Intersection,2,Same Movement Angle,11,Wet,1,1,No Defects,1,"Two-way, Not Divided",1,Not Applicable,0,DE2172006X,Property Damage Crash,Raining,3,20201012,6/23/2023 2:33:00 PM,,Yes,Y,N,SALISBURY,UNK,Other Vehicle,1,Not Applicable,0,2570,MU,,0.52,South,S,SMITH ST,0,Feet,F,S,1830,MU,,MONTICELLO AVE,38.35325,-75.60477,20201012,10/12/2020 12:00:00 AM,,-75.6047766653108,38.3532469472888
906,2020,Q4,Daylight,1,Wicomico,22,,133,Not Applicable,0,Same Direction Rear End,3,Dry,2,1,No Defects,1,"Two-way, Divided, Unprotected (painted >4 feet) Median",3,Not Applicable,0,DE3177005Y,Property Damage Crash,,6.01,20201206,6/23/2023 11:15:00 AM,22,No,N,N,SALISBURY,UNK,Other Vehicle,1,Not Applicable,0,2290,MU,,0.33,South,S,PRISCILLA ST,25,Feet,F,N,1380,MU,,JOHNSON ST,38.37925,-75.58215,20201206,12/6/2020 12:00:00 AM,,-75.5821436719928,38.3792489313931
907,2020,Q2,Daylight,1,Wicomico,22,,133,Non Intersection,1,Same Direction Rear End,3,Dry,2,2,No Defects,1,"Two-way, Not Divided",1,Not Applicable,0,DE3160007L,Property Damage Crash,,6.01,20200414,6/23/2023 12:36:00 PM,,No,N,N,SALISBURY,UNK,Other Vehicle,1,Not Applicable,0,13,US,BU,6.25,North,N,N SALISBURY BLVD,15,Feet,F,N,1900,MU,,NAYLOR ST,38.37656,-75.59145,20200414,4/14/2020 12:00:00 AM,,-75.5914547479382,38.3765550715594
908,2020,Q4,Daylight,1,Wicomico,22,,133,Intersection,2,Single Vehicle,17,Dry,2,1,No Defects,1,"Two-way, Not Divided",1,Curb,4,DE21820085,Injury Crash,,6.01,20201116,6/23/2023 12:25:00 PM,,No,N,N,SALISBURY,UNK,Fixed Object,9,Fixed Object,9,2830,MU,,0.38,West,W,E VINE ST,0,Feet,F,W,1960,MU,,OAK ST,38.36007,-75.59438,20201116,11/16/2020 12:00:00 AM,,-75.5943844594752,38.3600664362171
909,2020,Q2,Daylight,1,Wicomico,22,,133,Intersection Related,3,Same Direction Rear End,3,Dry,2,2,No Defects,1,"Two-way, Divided, Positive Median Barrier",4,Not Applicable,0,DE4115005W,Injury Crash,,7.01,20200508,6/23/2023 2:40:00 PM,DE 8270,Yes,Y,N,SALISBURY,UNK,Other Vehicle,1,Not Applicable,0,50,US,BU,2.518,East,E,W SALISBURY PKWY,0,Feet,F,E,1330,MU,,W ISABELLA ST,38.36961,-75.6141,20200508,5/8/2020 12:00:00 AM,,-75.6141008281907,38.3696057618964
910,2020,Q4,Dark No Lights,4,Wicomico,22,,133,Not Applicable,0,Same Direction Rear End Right Turn,4,Wet,1,4,No Defects,1,"Two-way, Not Divided",1,Not Applicable,0,DE6133001D,Property Damage Crash,Raining,3,20201016,6/23/2023 10:13:00 PM,,No,N,N,SALISBURY,UNK,Other Vehicle,1,Not Applicable,0,25,MU,,0.16,East,E,ALEXANDER AVE,0,Feet,F,E,13,US,BU,N SALISBURY BLVD,38.38453,-75.58264,20201016,10/16/2020 12:00:00 AM,,-75.5826438524318,38.3845237960364
911,2020,Q2,Daylight,1,Wicomico,22,,133,Non Intersection,1,Other,88,Dry,2,1,No Defects,1,"Two-way, Not Divided",1,Not Applicable,0,DE51870042,Injury Crash,,6.01,20200427,6/23/2023 12:45:00 PM,,No,N,N,SALISBURY,UNK,Parked Vehicle,2,Parked Vehicle,2,1130,MU,,0.82,North,N,HAMMOND ST,30,Feet,F,N,2290,MU,,PRISCILLA ST,38.38314,-75.58099,20200427,4/27/2020 12:00:00 AM,,-75.5809923248359,38.3831455544238
912,2020,Q4,Dark No Lights,4,Wicomico,22,,133,Non Intersection,1,Single Vehicle,17,Dry,2,2,No Defects,1,"Two-way, Divided, Unprotected (painted >4 feet) Median",3,Not Applicable,0,DE51500063,Injury Crash,,6.01,20201201,6/23/2023 6:33:00 PM,,No,N,N,SALISBURY,UNK,Pedestrian,3,Not Applicable,0,349,MD,,22.32,East,E,NANTICOKE RD,50,Feet,F,W,50,US,BU,W SALISBURY PKWY,38.36937,-75.6152,20201201,12/1/2020 12:00:00 AM,,-75.6152009292794,38.3693671276909
913,2020,Q2,Daylight,1,Wicomico,22,,133,,9.04,Same Movement Angle,11,Dry,2,1,No Defects,1,"Two-way, Not Divided",1,Not Applicable,0,DE51630036,Injury Crash,,6.01,20200415,6/23/2023 3:56:00 PM,,No,N,N,SALISBURY,UNK,Other Vehicle,1,Not Applicable,0,465,MU,,0.12,North,N,CENTRE RD,0,Feet,F,N,0,UU,,CENTRE RD (AHEAD),38.40245,-75.57063,20200415,4/15/2020 12:00:00 AM,,-75.5706305349712,38.402456053704
914,2020,Q4,Daylight,1,Wicomico,22,,133,Intersection,2,Same Movement Angle,11,Dry,2,1,No Defects,1,"Two-way, Not Divided",1,Not Applicable,0,DE3111008H,Property Damage Crash,,6.01,20201107,6/23/2023 2:57:00 PM,,Yes,Y,N,SALISBURY,UNK,Other Vehicle,1,Not Applicable,0,1897,MU,,0.77,South,S,E NAYLOR MILL RD,0,Feet,F,S,1645,MU,,N MALL DR,38.41988,-75.56783,20201107,11/7/2020 12:00:00 AM,,-75.5678232175674,38.4198847108108
915,2020,Q2,,5.02,Wicomico,22,,133,Non Intersection,1,Same Direction Rear End,3,Dry,2,1,No Defects,1,"Two-way, Not Divided",1,Not Applicable,0,DE6133000V,Property Damage Crash,Not Applicable,0,20200628,6/23/2023 8:49:00 PM,,No,N,N,SALISBURY,UNK,Other Vehicle,1,Not Applicable,0,2015,MU,,0,East,E,ONLEY RD,10,Feet,F,E,765,MU,,DIVISION ST S,38.34352,-75.59845,20200628,6/28/2020 12:00:00 AM,,-75.5984493033926,38.3435191785673
916,2020,Q4,Dark Lights On,3,Wicomico,22,,133,Intersection,2,Angle Meets Left Turn,13,Dry,2,1,No Defects,1,"Two-way, Not Divided",1,Not Applicable,0,DE11370058,Injury Crash,,6.01,20201105,6/23/2023 5:17:00 PM,,No,N,N,SALISBURY,UNK,Other Vehicle,1,Not Applicable,0,12,MD,,5.71,North,N,SNOW HILL RD,0,Feet,F,N,3075,MU,,JOHNSON RD,38.34552,-75.5808,20201105,11/5/2020 12:00:00 AM,,-75.5807958256668,38.345515186077
917,2020,Q4,Dark Lights On,3,Wicomico,22,,133,Intersection Related,3,Same Direction Rear End,3,Dry,2,2,No Defects,1,"Two-way, Not Divided",1,Not Applicable,0,MSP49250085,Property Damage Crash,Not Applicable,0,20201106,6/23/2023 6:17:00 PM,,Yes,Y,N,MSP,UNK,Other Vehicle,1,Not Applicable,0,1947,MU,,0.38,West,W,NORTH POINTE DR,0,Feet,F,E,13,US,,N SALISBURY BLVD,38.41161,-75.56795,20201106,11/6/2020 12:00:00 AM,,-75.5679491163586,38.4116059162801
918,2020,Q4,Daylight,1,Wicomico,22,,133,Intersection,2,Same Movement Angle,11,Dry,2,1,No Defects,1,"Two-way, Divided, Positive Median Barrier",4,Not Applicable,0,DE2131000J,Property Damage Crash,,6.01,20201001,6/23/2023 11:23:00 AM,,Yes,Y,N,SALISBURY,UNK,Other Vehicle,1,Other Vehicle,1,50,US,BU,4.295,East,E,E SALISBURY PKWY,0,Feet,F,E,2720,MU,,TRUITT ST,38.3687,-75.58331,20201001,10/1/2020 12:00:00 AM,,-75.583303472777,38.3686987083788
919,2020,Q4,Daylight,1,Wicomico,22,,133,Non Intersection,1,Single Vehicle,17,Dry,2,1,No Defects,1,"Two-way, Not Divided",1,Curb,4,DE1159000C,Property Damage Crash,,6.01,20201103,6/23/2023 3:39:00 PM,,No,N,N,SALISBURY,UNK,Fixed Object,9,Not Applicable,0,2270,MU,,0.27,West,W,PRINCE ST,50,Feet,F,E,2450,MU,,ROGER ST,38.35741,-75.59134,20201103,11/3/2020 12:00:00 AM,,-75.5913414495482,38.3574088568333
920,2020,Q2,Daylight,1,Wicomico,22,,133,Intersection Related,3,Same Direction Right Turn,8,Dry,2,1,No Defects,1,"Two-way, Not Divided",1,Not Applicable,0,DE2184004Z,Property Damage Crash,,6.01,20200501,6/23/2023 9:00:00 AM,DE 8270,No,N,N,SALISBURY,UNK,Other Vehicle,1,Not Applicable,0,12,MD,,6.67,North,N,SNOW HILL RD,100,Feet,F,N,2525,MU,,S SCHUMAKER DR,38.35809,-75.58811,20200501,5/1/2020 12:00:00 AM,,-75.5881137629398,38.3580947472748
921,2020,Q4,Daylight,1,Wicomico,22,,133,,9.04,Same Direction Sideswipe,7,Wet,1,2,No Defects,1,"Two-way, Divided, Positive Median Barrier",4,Not Applicable,0,MSP68830018,Property Damage Crash,Raining,3,20201214,6/23/2023 2:49:00 PM,,No,N,N,MSP,UNK,Other Vehicle,1,Other Vehicle,1,50,US,BU,2.44,East,E,W SALISBURY PKWY,100,Feet,F,W,235,MU,,BOUNDARY ST,38.37169,-75.6153,20201214,12/14/2020 12:00:00 AM,,-75.6153027640113,38.3716912834261