OBJECTID,year,quarter,light_desc,light_code,county_des,county_no,muni_desc,muni_code,junction_d,junction_c,collision_,collisio_2,surf_cond_,surf_con_2,lane_code,rd_cond_de,rd_cond_co,rd_div_des,rd_div_cod,fix_obj_de,fix_obj_co,report_no,report_typ,weather_de,weather_co,acc_date,acc_time,loc_code,signal_fla,signal_f_2,c_m_zone_f,agency_cod,area_code,harm_event,harm_eve_2,harm_eve_3,harm_eve_4,rte_no,route_type,rte_suffix,log_mile,logmile_di,logmile__2,mainroad_n,distance,feet_miles,feet_mil_2,distance_d,reference_,referenc_2,referenc_3,referenc_4,latitude,longitude,crashdate,date,Field1,x,y
922,2020,Q2,Dark Lights On,3,Wicomico,22,,133,Non Intersection,1,Single Vehicle,17,Dry,2,2,No Defects,1,"Two-way, Not Divided",1,Light Support Pole,8,DE11260018,Injury Crash,,6.01,20200517,6/23/2023 1:00:00 AM,,No,N,N,SALISBURY,UNK,Fixed Object,9,Fixed Object,9,13,US,BU,4.95,North,N,S SALISBURY BLVD,50,Feet,F,N,1810,MU,,MITCHELL ST,38.35934,-75.59842,20200517,5/17/2020 12:00:00 AM,,-75.5984186517993,38.3593414693334
923,2020,Q4,Daylight,1,Wicomico,22,,133,Non Intersection,1,Single Vehicle,17,Wet,1,1,No Defects,1,"Two-way, Not Divided",1,Fence,7,DE21960040,Property Damage Crash,Raining,3,20201029,6/23/2023 8:04:00 AM,,No,N,N,SALISBURY,UNK,Fixed Object,9,Not Applicable,0,960,MU,,0.13,East,E,FITZWATER ST,2,Feet,F,E,950,MU,,FIRST ST,38.36365,-75.61147,20201029,10/29/2020 12:00:00 AM,,-75.6114620356444,38.3636513794077
924,2020,Q4,Daylight,1,Wicomico,22,,133,Intersection,2,Same Direction Rear End,3,Dry,2,1,No Defects,1,"Two-way, Not Divided",1,Not Applicable,0,DE2193004S,Injury Crash,,6.01,20201009,6/23/2023 3:00:00 PM,,No,N,Y,SALISBURY,UNK,Other Vehicle,1,Not Applicable,0,13,US,BU,5.27,North,N,S SALISBURY BLVD,0,Feet,F,N,415,MU,,E CARROLL ST,38.36204,-75.59653,20201009,10/9/2020 12:00:00 AM,,-75.5965253756455,38.362038981314
925,2020,Q2,Daylight,1,Wicomico,22,,133,Intersection,2,Same Direction Sideswipe,7,Dry,2,2,No Defects,1,"Two-way, Not Divided",1,Not Applicable,0,DE4115005X,Property Damage Crash,,6.01,20200630,6/23/2023 8:51:00 AM,DE 8270,Yes,Y,N,SALISBURY,UNK,Other Vehicle,1,Not Applicable,0,349,MD,,22.21,East,E,NANTICOKE RD,0,Feet,F,E,2125,MU,,PEMBERTON DR,38.36901,-75.61639,20200630,6/30/2020 12:00:00 AM,,-75.6163967991729,38.3690085329175
926,2020,Q4,Daylight,1,Wicomico,22,,133,Not Applicable,0,Head On Left Turn,2,Wet,1,1,No Defects,1,"Two-way, Not Divided",1,Not Applicable,0,DE41390094,Property Damage Crash,Raining,3,20201016,6/23/2023 11:16:00 AM,,No,N,N,SALISBURY,UNK,Other Vehicle,1,Parked Vehicle,2,960,MU,,0.09,East,E,FITZWATER ST,50,Feet,F,E,760,MU,,DELAWARE AVE,38.367,-75.60698,20201016,10/16/2020 12:00:00 AM,,-75.6069766579463,38.3669991884618
927,2020,Q4,Dark Lights On,3,Wicomico,22,,133,Intersection,2,Same Movement Angle,11,Wet,1,2,No Defects,1,"Two-way, Divided, Positive Median Barrier",4,Not Applicable,0,DE5163003Q,Property Damage Crash,Raining,3,20201029,6/23/2023 6:41:00 PM,,Yes,Y,N,SALISBURY,UNK,Other Vehicle,1,Not Applicable,0,50,US,BU,3.429,East,E,E SALISBURY PKWY,0,Feet,F,E,110,MU,,BAPTIST ST,38.36529,-75.6036,20201029,10/29/2020 12:00:00 AM,,-75.6036019582637,38.3652873595241
928,2020,Q2,,5.02,Wicomico,22,,133,Not Applicable,0,Single Vehicle,17,Dry,2,1,No Defects,1,"Two-way, Divided, Unprotected (painted >4 feet) Median",3,Not Applicable,0,DE0188006H,Property Damage Crash,,6.01,20200409,6/23/2023 6:25:00 AM,,No,N,N,SALISBURY,UNK,Animal,8,Not Applicable,0,1896,MU,,3.672,West,W,NAYLOR MILL RD,100,Feet,F,W,3078,MU,,WESTWOOD DR,38.36586,-75.59529,20200409,4/9/2020 12:00:00 AM,,-75.5952948117061,38.3658624777712
929,2020,Q4,Daylight,1,Wicomico,22,,133,Not Applicable,0,Single Vehicle,17,Wet,1,1,No Defects,1,"Two-way, Not Divided",1,Curb,4,DE6133001P,Property Damage Crash,,6.01,20201225,6/23/2023 9:15:00 AM,,No,N,N,SALISBURY,UNK,Fixed Object,9,Fixed Object,9,2095,MU,,0.47,South,S,PARSONS RD,100,Feet,F,N,960,MU,,FITZWATER ST,38.36393,-75.61388,20201225,12/25/2020 12:00:00 AM,,-75.6138746990581,38.3639280783182
930,2020,Q2,Daylight,1,Wicomico,22,,133,Intersection,2,Head On Left Turn,2,Dry,2,2,No Defects,1,"Two-way, Not Divided",1,Not Applicable,0,DE41560016,Injury Crash,,6.01,20200531,6/23/2023 10:33:00 AM,,Yes,Y,N,SALISBURY,UNK,Other Vehicle,1,Overturn,11,828,MU,,0.35,North,N,EASTERN SHORE DR,0,Feet,F,N,2600,MU,,SOUTH BLVD,38.353,-75.59755,20200531,5/31/2020 12:00:00 AM,,-75.597549840153,38.3530019054136
931,2020,Q4,Daylight,1,Wicomico,22,,133,Not Applicable,0,Same Movement Angle,11,Dry,2,2,No Defects,1,"Two-way, Divided, Positive Median Barrier",4,Not Applicable,0,DE1181005G,Injury Crash,,6.01,20201222,6/23/2023 9:53:00 AM,,Yes,Y,N,SALISBURY,UNK,Other Vehicle,1,Not Applicable,0,50,US,BU,2.781,East,E,W SALISBURY PKWY,0,Feet,F,E,760,MU,,DELAWARE AVE,38.36781,-75.61004,20201222,12/22/2020 12:00:00 AM,,-75.6100416688878,38.3678068093369
932,2020,Q2,Daylight,1,Wicomico,22,,133,Intersection Related,3,Same Direction Right Turn,8,Dry,2,1,No Defects,1,"Two-way, Not Divided",1,Not Applicable,0,DE31290047,Property Damage Crash,,6.01,20200605,6/23/2023 9:59:00 AM,,Yes,Y,N,SALISBURY,UNK,Other Vehicle,1,Not Applicable,0,1895,MU,,1.92,West,W,NAYLOR MILL RD,20,Feet,F,W,3083,MU,,JERSEY RD,38.41046,-75.60226,20200605,6/5/2020 12:00:00 AM,,-75.6022605088154,38.4104624795598
933,2020,Q4,Daylight,1,Wicomico,22,,133,Intersection,2,Same Movement Angle,11,Dry,2,2,No Defects,1,"Two-way, Not Divided",1,Not Applicable,0,DE31840002,Injury Crash,,6.01,20201222,6/23/2023 4:19:00 PM,,No,N,N,SALISBURY,UNK,Other Vehicle,1,Not Applicable,0,1895,MU,,0.18,West,W,NAYLOR MILL RD,0,Feet,F,W,1945,MU,,NORTHGATE DR,38.40967,-75.57091,20201222,12/22/2020 12:00:00 AM,,-75.5709073624848,38.4096667747019
934,2020,Q2,Daylight,1,Wicomico,22,,133,,9.04,Same Movement Angle,11,Dry,2,1,No Defects,1,"Two-way, Divided, Unprotected (painted >4 feet) Median",3,Not Applicable,0,DE1122004L,Injury Crash,,6.01,20200527,6/23/2023 9:57:00 AM,,No,N,N,SALISBURY,UNK,Other Vehicle,1,Not Applicable,0,13,US,BU,7.22,North,N,N SALISBURY BLVD,500,Feet,F,S,45,MU,,ARLINGTON RD,38.38619,-75.58099,20200527,5/27/2020 12:00:00 AM,,-75.5809921188911,38.3861882360983
935,2020,Q4,Dark Lights On,3,Wicomico,22,,133,Intersection,2,Same Direction Rear End,3,Dry,2,1,"Holes, Ruts, Etc.",3,"Two-way, Not Divided",1,Not Applicable,0,DE4139009D,Property Damage Crash,,6.01,20201225,6/23/2023 10:46:00 PM,,Yes,Y,N,SALISBURY,UNK,Other Vehicle,1,Not Applicable,0,1640,MU,,0.57,East,E,W MAIN ST,0,Feet,F,E,960,MU,,FITZWATER ST,38.36489,-75.60666,20201225,12/25/2020 12:00:00 AM,,-75.6066601568407,38.3648930140014
936,2020,Q2,Dark No Lights,4,Wicomico,22,,133,Non Intersection,1,Single Vehicle,17,Wet,1,2,No Defects,1,"Two-way, Divided, Positive Median Barrier",4,,23.03,MSP7199000P,Property Damage Crash,Raining,3,20200611,6/23/2023 8:19:00 PM,,No,N,N,MSP,UNK,Fixed Object,9,Not Applicable,0,13,US,,8.68,North,N,SALISBURY BYPASS,2,Miles,M,S,13,RP,,RAMP 5 FR US 13 SB TO US 50BU EB,38.36738,-75.5378,20200611,6/11/2020 12:00:00 AM,,-75.5378004329436,38.3673800333619
937,2020,Q4,Dark Lights On,3,Wicomico,22,,133,Not Applicable,0,Head On,1,Dry,2,0,No Defects,1,,5.01,Not Applicable,0,DE41390092,Injury Crash,,6.01,20201003,6/23/2023 8:26:00 PM,,Yes,Y,N,SALISBURY,UNK,Other Vehicle,1,Not Applicable,0,13,US,BU,5.27,North,N,S SALISBURY BLVD,75,Feet,F,N,415,MU,,E CARROLL ST,38.3641,-75.6039,20201003,10/3/2020 12:00:00 AM,,-75.6038934582165,38.364099108687
938,2020,Q2,Dark Lights On,3,Wicomico,22,,133,Non Intersection,1,Single Vehicle,17,Dry,2,1,No Defects,1,"Two-way, Not Divided",1,Bridge or Overpass,1,DE6133000R,Property Damage Crash,Not Applicable,0,20200603,6/23/2023 9:34:00 PM,,No,N,N,SALISBURY,UNK,Fixed Object,9,Not Applicable,0,1640,MU,,0.74,East,E,W MAIN ST,150,Feet,F,W,1780,MU,,MILL ST,38.36536,-75.60407,20200603,6/3/2020 12:00:00 AM,,-75.6040712137155,38.36536040336
939,2020,Q4,Daylight,1,Wicomico,22,,133,Intersection,2,Same Movement Angle,11,Dry,2,2,No Defects,1,"Two-way, Not Divided",1,Not Applicable,0,DE7191004J,Property Damage Crash,,6.01,20201124,6/23/2023 11:08:00 AM,,Yes,Y,N,SALISBURY,UNK,Other Vehicle,1,Not Applicable,0,1632,MU,,0.43,East,E,E MAIN ST,0,Feet,F,E,12,MD,,SNOW HILL RD,38.36539,-75.59263,20201124,11/24/2020 12:00:00 AM,,-75.5926288407484,38.3653962134645
940,2020,Q2,Dark Lights On,3,Wicomico,22,,133,Non Intersection,1,Single Vehicle,17,Dry,2,2,No Defects,1,"Two-way, Not Divided",1,Curb,4,DE2172006D,Property Damage Crash,,6.01,20200614,6/23/2023 3:22:00 AM,,No,N,N,SALISBURY,UNK,Fixed Object,9,Not Applicable,0,1632,MU,,0.75,East,E,E MAIN ST,20,Feet,F,E,740,MU,,DAVIS ST,38.36584,-75.58667,20200614,6/14/2020 12:00:00 AM,,-75.5866730957867,38.3658394011675
941,2020,Q4,Dark No Lights,4,Wicomico,22,,133,Non Intersection,1,Single Vehicle,17,Dry,2,1,No Defects,1,"Two-way, Not Divided",1,Not Applicable,0,MSP5969008Y,Property Damage Crash,,6.01,20201207,6/23/2023 6:09:00 AM,,No,N,N,MSP,UNK,Animal,8,Bicycle,4,50,US,UA,3.39,West,W,NAYLOR MILL RD,500,Feet,F,W,2950,MU,,WEST RD,38.399,-75.621,20201207,12/7/2020 12:00:00 AM,,-75.6209999997502,38.3989999995504
942,2020,Q2,Daylight,1,Wicomico,22,,133,Non Intersection,1,Same Direction Sideswipe,7,Dry,2,0,No Defects,1,One-way Trafficway,2,Not Applicable,0,DE1109002H,Property Damage Crash,,6.01,20200526,6/23/2023 10:15:00 AM,,No,N,N,SALISBURY,UNK,Parked Vehicle,2,Not Applicable,0,530,MU,,0.11,North,N,W CHURCH ST,10,Feet,F,S,2500,MU,,ST PETERS ST,38.36613,-75.60145,20200526,5/26/2020 12:00:00 AM,,-75.601445140281,38.3661277480971
943,2020,Q4,Daylight,1,Wicomico,22,,133,Intersection,2,Same Movement Angle,11,Dry,2,2,No Defects,1,"Two-way, Not Divided",1,Not Applicable,0,DE4192001C,Injury Crash,,6.01,20201029,6/23/2023 4:19:00 PM,,No,N,N,SALISBURY,UNK,Other Vehicle,1,Not Applicable,0,828,MU,,0.07,North,N,EASTERN SHORE DR,0,Feet,F,N,420,MU,,CARROLTON AVE,38.34903,-75.59779,20201029,10/29/2020 12:00:00 AM,,-75.5977853752948,38.3490284281195
944,2020,Q2,Daylight,1,Wicomico,22,,133,Intersection Related,3,Same Direction Rear End,3,Dry,2,2,No Defects,1,,5.01,Not Applicable,0,DE51630034,Property Damage Crash,Not Applicable,0,20200416,6/23/2023 2:10:00 PM,,Yes,Y,N,SALISBURY,UNK,Other Vehicle,1,Not Applicable,0,1780,MU,,0.44,South,S,MILL ST,20,Feet,F,S,50,US,BU,W SALISBURY PKWY,38.36552,-75.60345,20200416,4/16/2020 12:00:00 AM,,-75.6034537535878,38.3655150076116
945,2020,Q4,Dark Lights On,3,Wicomico,22,,133,Intersection,2,Same Direction Rear End,3,Dry,2,0,No Defects,1,"Two-way, Divided, Positive Median Barrier",4,Not Applicable,0,DE21720076,Property Damage Crash,,6.01,20201208,6/23/2023 5:38:00 PM,,Yes,Y,N,SALISBURY,UNK,Other Vehicle,1,Other Vehicle,1,13,US,,12.15,North,N,N SALISBURY BLVD,0,Feet,F,N,465,MU,,CENTRE RD,38.40242,-75.56957,20201208,12/8/2020 12:00:00 AM,,-75.5695746229704,38.4024151003766
946,2020,Q2,Dark Lights On,3,Wicomico,22,,133,Not Applicable,0,Other,88,Dry,2,2,No Defects,1,"Two-way, Not Divided",1,Other Pole,10,DE21660049,Property Damage Crash,,6.01,20200501,6/23/2023 8:12:00 PM,,No,N,N,SALISBURY,UNK,Fixed Object,9,Not Applicable,0,13,US,BU,6.07,North,N,N SALISBURY BLVD,0,Feet,F,S,490,MU,,CHERRY ST,38.37278,-75.5934,20200501,5/1/2020 12:00:00 AM,,-75.5934025284039,38.3727760106045
947,2020,Q4,Daylight,1,Wicomico,22,,133,Intersection,2,Same Direction Rear End,3,Wet,1,1,No Defects,1,One-way Trafficway,2,Not Applicable,0,DE2174000W,Property Damage Crash,Raining,3,20201025,6/23/2023 1:08:00 PM,,Yes,Y,N,SALISBURY,UNK,Other Vehicle,1,Not Applicable,0,410,MU,,0,East,E,W CARROLL ST,0,Feet,F,E,1780,MU,,MILL ST,38.36405,-75.60387,20201025,10/25/2020 12:00:00 AM,,-75.6038670640137,38.3640527711186
948,2020,Q2,Daylight,1,Wicomico,22,,133,,88,Same Direction Rear End,3,Dry,2,1,No Defects,1,One-way Trafficway,2,Not Applicable,0,DE6133000S,Injury Crash,Not Applicable,0,20200612,6/23/2023 4:52:00 PM,,Yes,Y,N,SALISBURY,UNK,Other Vehicle,1,Not Applicable,0,520,MU,,1.12,West,W,E CHURCH ST,10,Feet,F,W,13,US,BU,N SALISBURY BLVD,38.36718,-75.59566,20200612,6/12/2020 12:00:00 AM,,-75.5956598060552,38.3671774044137
949,2020,Q4,Daylight,1,Wicomico,22,,133,Intersection,2,Same Movement Angle,11,Dry,2,1,No Defects,1,"Two-way, Not Divided",1,Curb,4,DE4192001F,Injury Crash,,6.01,20201210,6/23/2023 2:05:00 PM,,Yes,Y,N,SALISBURY,UNK,Other Vehicle,1,Fixed Object,9,520,MU,,0.54,West,W,E CHURCH ST,0,Feet,F,W,590,MU,,CLAY ST,38.3719,-75.58556,20201210,12/10/2020 12:00:00 AM,,-75.5855562960862,38.3719009180929
950,2020,Q2,Daylight,1,Wicomico,22,,133,Not Applicable,0,Same Direction Rear End,3,Dry,2,2,No Defects,1,"Two-way, Not Divided",1,Not Applicable,0,DE2180004S,Property Damage Crash,,6.01,20200608,6/23/2023 12:05:00 PM,,No,N,N,SALISBURY,UNK,Other Vehicle,1,Not Applicable,0,12,MD,,6.87,North,N,SNOW HILL RD,100,Feet,F,N,1555,MU,,E LOCUST ST,38.3522,-75.57372,20200608,6/8/2020 12:00:00 AM,,-75.5737131060749,38.3521995221902
951,2020,Q4,Daylight,1,Wicomico,22,,133,Intersection Related,3,Same Direction Rear End,3,Wet,1,2,No Defects,1,"Two-way, Divided, Positive Median Barrier",4,Not Applicable,0,DE11220052,Injury Crash,,6.01,20201130,6/23/2023 2:57:00 PM,,Yes,Y,N,SALISBURY,UNK,Other Vehicle,1,Other Vehicle,1,50,US,BU,4.129,East,E,E SALISBURY PKWY,30,Feet,F,E,1900,MU,,NAYLOR ST,38.36839,-75.58627,20201130,11/30/2020 12:00:00 AM,,-75.5862760882708,38.3683876940369
952,2020,Q2,Daylight,1,Wicomico,22,,133,Intersection Related,3,Same Direction Right Turn,8,Dry,2,0,No Defects,1,"Two-way, Not Divided",1,Not Applicable,0,DE41130023,Injury Crash,,6.01,20200511,6/23/2023 1:09:00 PM,,Yes,Y,N,SALISBURY,UNK,Other Vehicle,1,Not Applicable,0,50,US,BU,3.341,East,E,E SALISBURY PKWY,0,Feet,F,W,775,MU,,N DIVISION ST,38.3666,-75.60036,20200511,5/11/2020 12:00:00 AM,,-75.6003597619934,38.3666054787599
953,2020,Q2,Daylight,1,Wicomico,22,,133,Non Intersection,1,Single Vehicle,17,Dry,2,1,No Defects,1,"Two-way, Divided, Unprotected (painted >4 feet) Median",3,Curb,4,HZ01390002,Property Damage Crash,Not Applicable,0,20200426,6/23/2023 6:40:00 PM,,No,N,N,SALISBURYUNIV,UNK,Fixed Object,9,Not Applicable,0,2925,MU,,0,South,S,WAYNE ST,0,,U,N,122,MU,,BATEMAN ST,38.34372,-75.60122,20200426,4/26/2020 12:00:00 AM,,-75.6012200004026,38.3437250001087
954,2020,Q2,Daylight,1,Wicomico,22,,133,Intersection,2,Same Movement Angle,11,Dry,2,1,No Defects,1,"Two-way, Not Divided",1,Not Applicable,0,DE2183005D,Injury Crash,,6.01,20200511,6/23/2023 5:44:00 PM,,Yes,Y,N,SALISBURY,UNK,Other Vehicle,1,Not Applicable,0,420,MU,,0.05,East,E,CARROLTON AVE,0,Feet,F,E,1370,MU,,JOHN ST,38.34904,-75.5965,20200511,5/11/2020 12:00:00 AM,,-75.5964966683865,38.349041213781
955,2020,Q4,Dark Lights On,3,Wicomico,22,,133,Intersection,2,Single Vehicle,17,Dry,2,1,No Defects,1,"Two-way, Not Divided",1,Curb,4,DE2183005V,Property Damage Crash,,6.01,20201022,6/23/2023 10:01:00 PM,,No,N,N,SALISBURY,UNK,Fixed Object,9,Fixed Object,9,970,MU,,0,West,W,FLORIDA AVE,0,Feet,F,W,2910,MU,,WAVERLY DR,38.3574,-75.60229,20201022,10/22/2020 12:00:00 AM,,-75.6022954708592,38.3573980901498
956,2020,Q2,Daylight,1,Wicomico,22,,133,,8.04,Other,88,Dry,2,1,No Defects,1,"Two-way, Not Divided",1,Curb,4,DE5150005J,Injury Crash,,6.01,20200616,6/23/2023 11:35:00 AM,22,No,N,N,SALISBURY,UNK,Other Vehicle,1,Not Applicable,0,1580,MU,,0.16,West,W,LONDON AVE,200,Feet,F,E,230,MU,,BOSTON AVE,38.37668,-75.59416,20200616,6/16/2020 12:00:00 AM,,-75.5941602719789,38.3766840550252
957,2020,Q4,,6.02,Wicomico,22,,133,Not Applicable,0,Same Direction Rear End,3,Dry,2,1,No Defects,1,"Two-way, Divided, Positive Median Barrier",4,Not Applicable,0,DE11940028,Property Damage Crash,,6.01,20201015,6/23/2023 6:59:00 AM,22,No,N,N,SALISBURY,UNK,Other Vehicle,1,Not Applicable,0,50,US,BU,2.781,East,E,W SALISBURY PKWY,25,Feet,F,E,760,MU,,DELAWARE AVE,38.36068,-75.59937,20201015,10/15/2020 12:00:00 AM,,-75.5993650002945,38.3606760002972
958,2020,Q2,Daylight,1,Wicomico,22,,133,Intersection Related,3,Same Direction Rear End,3,Wet,1,3,No Defects,1,"Two-way, Divided, Positive Median Barrier",4,Not Applicable,0,DE6106008F,Injury Crash,Raining,3,20200501,6/23/2023 12:27:00 PM,,Yes,Y,N,SALISBURY,UNK,Other Vehicle,1,Not Applicable,0,13,US,,12.15,North,N,N SALISBURY BLVD,50,Feet,F,S,465,MU,,CENTRE RD,38.40271,-75.56947,20200501,5/1/2020 12:00:00 AM,,-75.5694671135165,38.4027061758494
959,2020,Q4,Daylight,1,Wicomico,22,,133,Not Applicable,0,Same Direction Left Turn,9,Dry,2,3,No Defects,1,"Two-way, Divided, Positive Median Barrier",4,Not Applicable,0,DE2166005B,Property Damage Crash,,6.01,20201124,6/23/2023 3:09:00 PM,,No,N,N,SALISBURY,UNK,Other Vehicle,1,Not Applicable,0,50,US,BU,3.166,East,E,W SALISBURY PKWY,0,Feet,F,W,1780,MU,,MILL ST,38.366,-75.6037,20201124,11/24/2020 12:00:00 AM,,-75.6036987406043,38.3660024356639
960,2020,Q4,Dark Lights On,3,Wicomico,22,,133,Intersection,2,Same Direction Rear End,3,Dry,2,1,No Defects,1,"Two-way, Not Divided",1,Not Applicable,0,DE1137005B,Injury Crash,,6.01,20201129,6/23/2023 6:02:00 PM,,Yes,Y,N,SALISBURY,UNK,Other Vehicle,1,Not Applicable,0,1331,MU,,0.22,East,E,E ISABELLA ST,0,Feet,F,E,13,US,BU,N SALISBURY BLVD,38.37001,-75.59469,20201129,11/29/2020 12:00:00 AM,,-75.5946910167769,38.3700149732125
961,2020,Q2,Daylight,1,Wicomico,22,,133,Non Intersection,1,Single Vehicle,17,Dry,2,0,No Defects,1,"Two-way, Not Divided",1,Curb,4,ZVW3020029,Property Damage Crash,,6.01,20200618,6/23/2023 11:33:00 AM,,No,N,N,WICOMICO,UNK,Fixed Object,9,Fixed Object,9,2538,MU,,0,West,W,SHAREN DR,0,Feet,F,E,774,CO,,PHILLIP MORRIS DR,38.40553,-75.61803,20200618,6/18/2020 12:00:00 AM,,-75.6180319995771,38.4055320004015
962,2020,Q4,Daylight,1,Wicomico,22,,133,Intersection Related,3,Same Direction Rear End,3,Dry,2,1,No Defects,1,"Two-way, Not Divided",1,Not Applicable,0,DE31600082,Injury Crash,,6.01,20201231,6/23/2023 1:44:00 PM,,Yes,Y,N,SALISBURY,UNK,Other Vehicle,1,Not Applicable,0,13,US,BU,4.67,North,N,S SALISBURY BLVD,100,Feet,F,S,1940,MU,,NORTH BLVD,38.35456,-75.60063,20201231,12/31/2020 12:00:00 AM,,-75.6006348268357,38.354557916015
963,2020,Q4,Dark No Lights,4,Wicomico,22,,133,Not Applicable,0,Single Vehicle,17,Dry,2,1,No Defects,1,"Two-way, Divided, Positive Median Barrier",4,Not Applicable,0,MSP5952006N,Property Damage Crash,Not Applicable,0,20201017,6/23/2023 9:28:00 PM,,No,N,N,MSP,UNK,Animal,8,Animal,8,50,US,,13.186,East,E,SALISBURY BYPASS,0.25,Miles,M,W,50,US,UA,NAYLOR MILL RD,38.40151,-75.63004,20201017,10/17/2020 12:00:00 AM,,-75.6300400002458,38.4015100001864
964,2020,Q4,Daylight,1,Wicomico,22,,133,Intersection,2,Single Vehicle,17,Dry,2,1,No Defects,1,"Two-way, Not Divided",1,Not Applicable,0,DE2183005Z,Injury Crash,,6.01,20201031,6/23/2023 4:08:00 PM,,No,N,N,SALISBURY,UNK,Pedestrian,3,Not Applicable,0,370,MU,,0.53,South,S,CAMDEN AVE,0,Feet,F,S,1940,MU,,NORTH BLVD,38.35648,-75.60558,20201031,10/31/2020 12:00:00 AM,,-75.6055819155729,38.3564825335421
965,2020,Q4,Dark Lights On,3,Wicomico,22,,133,Non Intersection,1,Single Vehicle,17,Dry,2,1,No Defects,1,"Two-way, Not Divided",1,Other Pole,10,DE4192001H,Property Damage Crash,,6.01,20201216,6/23/2023 1:09:00 AM,,No,N,N,SALISBURY,UNK,Fixed Object,9,Fixed Object,9,1330,MU,,0.48,East,E,W ISABELLA ST,30,Feet,F,E,730,MU,,CYPRESS ST,38.37156,-75.606,20201216,12/16/2020 12:00:00 AM,,-75.6059926989039,38.3715602602978
966,2020,Q4,Dark Lights On,3,Wicomico,22,,133,Non Intersection,1,Single Vehicle,17,Dry,2,2,No Defects,1,"Two-way, Not Divided",1,Light Support Pole,8,DE6121004J,Property Damage Crash,,6.01,20201109,6/23/2023 1:05:00 AM,,No,N,N,SALISBURY,UNK,Other Vehicle,1,Fixed Object,9,13,US,BU,6.25,North,N,N SALISBURY BLVD,50,Feet,F,N,1900,MU,,NAYLOR ST,38.37655,-75.59148,20201109,11/9/2020 12:00:00 AM,,-75.5914759998175,38.3765520309515
967,2020,Q4,Dark Lights On,3,Wicomico,22,,133,Non Intersection,1,Same Direction Rear End,3,,9.88,1,Foreign Material,4,One-way Trafficway,2,Guardrail or Barrier,5,DE4156002B,Property Damage Crash,,6.01,20201003,6/23/2023 9:02:00 PM,,No,N,N,SALISBURY,UNK,Fixed Object,9,Other Vehicle,1,13,US,BU,6.46,North,N,N SALISBURY BLVD,400,Feet,F,N,250,MU,,BRIDGEVIEW ST,38.37962,-75.58952,20201003,10/3/2020 12:00:00 AM,,-75.589522280229,38.3796239963504
968,2020,Q4,Daylight,1,Wicomico,22,,133,,9.04,Other,88,Dry,2,1,No Defects,1,"Two-way, Not Divided",1,Not Applicable,0,DE3129004K,Property Damage Crash,,6.01,20201024,6/23/2023 12:08:00 PM,,Yes,Y,N,SALISBURY,UNK,Pedestrian,3,Not Applicable,0,290,CO,,0.33,South,S,TILGHMAN RD,300,Feet,F,N,50,US,BU,E SALISBURY PKWY,38.36804,-75.54763,20201024,10/24/2020 12:00:00 AM,,-75.5476316210025,38.3680390430674
969,2020,Q4,Dark Lights On,3,Wicomico,22,,133,Intersection,2,Single Vehicle,17,Wet,1,1,No Defects,1,"Two-way, Not Divided",1,Other Pole,10,DE3129004M,Injury Crash,,7.01,20201107,6/23/2023 2:46:00 AM,,Yes,Y,N,SALISBURY,UNK,Fixed Object,9,Not Applicable,0,370,MU,,0.68,South,S,CAMDEN AVE,0,Feet,F,S,2600,MU,,SOUTH BLVD,38.35443,-75.60623,20201107,11/7/2020 12:00:00 AM,,-75.6062325238119,38.3544274144936
970,2020,Q4,Daylight,1,Wicomico,22,,133,Intersection,2,Single Vehicle,17,Dry,2,1,No Defects,1,"Two-way, Not Divided",1,Light Support Pole,8,DE1109002L,Property Damage Crash,,6.01,20201030,6/23/2023 9:30:00 AM,,Yes,Y,N,SALISBURY,UNK,Fixed Object,9,Not Applicable,0,771,MU,,0.19,North,N,S DIVISION ST,0,Feet,F,N,1632,MU,,E MAIN ST,38.36554,-75.6006,20201030,10/30/2020 12:00:00 AM,,-75.6006010438031,38.3655344887257
971,2020,Q4,Dark Lights On,3,Wicomico,22,,133,Intersection,2,Other,88,Dry,2,1,No Defects,1,"Two-way, Not Divided",1,Building,2,DE2131000Q,Property Damage Crash,,6.01,20201103,6/23/2023 11:37:00 PM,,No,N,N,SALISBURY,UNK,Other Vehicle,1,Fixed Object,9,1681,MU,,0.06,East,E,E MARKET ST,0,Feet,F,E,540,MU,,CIRCLE AVE,38.36453,-75.59925,20201103,11/3/2020 12:00:00 AM,,-75.5992512495455,38.3645330792382
972,2020,Q4,,6.02,Wicomico,22,,133,Intersection,2,Single Vehicle,17,Dry,2,0,No Defects,1,"Two-way, Divided, Positive Median Barrier",4,Not Applicable,0,DE2172006Z,Injury Crash,,6.01,20201018,6/23/2023 6:04:00 PM,,Yes,Y,N,SALISBURY,UNK,Overturn,11,Not Applicable,0,50,US,BU,6.216,East,E,E SALISBURY PKWY,0,Feet,F,E,0,UU,,SPUR TO TILGHMAN RD,38.36646,-75.54742,20201018,10/18/2020 12:00:00 AM,,-75.5474256717573,38.366461893002
973,2020,Q4,Daylight,1,Wicomico,22,,133,Intersection,2,Same Movement Angle,11,Dry,2,1,No Defects,1,"Two-way, Divided, Positive Median Barrier",4,Not Applicable,0,DE4161005B,Injury Crash,,6.01,20201106,6/23/2023 1:28:00 PM,,Yes,Y,N,SALISBURY,UNK,Other Vehicle,1,Other Vehicle,1,50,US,BU,6.259,East,E,E SALISBURY PKWY,0,Feet,F,E,290,CO,,TILGHMAN RD,38.3728,-75.524,20201106,11/6/2020 12:00:00 AM,,-75.5239999998001,38.37280000002