OBJECTID,year,quarter,light_desc,light_code,county_des,county_no,muni_desc,muni_code,junction_d,junction_c,collision_,collisio_2,surf_cond_,surf_con_2,lane_code,rd_cond_de,rd_cond_co,rd_div_des,rd_div_cod,fix_obj_de,fix_obj_co,report_no,report_typ,weather_de,weather_co,acc_date,acc_time,loc_code,signal_fla,signal_f_2,c_m_zone_f,agency_cod,area_code,harm_event,harm_eve_2,harm_eve_3,harm_eve_4,rte_no,route_type,rte_suffix,log_mile,logmile_di,logmile__2,mainroad_n,distance,feet_miles,feet_mil_2,distance_d,reference_,referenc_2,referenc_3,referenc_4,latitude,longitude,crashdate,date,Field1,x,y
1024,2021,Q1,Dark Lights On,3,Wicomico,22,,133,Intersection,2,Same Direction Rear End,3,Wet,1,1,No Defects,1,"Two-way, Not Divided",1,Not Applicable,0,DE6197001G,Property Damage Crash,Raining,3,20210101,6/23/2023 6:00:00 PM,,Yes,Y,N,SALISBURY,UNK,Other Vehicle,1,Other Vehicle,1,13,US,BU,5.47,North,N,N SALISBURY BLVD,0,Feet,F,N,1632,MU,,E MAIN ST,38.35585,-75.60213,20210101,1/1/2021 12:00:00 AM,,-75.602129284239,38.3558555990567
1025,2021,Q1,,5.02,Wicomico,22,,133,Not Applicable,0,Opposite Direction Sideswipe,6,Ice,4,1,No Defects,1,"Two-way, Not Divided",1,Not Applicable,0,ZVW2770001,Property Damage Crash,,8.04,20210128,6/23/2023 7:10:00 AM,,No,N,N,WICOMICO,UNK,Other Vehicle,1,Not Applicable,0,3083,MU,,2.28,North,N,JERSEY RD,0.6,Miles,M,N,1895,MU,,NAYLOR MILL RD,38.40421,-75.60414,20210128,1/28/2021 12:00:00 AM,,-75.6041438393667,38.4042059239643
1026,2021,Q1,Daylight,1,Wicomico,22,,133,Intersection,2,Same Direction Sideswipe,7,Dry,2,1,No Defects,1,"Two-way, Not Divided",1,Not Applicable,0,DE3129004V,Property Damage Crash,,6.01,20210125,6/23/2023 2:24:00 PM,,Yes,Y,N,SALISBURY,UNK,Other Vehicle,1,Not Applicable,0,1947,MU,,0.38,West,W,NORTH POINTE DR,0,Feet,F,W,13,US,,N SALISBURY BLVD,38.41607,-75.56779,20210125,1/25/2021 12:00:00 AM,,-75.5677952450545,38.4160736834538
1027,2021,Q1,Daylight,1,Wicomico,22,,133,Non Intersection,1,Same Direction Rear End,3,Dry,2,1,No Defects,1,"Two-way, Not Divided",1,Not Applicable,0,DE21860069,Property Damage Crash,,6.01,20210220,6/23/2023 12:35:00 PM,,No,N,N,SALISBURY,UNK,Other Vehicle,1,Not Applicable,0,13,US,BU,5.93,North,N,N SALISBURY BLVD,50,Feet,F,S,100,MU,,BALTIMORE AVE,38.37195,-75.59377,20210220,2/20/2021 12:00:00 AM,,-75.5937656152909,38.371947050616
1028,2021,Q1,Daylight,1,Wicomico,22,,133,Intersection,2,Single Vehicle,17,Wet,1,2,No Defects,1,"Two-way, Not Divided",1,,88,DE6197001P,Property Damage Crash,,6.01,20210227,6/23/2023 3:36:00 PM,22,No,N,N,SALISBURY,UNK,Other,88,Fixed Object,9,12,MD,,6.87,North,N,SNOW HILL RD,0,Feet,F,N,1555,MU,,E LOCUST ST,38.3607,-75.59071,20210227,2/27/2021 12:00:00 AM,,-75.5907138027997,38.3607014699969
1029,2021,Q1,Daylight,1,Wicomico,22,,133,Non Intersection,1,Same Direction Sideswipe,7,Dry,2,1,No Defects,1,"Two-way, Not Divided",1,Not Applicable,0,DE1110004S,Property Damage Crash,,7.01,20210127,6/23/2023 11:00:00 AM,,No,N,N,SALISBURY,UNK,Other Vehicle,1,Not Applicable,0,13,US,BU,4.95,North,N,S SALISBURY BLVD,100,Feet,F,N,1810,MU,,MITCHELL ST,38.35936,-75.5982,20210127,1/27/2021 12:00:00 AM,,-75.5982009061469,38.3593546327102
1030,2020,Q2,Daylight,1,Wicomico,22,,133,Intersection Related,3,Same Movement Angle,11,Dry,2,1,No Defects,1,"Two-way, Divided, Positive Median Barrier",4,Not Applicable,0,DE2158005S,Injury Crash,,6.01,20200405,6/23/2023 6:18:00 PM,,Yes,Y,N,SALISBURY,UNK,Other Vehicle,1,Other Vehicle,1,13,US,,12.65,North,N,N SALISBURY BLVD,0,Feet,F,S,1897,MU,,E NAYLOR MILL RD,38.4099,-75.56763,20200405,4/5/2020 12:00:00 AM,,-75.5676258739349,38.4099003628115
1031,2021,Q1,Daylight,1,Wicomico,22,,133,Intersection,2,Single Vehicle,17,Dry,2,1,No Defects,1,"Two-way, Not Divided",1,Curb,4,DE2153001P,Injury Crash,,6.01,20210310,6/23/2023 2:25:00 PM,,No,N,N,SALISBURY,UNK,Fixed Object,9,Not Applicable,0,1135,MU,,0.25,West,W,HAMPSHIRE RD,0,Feet,F,W,895,OP,,NORTHGATE DR,38.41496,-75.56759,20210310,3/10/2021 12:00:00 AM,,-75.5675909550585,38.4149543512623
1032,2022,Q1,Dark Lights On,3,Wicomico,22,,133,Intersection,2,Same Direction Rear End,3,Dry,2,0,No Defects,1,"Two-way, Not Divided",1,Not Applicable,0,DE1143001M,Property Damage Crash,,6.01,20220211,6/23/2023 9:57:00 PM,,Yes,Y,N,SALISBURY,UNK,Other Vehicle,1,Other Vehicle,1,2450,MU,,0.34,South,S,ROGER ST,0,Feet,F,S,1500,MU,,E LINCOLN AVE,38.3545,-75.59295,20220211,2/11/2022 12:00:00 AM,,-75.5929484058442,38.3545000554333
1033,2021,Q1,Daylight,1,Wicomico,22,,133,Intersection,2,Head On Left Turn,2,Wet,1,2,No Defects,1,"Two-way, Divided, Unprotected (painted >4 feet) Median",3,,88,DE21740012,Injury Crash,Raining,3,20210213,6/23/2023 11:18:00 AM,,No,N,N,SALISBURY,UNK,Other Vehicle,1,Other Object,10,13,US,BU,6.4,North,N,N SALISBURY BLVD,0,Feet,F,N,1790,MU,,MILLER PL,38.37834,-75.5905,20210213,2/13/2021 12:00:00 AM,,-75.5904999997751,38.378340000091
1034,2021,Q3,Dark Lights On,3,Wicomico,22,,133,Intersection,2,Other,88,Dry,2,2,No Defects,1,"Two-way, Not Divided",1,Not Applicable,0,DE61970026,Injury Crash,,6.01,20210801,6/23/2023 9:30:00 PM,22,Yes,Y,N,SALISBURY,UNK,Other Vehicle,1,Not Applicable,0,45,MU,,0.27,East,E,ARLINGTON RD,0,Feet,F,E,13,US,BU,N SALISBURY BLVD,38.36773,-75.61017,20210801,8/1/2021 12:00:00 AM,,-75.6101710462568,38.3677266185886
1035,2021,Q1,Daylight,1,Wicomico,22,,133,Intersection Related,3,Same Direction Rear End,3,Dry,2,0,No Defects,1,"Two-way, Not Divided",1,Not Applicable,0,DE3111008Q,Injury Crash,,7.01,20210129,6/23/2023 10:44:00 AM,,Yes,Y,N,SALISBURY,UNK,Other Vehicle,1,Not Applicable,0,531,MU,,0.18,North,N,W CHURCH ST,10,Feet,F,S,13,US,BU,N SALISBURY BLVD,38.36726,-75.59554,20210129,1/29/2021 12:00:00 AM,,-75.5955393184847,38.3672569314623
1036,2021,Q1,Dark Lights On,3,Wicomico,22,,133,Intersection,2,Other,88,Wet,1,0,No Defects,1,"Two-way, Not Divided",1,Not Applicable,0,DE51500067,Property Damage Crash,Raining,3,20210213,6/23/2023 7:27:00 PM,22,Yes,Y,N,SALISBURY,UNK,Not Applicable,0,Not Applicable,0,1900,MU,,0.05,East,E,NAYLOR ST,0,Feet,F,E,13,US,BU,N SALISBURY BLVD,38.3762,-75.59129,20210213,2/13/2021 12:00:00 AM,,-75.5912970823944,38.3761970892243
1037,2021,Q1,Dark Lights On,3,Wicomico,22,,133,Not Applicable,0,Single Vehicle,17,Wet,1,2,No Defects,1,"Two-way, Not Divided",1,Curb,4,DE51500068,Property Damage Crash,Raining,3,20210222,6/23/2023 6:29:00 PM,22,No,N,N,SALISBURY,UNK,Other Vehicle,1,Not Applicable,0,828,MU,,1.06,North,N,EASTERN SHORE DR,100,Feet,F,S,415,MU,,E CARROLL ST,38.36284,-75.59495,20210222,2/22/2021 12:00:00 AM,,-75.5949448863973,38.3628393689418
1038,2021,Q1,Daylight,1,Wicomico,22,,133,Intersection,2,Same Movement Angle,11,Dry,2,3,No Defects,1,"Two-way, Divided, Positive Median Barrier",4,Not Applicable,0,DE1122005G,Injury Crash,,6.01,20210331,6/23/2023 2:07:00 PM,,Yes,Y,N,SALISBURY,UNK,Other Vehicle,1,Overturn,11,50,US,BU,2.518,East,E,W SALISBURY PKWY,0,Feet,F,E,349,MD,,NANTICOKE RD,38.36964,-75.61411,20210331,3/31/2021 12:00:00 AM,,-75.6141121074878,38.369636659904
1039,2021,Q1,Daylight,1,Wicomico,22,,133,Non Intersection,1,Same Direction Rear End,3,Dry,2,2,No Defects,1,"Two-way, Not Divided",1,Not Applicable,0,DE2153001L,Injury Crash,,6.01,20210305,6/23/2023 2:03:00 PM,,Yes,Y,N,SALISBURY,UNK,Other Vehicle,1,Other Vehicle,1,13,US,,12.55,North,N,N SALISBURY BLVD,500,Feet,F,N,3070,MU,,N ZION RD,38.39354,-75.57388,20210305,3/5/2021 12:00:00 AM,,-75.5738834916298,38.3935451454921
1040,2021,Q1,Dark Lights On,3,Wicomico,22,,133,Intersection,2,Same Movement Angle,11,Dry,2,2,No Defects,1,"Two-way, Not Divided",1,Not Applicable,0,DE21860068,Injury Crash,,6.01,20210205,6/23/2023 11:44:00 PM,,Yes,Y,N,SALISBURY,UNK,Other Vehicle,1,Not Applicable,0,13,US,BU,5.47,North,N,N SALISBURY BLVD,0,Feet,F,N,1632,MU,,E MAIN ST,38.36584,-75.59514,20210205,2/5/2021 12:00:00 AM,,-75.5951389061356,38.3658401305177
1041,2021,Q1,Daylight,1,Wicomico,22,,133,Intersection,2,Same Movement Angle,11,Dry,2,1,No Defects,1,"Two-way, Not Divided",1,Sign Support Pole,9,DE6121004V,Property Damage Crash,,6.01,20210116,6/23/2023 12:30:00 PM,,Yes,Y,N,SALISBURY,UNK,Other Vehicle,1,Other Vehicle,1,760,MU,,0.31,South,S,DELAWARE AVE,0,Feet,F,S,220,MU,,BOOTH ST,38.37748,-75.60545,20210116,1/16/2021 12:00:00 AM,,-75.6054543323515,38.3774782688071
1042,2021,Q1,Daylight,1,Wicomico,22,,133,Not Applicable,0,Same Direction Rear End,3,Not Applicable,0,1,Not Applicable,0,"Two-way, Not Divided",1,Not Applicable,0,DE5163003Y,Property Damage Crash,,6.01,20210208,6/23/2023 2:55:00 PM,,No,N,N,SALISBURY,UNK,Other Vehicle,1,Not Applicable,0,1950,MU,,1.89,North,N,NORTHWOOD DR,200,Feet,F,S,416,CO,,NAYLOR MILL RD,38.3694,-75.53837,20210208,2/8/2021 12:00:00 AM,,-75.5383690967564,38.3693961290282
1043,2021,Q1,Daylight,1,Wicomico,22,,133,Non Intersection,1,Same Direction Sideswipe,7,Wet,1,1,No Defects,1,"Two-way, Not Divided",1,Not Applicable,0,DE3111008Y,Property Damage Crash,Raining,3,20210227,6/23/2023 10:34:00 AM,,No,N,N,SALISBURY,UNK,Other Vehicle,1,Not Applicable,0,2422,MU,,0.39,South,S,RIVERSIDE DR #2,20,Feet,F,S,3050,MU,,WINDER ST,38.36726,-75.59554,20210227,2/27/2021 12:00:00 AM,,-75.5955393184847,38.3672569314623
1044,2021,Q1,Daylight,1,Wicomico,22,,133,Intersection,2,Angle Meets Left Turn,13,Dry,2,3,No Defects,1,"Two-way, Divided, Unprotected (painted >4 feet) Median",3,Not Applicable,0,DE2176000G,Injury Crash,,7.01,20210317,6/23/2023 4:26:00 PM,,Yes,Y,N,SALISBURY,UNK,Other Vehicle,1,Other Vehicle,1,2600,MU,,0.67,East,E,SOUTH BLVD,0,Feet,F,E,13,US,BU,S SALISBURY BLVD,38.35358,-75.60085,20210317,3/17/2021 12:00:00 AM,,-75.6008559575364,38.3535836390737
1045,2021,Q1,Daylight,1,Wicomico,22,,133,Intersection,2,Same Movement Angle,11,Ice,4,1,No Defects,1,"Two-way, Divided, Unprotected (painted >4 feet) Median",3,Not Applicable,0,DE1194002V,Property Damage Crash,,8.04,20210131,6/23/2023 12:39:00 PM,,Yes,Y,N,SALISBURY,UNK,Other Vehicle,1,Not Applicable,0,370,MU,,0.88,South,S,CAMDEN AVE,0,Feet,F,S,2180,MU,,PINEHURST AVE,38.35157,-75.60697,20210131,1/31/2021 12:00:00 AM,,-75.60697084293,38.3515668994929
1046,2021,Q1,Daylight,1,Wicomico,22,,133,Non Intersection,1,Head On,1,Snow,3,1,No Defects,1,"Two-way, Not Divided",1,,88,DE6197001L,Property Damage Crash,,8.04,20210131,6/23/2023 2:34:00 PM,22,No,N,N,SALISBURY,UNK,Parked Vehicle,2,Not Applicable,0,420,MU,,0.24,East,E,CARROLTON AVE,20,Feet,F,E,440,MU,,CECIL ST,38.35585,-75.60213,20210131,1/31/2021 12:00:00 AM,,-75.602129284239,38.3558555990567
1047,2021,Q1,Dark No Lights,4,Wicomico,22,,133,Non Intersection,1,Other,88,Wet,1,0,Not Applicable,0,"Two-way, Not Divided",1,,88,DE2176000B,Property Damage Crash,,6.01,20210301,6/23/2023 1:06:00 AM,DE 8270,No,N,N,SALISBURY,UNK,Parked Vehicle,2,Parked Vehicle,2,2690,MU,,0,North,N,TEXAS AVE,50,Feet,F,S,2150,MU,,PENNA AVE #2,38.35536,-75.60846,20210301,3/1/2021 12:00:00 AM,,-75.6084559959474,38.3553620232389
1048,2021,Q1,Daylight,1,Wicomico,22,,133,Non Intersection,1,Same Direction Sideswipe,7,Dry,2,1,No Defects,1,"Two-way, Not Divided",1,Not Applicable,0,DE2180005F,Property Damage Crash,,6.01,20210219,6/23/2023 10:55:00 AM,,No,N,N,SALISBURY,UNK,Other Vehicle,1,Not Applicable,0,765,MU,,3.27,North,N,DIVISION ST S,5,Feet,F,S,2015,MU,,ONLEY RD,38.3435,-75.59885,20210219,2/19/2021 12:00:00 AM,,-75.5988473766051,38.3435002280531
1049,2021,Q1,Daylight,1,Wicomico,22,,133,Intersection,2,Same Movement Angle,11,Other,88,1,No Defects,1,"Two-way, Not Divided",1,Not Applicable,0,DE6133001W,Injury Crash,,6.01,20210127,6/23/2023 10:26:00 AM,,Yes,Y,N,SALISBURY,UNK,Other Vehicle,1,Not Applicable,0,1896,MU,,3.39,West,W,NAYLOR MILL RD,0,Feet,F,W,2950,MU,,WEST RD,38.39911,-75.62082,20210127,1/27/2021 12:00:00 AM,,-75.6208164822948,38.3991121863784
1050,2021,Q1,Daylight,1,Wicomico,22,,133,Non Intersection,1,Same Direction Sideswipe,7,Dry,2,2,Not Applicable,0,"Two-way, Not Divided",1,Not Applicable,0,DE6187000N,Property Damage Crash,,6.01,20210330,6/23/2023 5:31:00 PM,,No,N,N,SALISBURY,UNK,Other Vehicle,1,Not Applicable,0,13,US,BU,6.07,North,N,N SALISBURY BLVD,0,Feet,F,N,490,MU,,CHERRY ST,38.3739,-75.59286,20210330,3/30/2021 12:00:00 AM,,-75.5928613038061,38.3738989778556
1051,2021,Q1,Daylight,1,Wicomico,22,,133,Intersection,2,Same Movement Angle,11,Dry,2,2,No Defects,1,,5.01,Not Applicable,0,DE11410010,Property Damage Crash,,7.01,20210210,6/23/2023 2:51:00 PM,,Yes,Y,N,SALISBURY,UNK,Other Vehicle,1,Not Applicable,0,13,US,BU,5.46,North,N,S SALISBURY BLVD,0,Feet,F,N,1681,MU,,E MARKET ST,38.36557,-75.59539,20210210,2/10/2021 12:00:00 AM,,-75.5953870911413,38.3655730642456
1052,2021,Q1,Daylight,1,Wicomico,22,,133,,9.04,Same Direction Right Turn,8,Dry,2,1,No Defects,1,"Two-way, Not Divided",1,Not Applicable,0,DE11220058,Property Damage Crash,,6.01,20210125,6/23/2023 3:31:00 PM,,Yes,Y,N,SALISBURY,UNK,Other Vehicle,1,Not Applicable,0,13,US,BU,4.67,North,N,S SALISBURY BLVD,300,Feet,F,N,1940,MU,,NORTH BLVD,38.3562,-75.6003,20210125,1/25/2021 12:00:00 AM,,-75.6003035552648,38.3562045369099
1053,2021,Q1,Daylight,1,Wicomico,22,,133,Intersection,2,Same Movement Angle,11,Dry,2,2,No Defects,1,"Two-way, Divided, Positive Median Barrier",4,Not Applicable,0,DE4161005V,Injury Crash,,6.01,20210327,6/23/2023 4:28:00 PM,,Yes,Y,N,SALISBURY,UNK,Other Vehicle,1,Not Applicable,0,775,MU,,0.09,North,N,N DIVISION ST,0,Feet,F,N,50,US,BU,E SALISBURY PKWY,38.3728,-75.524,20210327,3/27/2021 12:00:00 AM,,-75.5239999998001,38.37280000002
1054,2021,Q1,Dark Lights On,3,Wicomico,22,,133,Not Applicable,0,Single Vehicle,17,Ice,4,1,No Defects,1,"Two-way, Not Divided",1,Building,2,DE3129004X,Property Damage Crash,,9.04,20210131,6/23/2023 7:11:00 PM,,No,N,N,SALISBURY,UNK,Fixed Object,9,Not Applicable,0,2950,MU,,2.2,East,E,WEST RD,600,Feet,F,E,552,CO,,BOUNDARY ST,38.37302,-75.60789,20210131,1/31/2021 12:00:00 AM,,-75.6078947785212,38.3730222575712
1055,2021,Q1,Dark Lights On,3,Wicomico,22,,133,Non Intersection,1,Other,88,Dry,2,2,No Defects,1,"Two-way, Not Divided",1,Not Applicable,0,DE51630041,Property Damage Crash,Not Applicable,0,20210328,6/23/2023 2:30:00 AM,,No,N,N,SALISBURY,UNK,Other Vehicle,1,Not Applicable,0,2720,MU,,0.17,South,S,TRUITT ST,20,Feet,F,N,940,MU,,FILLMORE ST,38.37968,-75.58677,20210328,3/28/2021 12:00:00 AM,,-75.586770486069,38.3796797309349
1056,2021,Q1,Dark Lights On,3,Wicomico,22,,133,Intersection,2,Same Movement Angle,11,Wet,1,1,No Defects,1,"Two-way, Not Divided",1,Not Applicable,0,DE1194002S,Property Damage Crash,Raining,3,20210103,6/23/2023 5:54:00 PM,22,Yes,Y,N,SALISBURY,UNK,Other Vehicle,1,Not Applicable,0,13,US,BU,5.27,North,N,S SALISBURY BLVD,0,Feet,F,N,415,MU,,E CARROLL ST,38.3632,-75.59637,20210103,1/3/2021 12:00:00 AM,,-75.5963648682441,38.3631988000846
1057,2021,Q1,Daylight,1,Wicomico,22,,133,Intersection,2,Same Direction Rear End,3,Dry,2,1,No Defects,1,"Two-way, Not Divided",1,Not Applicable,0,DE61870005,Injury Crash,,6.01,20210109,6/23/2023 9:32:00 AM,,Yes,Y,N,SALISBURY,UNK,Other Vehicle,1,Not Applicable,0,12,MD,,6.67,North,N,SNOW HILL RD,0,Feet,F,N,2525,MU,,S SCHUMAKER DR,38.35798,-75.58804,20210109,1/9/2021 12:00:00 AM,,-75.5880458982995,38.3579822735632
1058,2021,Q1,Daylight,1,Wicomico,22,,133,Intersection,2,Same Direction Rear End,3,Dry,2,1,No Defects,1,"Two-way, Not Divided",1,Not Applicable,0,DE6187000L,Injury Crash,,6.01,20210330,6/23/2023 2:54:00 PM,,Yes,Y,N,SALISBURY,UNK,Other Vehicle,1,Not Applicable,0,775,MU,,0.36,North,N,N DIVISION ST,0,Feet,F,N,3013,MU,,E WILLIAMS ST #2,38.37037,-75.59883,20210330,3/30/2021 12:00:00 AM,,-75.5988305601822,38.3703714644716
1059,2021,Q1,Dark Lights On,3,Wicomico,22,,133,Not Applicable,0,Same Direction Rear End,3,Dry,2,2,No Defects,1,"Two-way, Divided, Positive Median Barrier",4,Not Applicable,0,MSP68430056,Property Damage Crash,,6.01,20210203,6/23/2023 8:11:00 PM,,No,N,N,MSP,UNK,Other Vehicle,1,Not Applicable,0,13,US,,8.68,North,N,SALISBURY BYPASS,100,Feet,F,N,13,RP,,RAMP 5 FR US 13 SB TO US 50BU EB,38.35852,-75.53934,20210203,2/3/2021 12:00:00 AM,,-75.5393442721204,38.3585232040826
1060,2021,Q1,Daylight,1,Wicomico,22,,133,Non Intersection,1,Single Vehicle,17,Dry,2,1,No Defects,1,"Two-way, Not Divided",1,Building,2,DE6197001J,Property Damage Crash,,6.01,20210129,6/23/2023 1:14:00 PM,22,No,N,N,SALISBURY,UNK,Fixed Object,9,Not Applicable,0,520,MU,,1.12,West,W,E CHURCH ST,100,Feet,F,E,13,US,BU,N SALISBURY BLVD,38.35585,-75.60213,20210129,1/29/2021 12:00:00 AM,,-75.602129284239,38.3558555990567
1061,2021,Q1,Daylight,1,Wicomico,22,,133,Intersection,2,Same Movement Angle,11,Wet,1,2,No Defects,1,"Two-way, Not Divided",1,Not Applicable,0,DE5150006B,Property Damage Crash,Raining,3,20210228,6/23/2023 10:37:00 AM,22,Yes,Y,N,SALISBURY,UNK,Other Vehicle,1,Not Applicable,0,828,MU,,0.35,North,N,EASTERN SHORE DR,0,Feet,F,N,2600,MU,,SOUTH BLVD,38.34706,-75.60241,20210228,2/28/2021 12:00:00 AM,,-75.6024121569954,38.3470559127003
1062,2021,Q1,Dark Lights On,3,Wicomico,22,,133,Intersection,2,Head On Left Turn,2,Wet,1,1,No Defects,1,"Two-way, Divided, Unprotected (painted >4 feet) Median",3,Not Applicable,0,DE2146000Q,Injury Crash,Raining,3,20210101,6/23/2023 4:27:00 PM,,Yes,Y,N,SALISBURY,UNK,Other Vehicle,1,Not Applicable,0,13,US,BU,5.77,North,N,N SALISBURY BLVD,0,Feet,F,N,1331,MU,,E ISABELLA ST,38.37004,-75.59441,20210101,1/1/2021 12:00:00 AM,,-75.5944155976017,38.3700400184322
1063,2021,Q1,Daylight,1,Wicomico,22,,133,Intersection Related,3,Single Vehicle,17,Wet,1,1,No Defects,1,"Two-way, Not Divided",1,Curb,4,DE6121004Y,Property Damage Crash,Raining,3,20210218,6/23/2023 12:30:00 PM,,Yes,Y,N,SALISBURY,UNK,Other Vehicle,1,Not Applicable,0,2125,MU,,0.14,West,W,PEMBERTON DR,10,Feet,F,E,2095,MU,,PARSONS RD,38.36747,-75.61797,20210218,2/18/2021 12:00:00 AM,,-75.617976897216,38.3674744423917
1064,2021,Q1,Daylight,1,Wicomico,22,,133,Non Intersection,1,Same Direction Rear End,3,Dry,2,2,No Defects,1,"Two-way, Not Divided",1,Not Applicable,0,DE11410016,Injury Crash,,6.01,20210305,6/23/2023 2:13:00 PM,,No,N,N,SALISBURY,UNK,Other Vehicle,1,Not Applicable,0,13,US,BU,4.17,North,N,S SALISBURY BLVD,150,Feet,F,N,631,MU,,W COLLEGE AVE,38.34902,-75.60209,20210305,3/5/2021 12:00:00 AM,,-75.6020885899164,38.3490203225299
1065,2021,Q1,Dark Lights On,3,Wicomico,22,,133,Intersection,2,Single Vehicle,17,Wet,1,1,No Defects,1,"Two-way, Not Divided",1,Light Support Pole,8,DE2172007L,Property Damage Crash,Raining,3,20210215,6/23/2023 11:42:00 PM,,Yes,Y,N,SALISBURY,UNK,Fixed Object,9,Not Applicable,0,13,US,BU,4.53,North,N,S SALISBURY BLVD,0,Feet,F,N,2600,MU,,SOUTH BLVD,38.35366,-75.60106,20210215,2/15/2021 12:00:00 AM,,-75.601060464269,38.3536629278019
1066,2021,Q1,Daylight,1,Wicomico,22,,133,Intersection,2,Same Movement Angle,11,Wet,1,1,No Defects,1,"Two-way, Not Divided",1,Sign Support Pole,9,DE4139009P,Injury Crash,,6.01,20210301,6/23/2023 12:18:00 PM,,Yes,Y,N,SALISBURY,UNK,Other Vehicle,1,Fixed Object,9,2910,MU,,0.34,North,N,WAVERLY DR,0,Feet,F,N,1710,MU,,MARYLAND AVE,38.35865,-75.60166,20210301,3/1/2021 12:00:00 AM,,-75.6016632015954,38.3586466863955
1067,2021,Q1,Daylight,1,Wicomico,22,,133,Non Intersection,1,Same Movement Angle,11,Dry,2,2,No Defects,1,"Two-way, Divided, Unprotected (painted >4 feet) Median",3,Not Applicable,0,DE21740014,Injury Crash,Not Applicable,0,20210217,6/23/2023 1:27:00 PM,,No,N,N,SALISBURY,UNK,Other Vehicle,1,Not Applicable,0,349,MD,,22.32,East,E,NANTICOKE RD,100,Feet,F,W,50,US,BU,W SALISBURY PKWY,38.36939,-75.61504,20210217,2/17/2021 12:00:00 AM,,-75.6150355142775,38.3693891934566
1068,2021,Q1,,7.88,Wicomico,22,,133,Intersection,2,Single Vehicle,17,Unknown,99,2,No Defects,1,"Two-way, Not Divided",1,,88,DE21760008,Property Damage Crash,Unknown,99,20210208,6/23/2023 8:32:00 AM,DE 8270,No,N,N,SALISBURY,UNK,Fixed Object,9,Fixed Object,9,13,US,BU,6.46,North,N,N SALISBURY BLVD,0,Feet,F,N,250,MU,,BRIDGEVIEW ST,38.37918,-75.59013,20210208,2/8/2021 12:00:00 AM,,-75.5901262469287,38.3791767239267
1069,2021,Q1,Dark Lights On,3,Wicomico,22,,133,Intersection,2,Same Direction Rear End,3,Wet,1,0,No Defects,1,"Two-way, Not Divided",1,Not Applicable,0,ZVW213000L,Injury Crash,Not Applicable,0,20210214,6/23/2023 2:08:00 AM,,Yes,Y,N,WICOMICO,UNK,Other Vehicle,1,Not Applicable,0,765,MU,,2.8,North,N,DIVISION ST S,0,Feet,F,N,823,MU,,DYKES RD,38.3368,-75.59956,20210214,2/14/2021 12:00:00 AM,,-75.5995531708421,38.3367960412044
1070,2021,Q1,Dark Lights On,3,Wicomico,22,,133,Intersection,2,Single Vehicle,17,Wet,1,1,No Defects,1,"Two-way, Divided, Positive Median Barrier",4,Fence,7,DE1141001B,Injury Crash,Raining,3,20210324,6/23/2023 9:31:00 PM,,No,N,N,SALISBURY,UNK,Fixed Object,9,Fixed Object,9,50,US,BU,4.392,East,E,E SALISBURY PKWY,0,Feet,F,E,346,MD,,E MAIN ST,38.36895,-75.58223,20210324,3/24/2021 12:00:00 AM,,-75.5822295140808,38.3689494006944
1071,2021,Q1,Daylight,1,Wicomico,22,,133,Intersection,2,Single Vehicle,17,Wet,1,1,No Defects,1,"Two-way, Divided, Positive Median Barrier",4,Sign Support Pole,9,DE11700090,Property Damage Crash,Raining,3,20210211,6/23/2023 11:16:00 AM,,No,N,N,SALISBURY,UNK,Fixed Object,9,Not Applicable,0,735,MU,,0,West,W,W DAGSBORO RD,0,Feet,F,W,13,US,,N SALISBURY BLVD,38.42093,-75.56561,20210211,2/11/2021 12:00:00 AM,,-75.5656081388045,38.4209335262613
1072,2021,Q1,Daylight,1,Wicomico,22,,133,Non Intersection,1,Same Direction Rear End,3,Dry,2,1,No Defects,1,"Two-way, Not Divided",1,Not Applicable,0,DE2153001T,Property Damage Crash,,6.01,20210311,6/23/2023 2:00:00 PM,,No,N,N,SALISBURY,UNK,Other Vehicle,1,Other Vehicle,1,1897,MU,,0,South,S,E NAYLOR MILL RD,50,Feet,F,N,13,US,,N SALISBURY BLVD,38.40992,-75.56667,20210311,3/11/2021 12:00:00 AM,,-75.5666740881386,38.4099192953393
1073,2021,Q1,Dark Lights On,3,Wicomico,22,,133,Intersection,2,Other,88,Dry,2,1,No Defects,1,"Two-way, Divided, Positive Median Barrier",4,Sign Support Pole,9,DE2166005G,Property Damage Crash,,6.01,20210127,6/23/2023 6:03:00 PM,,Yes,Y,N,SALISBURY,UNK,Fixed Object,9,Fixed Object,9,50,US,BU,4.295,East,E,E SALISBURY PKWY,0,Feet,F,E,2720,MU,,TRUITT ST,38.36877,-75.58324,20210127,1/27/2021 12:00:00 AM,,-75.5832434951911,38.3687732226062
1074,2021,Q1,Dark Lights On,3,Wicomico,22,,133,Not Applicable,0,Same Direction Rear End,3,Wet,1,2,No Defects,1,"Two-way, Divided, Positive Median Barrier",4,Not Applicable,0,MSP4925008G,Injury Crash,Raining,3,20210213,6/23/2023 7:02:00 PM,,No,N,N,MSP,UNK,Other Vehicle,1,Not Applicable,0,13,US,,12.15,North,N,N SALISBURY BLVD,300,Feet,F,S,465,MU,,CENTRE RD,38.3996,-75.57063,20210213,2/13/2021 12:00:00 AM,,-75.5706342329834,38.3996000667897