OBJECTID,year,quarter,light_desc,light_code,county_des,county_no,muni_desc,muni_code,junction_d,junction_c,collision_,collisio_2,surf_cond_,surf_con_2,lane_code,rd_cond_de,rd_cond_co,rd_div_des,rd_div_cod,fix_obj_de,fix_obj_co,report_no,report_typ,weather_de,weather_co,acc_date,acc_time,loc_code,signal_fla,signal_f_2,c_m_zone_f,agency_cod,area_code,harm_event,harm_eve_2,harm_eve_3,harm_eve_4,rte_no,route_type,rte_suffix,log_mile,logmile_di,logmile__2,mainroad_n,distance,feet_miles,feet_mil_2,distance_d,reference_,referenc_2,referenc_3,referenc_4,latitude,longitude,crashdate,date,Field1,x,y
1330,2021,Q3,Daylight,1,Wicomico,22,,133,Intersection Related,3,Same Direction Rear End,3,Wet,1,1,No Defects,1,"Two-way, Divided, Positive Median Barrier",4,Not Applicable,0,DE7191005R,Property Damage Crash,Raining,3,20210807,6/23/2023 6:27:00 PM,,Yes,Y,N,SALISBURY,UNK,Other Vehicle,1,Not Applicable,0,50,US,BU,3.166,East,E,W SALISBURY PKWY,30,Feet,F,E,1780,MU,,MILL ST,38.36611,-75.60315,20210807,8/7/2021 12:00:00 AM,,-75.6031462232196,38.3661076167731
1331,2021,Q3,Daylight,1,Wicomico,22,,133,Intersection,2,Same Movement Angle,11,Wet,1,1,No Defects,1,"Two-way, Not Divided",1,Curb,4,ZVW273000L,Property Damage Crash,Raining,3,20210817,6/23/2023 1:58:00 PM,,Yes,Y,N,WICOMICO,UNK,Other Object,10,Not Applicable,0,220,MU,,0.71,East,E,BOOTH ST,0,Feet,F,E,760,MU,,DELAWARE AVE,38.37727,-75.60524,20210817,8/17/2021 12:00:00 AM,,-75.6052416247012,38.3772713626833
1332,2021,Q3,Daylight,1,Wicomico,22,,133,Intersection,2,Same Direction Right Turn,8,Dry,2,0,No Defects,1,"Two-way, Not Divided",1,Not Applicable,0,DE1181005Y,Injury Crash,,6.01,20210706,6/23/2023 4:10:00 PM,,Yes,Y,N,SALISBURY,UNK,Other Vehicle,1,Not Applicable,0,1950,MU,,1.89,North,N,NORTHWOOD DR,0,Feet,F,N,416,CO,,NAYLOR MILL RD,38.4087,-75.57671,20210706,7/6/2021 12:00:00 AM,,-75.5767077288785,38.4086958099637
1333,2021,Q3,Daylight,1,Wicomico,22,,133,Intersection,2,Same Movement Angle,11,Dry,2,1,No Defects,1,,5.01,Not Applicable,0,DE4192002S,Property Damage Crash,,6.01,20210804,6/23/2023 5:11:00 PM,,No,N,N,SALISBURY,UNK,Other Vehicle,1,Not Applicable,0,13,US,BU,6.86,North,N,N SALISBURY BLVD,0,Feet,F,N,1950,MU,,NORTHWOOD DR,38.38288,-75.58484,20210804,8/4/2021 12:00:00 AM,,-75.5848353896415,38.3828823327535
1334,2021,Q3,Daylight,1,Wicomico,22,,133,Not Applicable,0,Same Direction Rear End,3,Dry,2,2,No Defects,1,"Two-way, Not Divided",1,Not Applicable,0,DE3111009Y,Injury Crash,,6.01,20210814,6/23/2023 11:55:00 AM,,No,N,N,SALISBURY,UNK,Other Vehicle,1,Not Applicable,0,13,US,BU,6.86,North,N,N SALISBURY BLVD,30,Feet,F,S,1270,MU,,HOMER ST,38.38266,-75.58504,20210814,8/14/2021 12:00:00 AM,,-75.5850425214952,38.3826572540291
1335,2021,Q3,Daylight,1,Wicomico,22,,133,Non Intersection,1,Same Direction Rear End,3,Dry,2,1,No Defects,1,"Two-way, Divided, Positive Median Barrier",4,Fence,7,DE2180005Y,Property Damage Crash,,6.01,20210830,6/23/2023 4:17:00 PM,,No,N,N,SALISBURY,UNK,Other Vehicle,1,Fixed Object,9,50,US,BU,4.129,East,E,E SALISBURY PKWY,100,Feet,F,W,1900,MU,,NAYLOR ST,38.36748,-75.59548,20210830,8/30/2021 12:00:00 AM,,-75.5954819507314,38.3674757769856
1336,2021,Q3,Daylight,1,Wicomico,22,,133,Intersection,2,Same Direction Rear End,3,Dry,2,3,No Defects,1,"Two-way, Not Divided",1,Not Applicable,0,DE2176001M,Injury Crash,,6.01,20210921,6/23/2023 6:17:00 PM,,Yes,Y,N,SALISBURY,UNK,Other Vehicle,1,Not Applicable,0,13,US,BU,4.53,North,N,S SALISBURY BLVD,0,Feet,F,N,2600,MU,,SOUTH BLVD,38.35358,-75.60088,20210921,9/21/2021 12:00:00 AM,,-75.6008742965116,38.3535775731465
1337,2021,Q3,Dark Lights On,3,Wicomico,22,,133,Not Applicable,0,Same Direction Left Turn,9,Not Applicable,0,1,No Defects,1,"Two-way, Not Divided",1,Not Applicable,0,DE11430006,Property Damage Crash,Raining,3,20210714,6/23/2023 9:06:00 PM,,No,N,N,SALISBURY,UNK,Other Vehicle,1,Other Vehicle,1,13,US,BU,4.67,North,N,S SALISBURY BLVD,50,Feet,F,S,1940,MU,,NORTH BLVD,38.35537,-75.60049,20210714,7/14/2021 12:00:00 AM,,-75.6004902850985,38.3553662410592
1338,2021,Q3,Daylight,1,Wicomico,22,,133,Not Applicable,0,Other,88,Dry,2,0,No Defects,1,Other,88,Not Applicable,0,MSP7126003M,Property Damage Crash,,6.01,20210817,6/23/2023 1:10:00 PM,,No,N,N,MSP,UNK,Other Vehicle,1,Not Applicable,0,2950,MU,,2.12,East,E,WEST RD,100,Feet,F,W,0,UU,,ENT TO SHA DISTRICT #1 OFFICE,38.37556,-75.60969,20210817,8/17/2021 12:00:00 AM,,-75.6096907498282,38.375559283734
1339,2021,Q3,Daylight,1,Wicomico,22,,133,Non Intersection,1,Single Vehicle,17,Dry,2,1,No Defects,1,"Two-way, Not Divided",1,Tree Shrubbery,11,DE2145000N,Injury Crash,,6.01,20210805,6/23/2023 11:24:00 AM,,No,N,N,SALISBURY,UNK,Fixed Object,9,Not Applicable,0,2422,MU,,1.05,South,S,RIVERSIDE DR #2,500,Feet,F,S,2200,MU,,S PINEHURST AVE,38.35185,-75.61599,20210805,8/5/2021 12:00:00 AM,,-75.6159927301803,38.3518505780418
1340,2020,Q4,Dark Lights On,3,Wicomico,22,,133,Non Intersection,1,Angle Meets Left Turn,13,Dry,2,0,No Defects,1,"Two-way, Divided, Unprotected (painted >4 feet) Median",3,Not Applicable,0,DE2146000N,Injury Crash,,6.01,20201019,6/23/2023 7:47:00 PM,,No,N,N,SALISBURY,UNK,Other Vehicle,1,Not Applicable,0,13,US,BU,5.47,North,N,N SALISBURY BLVD,250,Feet,F,N,1632,MU,,E MAIN ST,38.36678,-75.59515,20201019,10/19/2020 12:00:00 AM,,-75.5951451582224,38.3667762429293
1341,2021,Q3,Daylight,1,Wicomico,22,,133,Not Applicable,0,Single Vehicle,17,Dry,2,1,No Defects,1,"Two-way, Not Divided",1,Light Support Pole,8,DE4161006M,Property Damage Crash,,6.01,20210910,6/23/2023 2:29:00 PM,,No,N,N,SALISBURY,UNK,Fixed Object,9,Not Applicable,0,2531,MU,,0,East,E,E SCHUMAKER MANOR,100,Feet,F,E,2526,MU,,SCHUMAKER MANOR DR,38.35215,-75.58765,20210910,9/10/2021 12:00:00 AM,,-75.5876467324107,38.3521521108313
1342,2020,Q4,Dark No Lights,4,Wicomico,22,,133,Intersection,2,Single Vehicle,17,Wet,1,1,No Defects,1,"Two-way, Not Divided",1,Not Applicable,0,DE11370056,Property Damage Crash,Raining,3,20201016,6/23/2023 7:40:00 PM,,No,N,N,SALISBURY,UNK,Other Non Collision,15,Not Applicable,0,2447,MU,,0.95,North,N,ROBINS AVE,0,Feet,F,N,12,MD,,SNOW HILL RD,38.34373,-75.58006,20201016,10/16/2020 12:00:00 AM,,-75.5800662650461,38.343731300759
1343,2021,Q3,Daylight,1,Wicomico,22,,133,Intersection,2,Same Movement Angle,11,Dry,2,1,No Defects,1,"Two-way, Not Divided",1,Not Applicable,0,DE11810064,Injury Crash,,6.01,20210917,6/23/2023 6:21:00 PM,,Yes,Y,N,SALISBURY,UNK,Other Vehicle,1,Not Applicable,0,2450,MU,,0.74,South,S,ROGER ST,0,Feet,F,S,420,MU,,CARROLTON AVE,38.349,-75.5947,20210917,9/17/2021 12:00:00 AM,,-75.5947046837741,38.3489967773794
1344,2020,Q4,Daylight,1,Wicomico,22,,133,,88,Other,88,Dry,2,2,No Defects,1,"Two-way, Not Divided",1,Not Applicable,0,DE2193004R,Property Damage Crash,,6.01,20201009,6/23/2023 9:43:00 AM,,No,N,N,SALISBURY,UNK,Other Vehicle,1,Not Applicable,0,415,MU,,0.17,East,E,E CARROLL ST,50,Feet,F,E,13,US,BU,S SALISBURY BLVD,38.36307,-75.59617,20201009,10/9/2020 12:00:00 AM,,-75.5961659597912,38.3630674064357
1345,2021,Q3,Daylight,1,Wicomico,22,,133,Intersection,2,Same Movement Angle,11,Dry,2,1,No Defects,1,,5.01,Not Applicable,0,DE3129005B,Property Damage Crash,,6.01,20210828,6/23/2023 6:01:00 PM,,Yes,Y,N,SALISBURY,UNK,Other Vehicle,1,Not Applicable,0,1897,MU,,0.77,South,S,E NAYLOR MILL RD,0,Feet,F,S,1645,MU,,N MALL DR,38.40097,-75.56269,20210828,8/28/2021 12:00:00 AM,,-75.5626884744935,38.4009761176538
1346,2020,Q4,Daylight,1,Wicomico,22,,133,Non Intersection,1,Same Direction Rear End,3,Dry,2,1,No Defects,1,"Two-way, Divided, Positive Median Barrier",4,Curb,4,DE4113002N,Property Damage Crash,,6.01,20201002,6/23/2023 2:18:00 PM,,No,N,N,SALISBURY,UNK,Other Vehicle,1,Fixed Object,9,13,US,,12.15,North,N,N SALISBURY BLVD,0,Feet,F,N,465,MU,,CENTRE RD,38.40111,-75.57022,20201002,10/2/2020 12:00:00 AM,,-75.5702201149663,38.4011066218732
1347,2021,Q3,Daylight,1,Wicomico,22,,133,Non Intersection,1,Same Movement Angle,11,Dry,2,2,No Defects,1,"Two-way, Not Divided",1,Not Applicable,0,DE2166005K,Property Damage Crash,,6.01,20210724,6/23/2023 7:18:00 PM,,No,N,N,SALISBURY,UNK,Other Vehicle,1,Not Applicable,0,13,US,BU,6.07,North,N,N SALISBURY BLVD,0,Feet,F,N,490,MU,,CHERRY ST,38.3739,-75.5929,20210724,7/24/2021 12:00:00 AM,,-75.5928998046822,38.3739025823384
1348,2020,Q4,Daylight,1,Wicomico,22,,133,Intersection Related,3,Single Vehicle,17,Dry,2,1,No Defects,1,"Two-way, Not Divided",1,Tree Shrubbery,11,DE61970018,Property Damage Crash,Not Applicable,0,20201010,6/23/2023 5:30:00 PM,22,No,N,N,SALISBURY,UNK,Fixed Object,9,Not Applicable,0,1080,MU,,0,East,E,GLEN AVE,0,Feet,F,E,1632,MU,,E MAIN ST,38.35585,-75.60213,20201010,10/10/2020 12:00:00 AM,,-75.602129284239,38.3558555990567
1349,2021,Q3,Daylight,1,Wicomico,22,,133,Intersection Related,3,Same Direction Rear End,3,Dry,2,1,No Defects,1,"Two-way, Not Divided",1,Not Applicable,0,MSP59520072,Property Damage Crash,,6.01,20210720,6/23/2023 4:05:00 PM,,Yes,Y,N,MSP,UNK,Other Vehicle,1,Not Applicable,0,1330,MU,,0,East,E,W ISABELLA ST,0,Feet,F,W,50,US,BU,W SALISBURY PKWY,38.3698,-75.61398,20210720,7/20/2021 12:00:00 AM,,-75.6139755337438,38.3697984830137
1350,2020,Q4,Daylight,1,Wicomico,22,,133,Intersection,2,Same Direction Rear End,3,Dry,2,3,No Defects,1,"Two-way, Divided, Positive Median Barrier",4,Not Applicable,0,DE21820082,Property Damage Crash,Foggy,2,20201024,6/23/2023 8:21:00 AM,,Yes,Y,N,SALISBURY,UNK,Other Vehicle,1,Not Applicable,0,50,US,BU,3.166,East,E,W SALISBURY PKWY,0,Feet,F,E,1780,MU,,MILL ST,38.36596,-75.60338,20201024,10/24/2020 12:00:00 AM,,-75.6033778795854,38.3659614040956
1351,2021,Q3,Daylight,1,Wicomico,22,,133,,9.04,Other,88,Dry,2,1,No Defects,1,"Two-way, Not Divided",1,Not Applicable,0,DE1170009S,Property Damage Crash,,6.01,20210728,6/23/2023 9:26:00 AM,,No,N,N,SALISBURY,UNK,Parked Vehicle,2,Not Applicable,0,2870,MU,,0.14,West,W,WALNUT ST,300,Feet,F,E,775,MU,,N DIVISION ST,38.37221,-75.59584,20210728,7/28/2021 12:00:00 AM,,-75.5958405194244,38.3722108316646
1352,2020,Q4,Unknown,99,Wicomico,22,,133,,8.04,Other,88,Unknown,99,2,No Defects,1,"Two-way, Not Divided",1,Not Applicable,0,DE21960044,Property Damage Crash,Not Applicable,0,20201223,6/23/2023 2:18:00 PM,,No,N,N,SALISBURY,UNK,Other Vehicle,1,Not Applicable,0,940,MU,,0.13,East,E,FILLMORE ST,15,Feet,F,W,2720,MU,,TRUITT ST,38.37906,-75.5871,20201223,12/23/2020 12:00:00 AM,,-75.5870947015592,38.3790624803493
1353,2021,Q3,Daylight,1,Wicomico,22,,133,Intersection,2,Same Direction Rear End,3,Dry,2,2,No Defects,1,"Two-way, Divided, Positive Median Barrier",4,Not Applicable,0,DE413900B7,Property Damage Crash,,6.01,20210719,6/23/2023 11:04:00 AM,,Yes,Y,N,SALISBURY,UNK,Other Vehicle,1,Not Applicable,0,13,US,,12.65,North,N,N SALISBURY BLVD,0,Feet,F,N,1897,MU,,E NAYLOR MILL RD,38.40959,-75.56748,20210719,7/19/2021 12:00:00 AM,,-75.5674856543395,38.4095867350399
1354,2021,Q3,Daylight,1,Wicomico,22,,133,Non Intersection,1,Same Direction Sideswipe,7,Dry,2,2,No Defects,1,"Two-way, Divided, Positive Median Barrier",4,Not Applicable,0,DE11410026,Injury Crash,,6.01,20210903,6/23/2023 8:18:00 AM,,No,N,N,SALISBURY,UNK,Other Vehicle,1,Not Applicable,0,13,US,BU,6.46,North,N,N SALISBURY BLVD,100,Feet,F,N,250,MU,,BRIDGEVIEW ST,38.37704,-75.59248,20210903,9/3/2021 12:00:00 AM,,-75.5924864268071,38.3770411002666
1355,2021,Q3,Dark Lights On,3,Wicomico,22,,133,Non Intersection,1,Other,88,Dry,2,1,No Defects,1,"Two-way, Not Divided",1,Not Applicable,0,DE4161006R,Injury Crash,,6.01,20210927,6/23/2023 7:49:00 PM,,No,N,N,SALISBURY,UNK,Other Vehicle,1,Not Applicable,0,1430,MU,,0.68,North,N,LAKE ST,100,Feet,F,S,2470,MU,,ROSE ST,38.35215,-75.58765,20210927,9/27/2021 12:00:00 AM,,-75.5876467324107,38.3521521108313
1356,2021,Q3,Daylight,1,Wicomico,22,,133,Intersection Related,3,Same Direction Rear End,3,Dry,2,2,No Defects,1,"Two-way, Not Divided",1,Not Applicable,0,DE3111009S,Injury Crash,,6.01,20210716,6/23/2023 2:13:00 PM,,Yes,Y,N,SALISBURY,UNK,Other Vehicle,1,Not Applicable,0,13,US,BU,6.97,North,N,N SALISBURY BLVD,10,Feet,F,S,2290,MU,,PRISCILLA ST,38.38435,-75.58298,20210716,7/16/2021 12:00:00 AM,,-75.5829759306946,38.3843508429171
1357,2021,Q3,Dark Lights On,3,Wicomico,22,,133,Non Intersection,1,Head On,1,Dry,2,1,No Defects,1,"Two-way, Not Divided",1,Not Applicable,0,DE11940036,Property Damage Crash,,6.01,20210703,6/23/2023 12:50:00 AM,22,No,N,N,SALISBURY,UNK,Other Vehicle,1,Not Applicable,0,1681,MU,,0.06,East,E,E MARKET ST,25,Feet,F,E,540,MU,,CIRCLE AVE,38.36345,-75.60228,20210703,7/3/2021 12:00:00 AM,,-75.6022809998682,38.3634436998669
1358,2021,Q3,Daylight,1,Wicomico,22,,133,Intersection Related,3,Same Direction Rear End,3,Dry,2,1,No Defects,1,"Two-way, Not Divided",1,Not Applicable,0,DE2149001L,Injury Crash,,6.01,20210701,6/23/2023 1:12:00 PM,,Yes,Y,N,SALISBURY,UNK,Other Vehicle,1,Not Applicable,0,1330,MU,,0.59,East,E,W ISABELLA ST,20,Feet,F,W,1430,MU,,LAKE ST,38.37173,-75.60384,20210701,7/1/2021 12:00:00 AM,,-75.6038426995809,38.3717363772321
1359,2021,Q3,Daylight,1,Wicomico,22,,133,Intersection,2,Same Direction Sideswipe,7,Dry,2,5,No Defects,1,"Two-way, Divided, Positive Median Barrier",4,Not Applicable,0,DE2176001H,Property Damage Crash,,6.01,20210827,6/23/2023 5:09:00 PM,,Yes,Y,N,SALISBURY,UNK,Other Vehicle,1,Not Applicable,0,13,US,,12.65,North,N,N SALISBURY BLVD,0,Feet,F,N,1897,MU,,E NAYLOR MILL RD,38.41014,-75.56725,20210827,8/27/2021 12:00:00 AM,,-75.5672438545203,38.4101371606016
1360,2021,Q3,Daylight,1,Wicomico,22,,133,Intersection,2,Head On,1,Dry,2,1,No Defects,1,"Two-way, Not Divided",1,Not Applicable,0,ZV1289001S,Property Damage Crash,,6.01,20210921,6/23/2023 3:02:00 PM,,Yes,Y,N,WICOMICO,UNK,Other Vehicle,1,Not Applicable,0,1897,MU,,1.21,South,S,E NAYLOR MILL RD,0,Feet,F,S,406,CO,,ZION RD,38.3948,-75.5626,20210921,9/21/2021 12:00:00 AM,,-75.5626000000899,38.39480000012
1361,2021,Q3,Daylight,1,Wicomico,22,,133,Intersection,2,Same Movement Angle,11,Dry,2,2,No Defects,1,"Two-way, Not Divided",1,Not Applicable,0,DE7191005S,Injury Crash,,6.01,20210811,6/23/2023 4:33:00 PM,,Yes,Y,N,SALISBURY,UNK,Other Vehicle,1,Not Applicable,0,13,US,BU,4.53,North,N,S SALISBURY BLVD,0,Feet,F,N,2600,MU,,SOUTH BLVD,38.35362,-75.60091,20210811,8/11/2021 12:00:00 AM,,-75.6009146257094,38.3536230446678
1362,2021,Q3,Daylight,1,Wicomico,22,,133,Intersection,2,Same Movement Angle,11,Dry,2,1,No Defects,1,"Two-way, Not Divided",1,Not Applicable,0,DE4113003S,Property Damage Crash,,6.01,20210812,6/23/2023 3:48:00 PM,,Yes,Y,N,SALISBURY,UNK,Other Vehicle,1,Not Applicable,0,370,MU,,0.74,South,S,CAMDEN AVE,0,Feet,F,S,1830,MU,,MONTICELLO AVE,38.35349,-75.60644,20210812,8/12/2021 12:00:00 AM,,-75.6064392671584,38.3534833556724
1363,2021,Q3,Daylight,1,Wicomico,22,,133,Intersection,2,Same Movement Angle,11,Dry,2,2,No Defects,1,"Two-way, Divided, Positive Median Barrier",4,Sign Support Pole,9,DE2131001T,Injury Crash,,6.01,20210704,6/23/2023 5:13:00 PM,,Yes,Y,N,SALISBURY,UNK,Other Vehicle,1,Not Applicable,0,50,US,BU,3.074,East,E,W SALISBURY PKWY,0,Feet,F,E,1430,MU,,LAKE ST,38.36634,-75.60491,20210704,7/4/2021 12:00:00 AM,,-75.6049084663526,38.3663447536076
1364,2021,Q3,Daylight,1,Wicomico,22,,133,Intersection,2,Opposite Direction Sideswipe,6,Dry,2,1,No Defects,1,"Two-way, Not Divided",1,Not Applicable,0,DE3111009X,Property Damage Crash,,6.01,20210813,6/23/2023 3:23:00 PM,,Yes,Y,N,SALISBURY,UNK,Other Vehicle,1,Not Applicable,0,465,MU,,0.12,North,N,CENTRE RD,0,Feet,F,N,13,US,,N SALISBURY BLVD,38.34864,-75.60208,20210813,8/13/2021 12:00:00 AM,,-75.6020799132573,38.348638670938
1365,2021,Q3,Dark Lights On,3,Wicomico,22,,133,Not Applicable,0,Single Vehicle,17,Wet,1,1,No Defects,1,Not Applicable,0,Not Applicable,0,DE61970024,Injury Crash,Raining,3,20210703,6/23/2023 9:06:00 PM,22,No,N,N,SALISBURY,UNK,Other,88,Not Applicable,0,730,MU,,0.23,South,S,CYPRESS ST,0,Feet,F,N,320,MU,,BURTON ST,38.36773,-75.61017,20210703,7/3/2021 12:00:00 AM,,-75.6101710462568,38.3677266185886
1366,2021,Q3,Daylight,1,Wicomico,22,,133,Not Applicable,0,Other,88,Dry,2,1,No Defects,1,"Two-way, Not Divided",1,Not Applicable,0,ZV12590012,Property Damage Crash,,6.01,20210908,6/23/2023 1:08:00 PM,,No,N,N,WICOMICO,UNK,Parked Vehicle,2,Not Applicable,0,700,MU,,0.03,South,S,COURT ST,20,Feet,F,N,1632,MU,,E MAIN ST,38.36578,-75.59931,20210908,9/8/2021 12:00:00 AM,,-75.5993099995568,38.365780000047
1367,2021,Q3,Daylight,1,Wicomico,22,,133,Intersection,2,Same Direction Rear End,3,Dry,2,1,No Defects,1,"Two-way, Not Divided",1,Not Applicable,0,DE4192002H,Property Damage Crash,,7.01,20210702,6/23/2023 2:51:00 PM,,No,N,N,SALISBURY,UNK,Other Vehicle,1,Not Applicable,0,1947,MU,,0.62,West,W,NORTH POINTE DR,0,Feet,F,W,0,UU,,ROAD END,38.4154,-75.56301,20210702,7/2/2021 12:00:00 AM,,-75.5630095540477,38.4154031660233
1368,2021,Q3,Daylight,1,Wicomico,22,,133,Intersection,2,Same Movement Angle,11,Dry,2,1,No Defects,1,"Two-way, Not Divided",1,Not Applicable,0,DE4192002Z,Property Damage Crash,,6.01,20210901,6/23/2023 1:56:00 PM,,Yes,Y,N,SALISBURY,UNK,Other Vehicle,1,Not Applicable,0,2450,MU,,0.5,South,S,ROGER ST,0,Feet,F,S,1400,MU,,KENDALL ST,38.35233,-75.59404,20210901,9/1/2021 12:00:00 AM,,-75.5940430003841,38.3523240000526
1369,2021,Q3,Daylight,1,Wicomico,22,,133,Intersection Related,3,Same Direction Rear End,3,Dry,2,0,No Defects,1,"Two-way, Not Divided",1,Not Applicable,0,DE3111009Q,Injury Crash,,6.01,20210716,6/23/2023 12:52:00 PM,,Yes,Y,N,SALISBURY,UNK,Other Vehicle,1,Not Applicable,0,349,MD,,22.32,East,E,NANTICOKE RD,10,Feet,F,E,50,US,BU,W SALISBURY PKWY,38.38435,-75.58298,20210716,7/16/2021 12:00:00 AM,,-75.5829759306946,38.3843508429171
1370,2021,Q3,Daylight,1,Wicomico,22,,133,,9.04,Same Direction Right Turn,8,Wet,1,2,No Defects,1,"Two-way, Not Divided",1,Not Applicable,0,DE2183006V,Property Damage Crash,Raining,3,20210909,6/23/2023 4:17:00 PM,,Yes,Y,N,SALISBURY,UNK,Other Vehicle,1,Not Applicable,0,630,MU,,0.86,West,W,E COLLEGE AVE,40,Feet,F,W,828,MU,,EASTERN SHORE DR,38.34825,-75.59853,20210909,9/9/2021 12:00:00 AM,,-75.5985304905896,38.3482495630669
1371,2021,Q3,Daylight,1,Wicomico,22,,133,Non Intersection,1,Single Vehicle,17,Dry,2,1,No Defects,1,"Two-way, Not Divided",1,,88,DE4192002V,Property Damage Crash,,6.01,20210823,6/23/2023 9:13:00 AM,,No,N,N,SALISBURY,UNK,Fixed Object,9,Not Applicable,0,1430,MU,,0.56,North,N,LAKE ST,240,Feet,F,S,2520,MU,,MACK AVE,38.37267,-75.60366,20210823,8/23/2021 12:00:00 AM,,-75.6036631562296,38.372665430865
1372,2021,Q3,Daylight,1,Wicomico,22,,133,Intersection,2,Same Movement Angle,11,Wet,1,2,No Defects,1,"Two-way, Not Divided",1,Not Applicable,0,DE2183006P,Property Damage Crash,Raining,3,20210831,6/23/2023 6:12:00 PM,,Yes,Y,N,SALISBURY,UNK,Other Vehicle,1,Other Vehicle,1,13,US,BU,5.58,North,N,N SALISBURY BLVD,0,Feet,F,N,531,MU,,W CHURCH ST,38.36731,-75.59552,20210831,8/31/2021 12:00:00 AM,,-75.5955222223726,38.3673095328087
1373,2021,Q3,Not Applicable,0,Wicomico,22,,133,Intersection Related,3,Same Direction Rear End,3,Dry,2,1,No Defects,1,"Two-way, Not Divided",1,Not Applicable,0,DE1122005M,Property Damage Crash,,6.01,20210704,6/23/2023 11:41:00 PM,,No,N,N,SALISBURY,UNK,Other Vehicle,1,Other Vehicle,1,631,MU,,0.18,West,W,W COLLEGE AVE,5,Feet,F,W,2710,MU,,S TOWER DR,38.34857,-75.60119,20210704,7/4/2021 12:00:00 AM,,-75.6011877974788,38.348570150692
1374,2021,Q3,Daylight,1,Wicomico,22,,133,Intersection,2,Same Movement Angle,11,Dry,2,1,No Defects,1,"Two-way, Not Divided",1,Not Applicable,0,DE11810061,Injury Crash,,6.01,20210830,6/23/2023 3:05:00 PM,,No,N,N,SALISBURY,UNK,Other Vehicle,1,Not Applicable,0,1430,MU,,0.56,North,N,LAKE ST,0,Feet,F,N,2520,MU,,MACK AVE,38.37323,-75.60361,20210830,8/30/2021 12:00:00 AM,,-75.6036096177896,38.3732251796984
1375,2021,Q3,Daylight,1,Wicomico,22,,133,,9.04,Same Movement Angle,11,Dry,2,2,No Defects,1,,5.01,Not Applicable,0,DE21720087,Property Damage Crash,,6.01,20210720,6/23/2023 12:56:00 PM,,No,N,N,SALISBURY,UNK,Other Vehicle,1,Not Applicable,0,13,US,BU,4.33,North,N,S SALISBURY BLVD,60,Feet,F,S,2180,MU,,PINEHURST AVE,38.35005,-75.60177,20210720,7/20/2021 12:00:00 AM,,-75.6017658852874,38.3500481855754
1376,2021,Q3,Daylight,1,Wicomico,22,,133,Intersection,2,Same Movement Angle,11,Dry,2,1,No Defects,1,"Two-way, Not Divided",1,Not Applicable,0,DE3111009P,Injury Crash,,6.01,20210713,6/23/2023 12:17:00 PM,,Yes,Y,N,SALISBURY,UNK,Other Vehicle,1,Not Applicable,0,775,MU,,0.93,North,N,N DIVISION ST,0,Feet,F,N,1900,MU,,NAYLOR ST,38.38435,-75.58298,20210713,7/13/2021 12:00:00 AM,,-75.5829759306946,38.3843508429171
1377,2020,Q4,Dark Lights On,3,Wicomico,22,,133,Non Intersection,1,Same Direction Rear End,3,Dry,2,1,No Defects,1,"Two-way, Not Divided",1,Not Applicable,0,DE11510053,Property Damage Crash,,6.01,20201129,6/23/2023 8:57:00 PM,,No,N,N,SALISBURY,UNK,Parked Vehicle,2,Not Applicable,0,2509,MU,,0.12,North,N,N SARATOGA ST,20,Feet,F,S,520,MU,,E CHURCH ST,38.37294,-75.57883,20201129,11/29/2020 12:00:00 AM,,-75.5788263922242,38.3729392357572
1378,2021,Q3,Daylight,1,Wicomico,22,,133,Intersection,2,Same Movement Angle,11,Dry,2,0,No Defects,1,"Two-way, Not Divided",1,Not Applicable,0,DE4113003N,Property Damage Crash,,6.01,20210715,6/23/2023 11:25:00 AM,,Yes,Y,N,SALISBURY,UNK,Other Vehicle,1,Not Applicable,0,13,US,BU,4.17,North,N,S SALISBURY BLVD,0,Feet,F,N,631,MU,,W COLLEGE AVE,38.3493,-75.60203,20210715,7/15/2021 12:00:00 AM,,-75.6020256922318,38.3492985574825
1379,2020,Q4,Daylight,1,Wicomico,22,,133,Intersection Related,3,Same Movement Angle,11,Dry,2,1,No Defects,1,"Two-way, Not Divided",1,Not Applicable,0,DE4113002Q,Property Damage Crash,Not Applicable,0,20201007,6/23/2023 2:34:00 PM,,Yes,Y,N,SALISBURY,UNK,Other Vehicle,1,Not Applicable,0,2910,MU,,0.29,North,N,WAVERLY DR,50,Feet,F,N,1990,MU,,OHIO AVE,38.35802,-75.60182,20201007,10/7/2020 12:00:00 AM,,-75.6018212637403,38.3580218563237
1380,2021,Q3,Dark Lights On,3,Wicomico,22,,133,Non Intersection,1,Same Direction Rear End,3,Dry,2,2,No Defects,1,"Two-way, Not Divided",1,Not Applicable,0,DE2176001K,Injury Crash,,6.01,20210911,6/23/2023 8:08:00 PM,,No,N,N,SALISBURY,UNK,Bicycle,4,Not Applicable,0,13,US,BU,5.47,North,N,N SALISBURY BLVD,10,Feet,F,S,1632,MU,,E MAIN ST,38.36643,-75.59536,20210911,9/11/2021 12:00:00 AM,,-75.5953596753087,38.366432283723
1381,2020,Q4,Daylight,1,Wicomico,22,,133,Intersection,2,Same Direction Right Turn,8,Dry,2,0,No Defects,1,"Two-way, Not Divided",1,Not Applicable,0,DE21820089,Injury Crash,,6.01,20201120,6/23/2023 3:56:00 PM,,No,N,N,SALISBURY,UNK,Other Vehicle,1,Not Applicable,0,13,US,BU,4.33,North,N,S SALISBURY BLVD,0,Feet,F,N,2180,MU,,PINEHURST AVE,38.35099,-75.60155,20201120,11/20/2020 12:00:00 AM,,-75.6015456296271,38.350989296419