OBJECTID,year,quarter,light_desc,light_code,county_des,county_no,muni_desc,muni_code,junction_d,junction_c,collision_,collisio_2,surf_cond_,surf_con_2,lane_code,rd_cond_de,rd_cond_co,rd_div_des,rd_div_cod,fix_obj_de,fix_obj_co,report_no,report_typ,weather_de,weather_co,acc_date,acc_time,loc_code,signal_fla,signal_f_2,c_m_zone_f,agency_cod,area_code,harm_event,harm_eve_2,harm_eve_3,harm_eve_4,rte_no,route_type,rte_suffix,log_mile,logmile_di,logmile__2,mainroad_n,distance,feet_miles,feet_mil_2,distance_d,reference_,referenc_2,referenc_3,referenc_4,latitude,longitude,crashdate,date,Field1,x,y
1382,2021,Q3,Daylight,1,Wicomico,22,,133,Intersection,2,Same Movement Angle,11,Dry,2,1,No Defects,1,"Two-way, Not Divided",1,Not Applicable,0,DE7191005V,Property Damage Crash,,6.01,20210807,6/23/2023 8:29:00 AM,,Yes,Y,N,SALISBURY,UNK,Other Vehicle,1,Not Applicable,0,2910,MU,,0.42,North,N,WAVERLY DR,0,Feet,F,N,1920,MU,,NEWTON ST,38.35988,-75.60145,20210807,8/7/2021 12:00:00 AM,,-75.6014461996824,38.3598816021542
1383,2020,Q4,,7.88,Wicomico,22,,133,Intersection,2,Same Movement Angle,11,Dry,2,2,No Defects,1,"Two-way, Not Divided",1,Not Applicable,0,DE2193004W,Injury Crash,,6.01,20201025,6/23/2023 2:45:00 AM,,Yes,Y,N,SALISBURY,UNK,Other Vehicle,1,Not Applicable,0,2710,MU,,0.34,South,S,S TOWER DR,0,Feet,F,S,631,MU,,W COLLEGE AVE,38.34855,-75.60143,20201025,10/25/2020 12:00:00 AM,,-75.6014250323393,38.3485460965252
1384,2021,Q3,Daylight,1,Wicomico,22,,133,Non Intersection,1,Same Direction Rear End,3,Wet,1,3,No Defects,1,"Two-way, Not Divided",1,Not Applicable,0,DE21760017,Property Damage Crash,Raining,3,20210702,6/23/2023 8:52:00 AM,,No,N,N,SALISBURY,UNK,Other Vehicle,1,Not Applicable,0,1270,MU,,0,South,S,HOMER ST,20,Feet,F,N,13,US,BU,N SALISBURY BLVD,38.38277,-75.58472,20210702,7/2/2021 12:00:00 AM,,-75.5847130818432,38.3827673922015
1385,2021,Q3,Daylight,1,Wicomico,22,,133,Intersection,2,Same Movement Angle,11,Dry,2,1,No Defects,1,"Two-way, Not Divided",1,Not Applicable,0,DE4161006Q,Property Damage Crash,,6.01,20210915,6/23/2023 4:50:00 PM,,Yes,Y,N,SALISBURY,UNK,Other Vehicle,1,Not Applicable,0,631,MU,,0.18,West,W,W COLLEGE AVE,0,Feet,F,W,2710,MU,,S TOWER DR,38.35215,-75.58765,20210915,9/15/2021 12:00:00 AM,,-75.5876467324107,38.3521521108313
1386,2021,Q3,Dark Lights On,3,Wicomico,22,,133,Non Intersection,1,Same Direction Rear End,3,Dry,2,1,No Defects,1,"Two-way, Not Divided",1,Not Applicable,0,DE4168000D,Property Damage Crash,,6.01,20210726,6/23/2023 8:35:00 PM,,No,N,N,SALISBURY,UNK,Other Vehicle,1,Other Vehicle,1,1130,MU,,0.1,North,N,HAMMOND ST,0,Feet,F,S,2310,MU,,PYLE ST,38.37536,-75.58006,20210726,7/26/2021 12:00:00 AM,,-75.580062712724,38.3753612044561
1387,2020,Q4,Daylight,1,Wicomico,22,,133,Intersection Related,3,Same Direction Sideswipe,7,Dry,2,2,No Defects,1,"Two-way, Not Divided",1,Not Applicable,0,DE11280023,Property Damage Crash,,6.01,20201103,6/23/2023 12:31:00 PM,,Yes,Y,N,SALISBURY,UNK,Other Vehicle,1,Not Applicable,0,13,US,BU,5.89,North,N,N SALISBURY BLVD,10,Feet,F,N,3040,MU,,WILSON ST,38.37167,-75.59383,20201103,11/3/2020 12:00:00 AM,,-75.5938330491559,38.3716728266397
1388,2021,Q3,Daylight,1,Wicomico,22,,133,Non Intersection,1,Other,88,Dry,2,1,No Defects,1,"Two-way, Not Divided",1,Not Applicable,0,DE1143000J,Property Damage Crash,,6.01,20210913,6/23/2023 2:29:00 PM,,No,N,N,SALISBURY,UNK,Other Vehicle,1,Not Applicable,0,2600,MU,,0.67,East,E,SOUTH BLVD,50,Feet,F,E,13,US,BU,S SALISBURY BLVD,38.35452,-75.60074,20210913,9/13/2021 12:00:00 AM,,-75.600742314706,38.3545215213512
1389,2020,Q4,Daylight,1,Wicomico,22,,133,Intersection,2,Same Movement Angle,11,Dry,2,1,No Defects,1,"Two-way, Not Divided",1,Not Applicable,0,DE6106009P,Injury Crash,,6.01,20201211,6/23/2023 3:13:00 PM,,Yes,Y,N,SALISBURY,UNK,Other Vehicle,1,Other Vehicle,1,1125,MU,,0.4,West,W,W GORDY RD,0,Feet,F,W,1950,MU,,NORTHWOOD DR,38.3936,-75.58307,20201211,12/11/2020 12:00:00 AM,,-75.583071162604,38.3936028154176
1390,2021,Q3,Daylight,1,Wicomico,22,,133,Intersection Related,3,Same Direction Rear End,3,Dry,2,2,No Defects,1,"Two-way, Divided, Positive Median Barrier",4,Not Applicable,0,DE7191005X,Property Damage Crash,,6.01,20210904,6/23/2023 12:39:00 PM,,Yes,Y,N,SALISBURY,UNK,Other Vehicle,1,Not Applicable,0,50,US,BU,6.259,East,E,E SALISBURY PKWY,20,Feet,F,E,290,CO,,TILGHMAN RD,38.36856,-75.59041,20210904,9/4/2021 12:00:00 AM,,-75.5904100001214,38.3685599996443
1391,2021,Q3,Daylight,1,Wicomico,22,,133,,11.04,Single Vehicle,17,Dry,2,0,No Defects,1,Not Applicable,0,Guardrail or Barrier,5,ZVW218000L,Property Damage Crash,,6.01,20210830,6/23/2023 9:14:00 AM,,No,N,N,WICOMICO,UNK,Fixed Object,9,Not Applicable,0,360,MU,,0.21,West,W,CALVERT ST,30,Feet,F,W,700,MU,,COURT ST,38.36605,-75.59924,20210830,8/30/2021 12:00:00 AM,,-75.5992361832032,38.3660500727527
1392,2021,Q3,Daylight,1,Wicomico,22,,133,Not Applicable,0,Head On Left Turn,2,Wet,1,1,No Defects,1,"Two-way, Not Divided",1,Not Applicable,0,DE1143000C,Property Damage Crash,Raining,3,20210820,6/23/2023 9:04:00 AM,,No,N,N,SALISBURY,UNK,Other Vehicle,1,Not Applicable,0,1135,MU,,0,West,W,HAMPSHIRE RD,150,Feet,F,W,13,US,,N SALISBURY BLVD,38.41487,-75.5691,20210820,8/20/2021 12:00:00 AM,,-75.5690987979711,38.4148693878121
1393,2021,Q3,Daylight,1,Wicomico,22,,133,Intersection,2,Head On,1,Dry,2,1,No Defects,1,"Two-way, Not Divided",1,Not Applicable,0,DE41130041,Injury Crash,,6.01,20210924,6/23/2023 7:20:00 AM,,Yes,Y,N,SALISBURY,UNK,Other Vehicle,1,Not Applicable,0,760,MU,,1.07,South,S,DELAWARE AVE,0,Feet,F,S,50,US,BU,W SALISBURY PKWY,38.36791,-75.61012,20210924,9/24/2021 12:00:00 AM,,-75.6101143790753,38.3679074039036
1394,2021,Q3,Daylight,1,Wicomico,22,,133,Intersection,2,Same Movement Angle,11,Dry,2,1,No Defects,1,"Two-way, Not Divided",1,Not Applicable,0,DE1170009P,Property Damage Crash,,6.01,20210723,6/23/2023 3:57:00 PM,,Yes,Y,N,SALISBURY,UNK,Other Vehicle,1,Not Applicable,0,2720,MU,,0.33,South,S,TRUITT ST,0,Feet,F,S,290,MU,,BROWN ST,38.37323,-75.58476,20210723,7/23/2021 12:00:00 AM,,-75.5847616551263,38.373225444099
1395,2021,Q3,Daylight,1,Wicomico,22,,133,Intersection,2,Same Direction Rear End Right Turn,4,Wet,1,1,No Defects,1,"Two-way, Not Divided",1,Not Applicable,0,DE1170009Z,Injury Crash,,6.01,20210822,6/23/2023 4:05:00 PM,,No,N,N,SALISBURY,UNK,Fell Jumped from Motor Vehicle,22.15,Other Vehicle,1,2950,MU,,1.72,East,E,WEST RD,0,Feet,F,E,544,CO,,MORRIS ST,38.38118,-75.61078,20210822,8/22/2021 12:00:00 AM,,-75.6107817650663,38.3811830826332
1396,2021,Q3,Daylight,1,Wicomico,22,,133,Non Intersection,1,Same Direction Sideswipe,7,Dry,2,2,No Defects,1,"Two-way, Not Divided",1,Not Applicable,0,DE2176001B,Property Damage Crash,,6.01,20210727,6/23/2023 3:08:00 PM,,No,N,N,SALISBURY,UNK,Other Vehicle,1,Not Applicable,0,13,US,,12.65,North,N,N SALISBURY BLVD,15,Feet,F,N,416,CO,,NAYLOR MILL RD,38.40984,-75.56866,20210727,7/27/2021 12:00:00 AM,,-75.5686627436907,38.4098429177166
1397,2021,Q3,Dark Lights On,3,Wicomico,22,,133,,6.01,Same Movement Angle,11,Dry,2,0,No Defects,1,One-way Trafficway,2,Not Applicable,0,DE7191005T,Property Damage Crash,,6.01,20210817,6/23/2023 12:48:00 AM,,Yes,Y,N,SALISBURY,UNK,Other Vehicle,1,Off Road,16,50,US,BU,6.562,East,E,E SALISBURY PKWY,917,Feet,F,E,83,MU,,AUTUMN GROVE CT,38.36824,-75.53993,20210817,8/17/2021 12:00:00 AM,,-75.5399349189613,38.3682370818759
1398,2021,Q3,Daylight,1,Wicomico,22,,133,Not Applicable,0,Single Vehicle,17,Dry,2,1,No Defects,1,"Two-way, Not Divided",1,Light Support Pole,8,DE11430005,Property Damage Crash,,6.01,20210711,6/23/2023 5:57:00 AM,,No,N,N,SALISBURY,UNK,Fixed Object,9,Fixed Object,9,635,MU,,0,East,E,COLLEGE LA,100,Feet,F,W,124,MU,,BEAGLIN PARK DR,38.36795,-75.53776,20210711,7/11/2021 12:00:00 AM,,-75.5377587880376,38.3679512629405
1399,2021,Q3,Daylight,1,Wicomico,22,,133,Intersection,2,Other,88,Dry,2,2,No Defects,1,"Two-way, Not Divided",1,,88,DE21310020,Property Damage Crash,,6.01,20210827,6/23/2023 1:57:00 PM,,Yes,Y,N,SALISBURY,UNK,Fixed Object,9,Overturn,11,415,MU,,0.25,East,E,E CARROLL ST,0,Feet,F,E,828,MU,,EASTERN SHORE DR,38.3622,-75.59487,20210827,8/27/2021 12:00:00 AM,,-75.5948739946391,38.3622029007433
1400,2021,Q3,Daylight,1,Wicomico,22,,133,Intersection Related,3,Same Direction Rear End,3,Dry,2,0,No Defects,1,"Two-way, Not Divided",1,Not Applicable,0,MSP68830021,Property Damage Crash,,6.01,20210727,6/23/2023 2:03:00 PM,,Yes,Y,N,MSP,UNK,Other Vehicle,1,Other Vehicle,1,465,MU,,0.12,North,N,CENTRE RD,10,Feet,F,N,13,US,,N SALISBURY BLVD,38.40224,-75.57014,20210727,7/27/2021 12:00:00 AM,,-75.5701433335479,38.4022366667888
1401,2021,Q3,Daylight,1,Wicomico,22,,133,,88,Other,88,Wet,1,2,No Defects,1,One-way Trafficway,2,Not Applicable,0,DE117000B0,Property Damage Crash,,6.01,20210825,6/23/2023 7:35:00 AM,,No,N,N,SALISBURY,UNK,Overturn,11,Not Applicable,0,1780,MU,,0.58,South,S,MILL ST,0,Feet,F,N,410,MU,,W CARROLL ST,38.36404,-75.6038,20210825,8/25/2021 12:00:00 AM,,-75.603797963705,38.3640450531367
1402,2021,Q3,Daylight,1,Wicomico,22,,133,Intersection,2,Head On Left Turn,2,Dry,2,1,No Defects,1,"Two-way, Not Divided",1,Not Applicable,0,DE11370060,Property Damage Crash,,6.01,20210714,6/23/2023 6:11:00 PM,,No,N,N,SALISBURY,UNK,Other Vehicle,1,Not Applicable,0,2095,MU,,0.25,South,S,PARSONS RD,0,Feet,F,S,915,MU,,FAIRGROUND DR,38.3663,-75.6166,20210714,7/14/2021 12:00:00 AM,,-75.6166016476479,38.366298290134
1403,2021,Q3,Daylight,1,Wicomico,22,,133,Intersection,2,Same Movement Angle,11,Dry,2,1,No Defects,1,"Two-way, Divided, Positive Median Barrier",4,Not Applicable,0,DE4161006J,Property Damage Crash,,6.01,20210718,6/23/2023 3:22:00 PM,,Yes,Y,N,SALISBURY,UNK,Other Vehicle,1,Not Applicable,0,13,US,BU,4.17,North,N,S SALISBURY BLVD,0,Feet,F,N,631,MU,,W COLLEGE AVE,38.35215,-75.58765,20210718,7/18/2021 12:00:00 AM,,-75.5876467324107,38.3521521108313
1404,2021,Q3,Daylight,1,Wicomico,22,,133,Intersection Related,3,Same Direction Sideswipe,7,Dry,2,3,No Defects,1,"Two-way, Not Divided",1,Not Applicable,0,DE7191005Y,Property Damage Crash,,6.01,20210927,6/23/2023 4:30:00 PM,,No,N,N,SALISBURY,UNK,Other Vehicle,1,Not Applicable,0,1897,MU,,0,South,S,E NAYLOR MILL RD,180,Feet,F,N,13,US,,N SALISBURY BLVD,38.41,-75.56692,20210927,9/27/2021 12:00:00 AM,,-75.5669138491947,38.4100013503821
1405,2021,Q3,Dark Lights On,3,Wicomico,22,,133,Intersection,2,Same Movement Angle,11,Dry,2,2,No Defects,1,Other,88,Not Applicable,0,DE1181005Z,Injury Crash,,6.01,20210827,6/23/2023 1:16:00 AM,,Yes,Y,N,SALISBURY,UNK,Other Vehicle,1,Not Applicable,0,13,US,BU,4.53,North,N,S SALISBURY BLVD,0,Feet,F,N,2600,MU,,SOUTH BLVD,38.35358,-75.60085,20210827,8/27/2021 12:00:00 AM,,-75.6008476478007,38.3535793115361
1406,2021,Q3,Daylight,1,Wicomico,22,,133,Intersection,2,Same Movement Angle,11,Dry,2,2,No Defects,1,"Two-way, Not Divided",1,Not Applicable,0,DE3177006D,Injury Crash,,6.01,20210810,6/23/2023 2:06:00 PM,,Yes,Y,N,SALISBURY,UNK,Other Vehicle,1,Not Applicable,0,13,US,BU,4.17,North,N,S SALISBURY BLVD,0,Feet,F,N,631,MU,,W COLLEGE AVE,38.34866,-75.60214,20210810,8/10/2021 12:00:00 AM,,-75.6021433226562,38.348654733729
1407,2021,Q3,Daylight,1,Wicomico,22,,133,,5.01,Other,88,Dry,2,1,No Defects,1,"Two-way, Not Divided",1,Not Applicable,0,DE51560008,Injury Crash,,6.01,20210730,6/23/2023 12:45:00 PM,,Yes,Y,N,SALISBURY,UNK,Other Vehicle,1,Not Applicable,0,50,US,UA,3.12,West,W,NAYLOR MILL RD,100,Feet,F,W,50,RP,,RAMP 2 FR US 50 WB TO US 50UA NB,38.40266,-75.62024,20210730,7/30/2021 12:00:00 AM,,-75.6202411724921,38.4026635848566
1408,2021,Q2,Daylight,1,Wicomico,22,,133,Non Intersection,1,Single Vehicle,17,Dry,2,1,No Defects,1,"Two-way, Not Divided",1,Not Applicable,0,DE1151005Y,Injury Crash,,6.01,20210630,6/23/2023 6:08:00 PM,,No,N,N,SALISBURY,UNK,Pedestrian,3,Pedestrian,3,520,MU,,0,West,W,E CHURCH ST,100,Feet,F,E,346,MD,,E MAIN ST,38.37333,-75.5754,20210630,6/30/2021 12:00:00 AM,,-75.5754003286622,38.3733332683157
1409,2021,Q2,Daylight,1,Wicomico,22,,133,,5.01,Same Direction Rear End,3,Wet,1,1,No Defects,1,"Two-way, Divided, Positive Median Barrier",4,Not Applicable,0,MSP6758005P,Property Damage Crash,Raining,3,20210611,6/23/2023 3:26:00 PM,,No,N,N,MSP,UNK,Other Vehicle,1,Not Applicable,0,13,US,,8.74,North,N,SALISBURY BYPASS,0,Feet,F,S,50,US,,OCEAN GATEWAY,38.36879,-75.53743,20210611,6/11/2021 12:00:00 AM,,-75.5374274598094,38.3687877493552
1410,2021,Q2,Daylight,1,Wicomico,22,,133,Non Intersection,1,Single Vehicle,17,Wet,1,1,No Defects,1,"Two-way, Not Divided",1,Curb,4,DE4115006W,Injury Crash,Raining,3,20210610,6/23/2023 5:37:00 PM,DE 8270,No,N,N,SALISBURY,UNK,Fixed Object,9,Overturn,11,1950,MU,,1.52,North,N,NORTHWOOD DR,100,Feet,F,N,1415,MU,,KILEY DR,38.40419,-75.57787,20210610,6/10/2021 12:00:00 AM,,-75.5778688741492,38.4041871919854
1411,2021,Q2,Daylight,1,Wicomico,22,,133,Non Intersection,1,Opposite Direction Sideswipe,6,Dry,2,1,No Defects,1,"Two-way, Divided, Unprotected (painted >4 feet) Median",3,Not Applicable,0,DE413900B2,Injury Crash,,6.01,20210602,6/23/2023 5:31:00 PM,,No,N,N,SALISBURY,UNK,Other Vehicle,1,Other Vehicle,1,13,US,BU,4.53,North,N,S SALISBURY BLVD,100,Feet,F,N,2600,MU,,SOUTH BLVD,38.3538,-75.60089,20210602,6/2/2021 12:00:00 AM,,-75.6008925698362,38.3537971363288
1412,2021,Q2,Daylight,1,Wicomico,22,,133,Non Intersection,1,Other,88,Dry,2,0,Not Applicable,0,Not Applicable,0,Not Applicable,0,DE2176000S,Property Damage Crash,,6.01,20210531,6/23/2023 10:55:00 AM,,No,N,N,SALISBURY,UNK,Parked Vehicle,2,Other Vehicle,1,465,MU,,0.07,North,N,CENTRE RD,25,Feet,F,N,0,UU,,SPUR FR US 13,38.4016,-75.56917,20210531,5/31/2021 12:00:00 AM,,-75.5691669989578,38.4016036133161
1413,2021,Q2,Daylight,1,Wicomico,22,,133,Not Applicable,0,Same Direction Rear End,3,Dry,2,2,No Defects,1,,5.01,Not Applicable,0,DE2180005M,Property Damage Crash,,6.01,20210511,6/23/2023 3:30:00 PM,,No,N,N,SALISBURY,UNK,Other Vehicle,1,Not Applicable,0,13,US,BU,4.43,North,N,S SALISBURY BLVD,100,Feet,F,N,1530,MU,,LLOYD ST,38.3527,-75.60106,20210511,5/11/2021 12:00:00 AM,,-75.6010575117947,38.352702008491
1414,2020,Q4,Daylight,1,Wicomico,22,,133,Intersection Related,3,Same Direction Rear End,3,Dry,2,1,No Defects,1,"Two-way, Not Divided",1,Not Applicable,0,DE7191004C,Property Damage Crash,,6.01,20201026,6/23/2023 4:35:00 PM,,No,N,N,SALISBURY,UNK,Other Vehicle,1,Not Applicable,0,520,MU,,0.21,West,W,E CHURCH ST,10,Feet,F,W,1130,MU,,HAMMOND ST,38.37306,-75.57987,20201026,10/26/2020 12:00:00 AM,,-75.5798759163404,38.3730619293646
1415,2020,Q4,,5.02,Wicomico,22,,133,Intersection,2,Head On Left Turn,2,Dry,2,0,No Defects,1,"Two-way, Divided, Positive Median Barrier",4,Not Applicable,0,DE6197001D,Property Damage Crash,,6.01,20201201,6/23/2023 5:40:00 PM,,Yes,Y,N,SALISBURY,UNK,Other Vehicle,1,Not Applicable,0,962,OP,,2.21,South,S,BEAGLIN PARK DR,0,Feet,F,S,50,US,BU,E SALISBURY PKWY,38.35585,-75.60213,20201201,12/1/2020 12:00:00 AM,,-75.602129284239,38.3558555990567
1416,2020,Q4,Dark Lights On,3,Wicomico,22,,133,Intersection,2,Other,88,Dry,2,2,No Defects,1,"Two-way, Not Divided",1,Not Applicable,0,DE21800058,Injury Crash,,6.01,20201218,6/23/2023 2:34:00 AM,,Yes,Y,N,SALISBURY,UNK,Other Vehicle,1,Not Applicable,0,124,MU,,2.21,South,S,BEAGLIN PARK DR,0,Feet,F,S,50,US,BU,E SALISBURY PKWY,38.36783,-75.5658,20201218,12/18/2020 12:00:00 AM,,-75.5658004570254,38.3678266124083
1417,2020,Q4,Dark Lights On,3,Wicomico,22,,133,Non Intersection,1,Head On,1,Wet,1,1,No Defects,1,"Two-way, Not Divided",1,Not Applicable,0,DE2166005C,Injury Crash,Raining,3,20201216,6/23/2023 7:20:00 PM,,No,N,N,SALISBURY,UNK,Parked Vehicle,2,Parked Vehicle,2,1130,MU,,0.45,North,N,HAMMOND ST,0,Feet,F,S,300,MU,,BRYN MAWR DR,38.37967,-75.58043,20201216,12/16/2020 12:00:00 AM,,-75.5804278024011,38.3796690685727
1418,2020,Q4,Daylight,1,Wicomico,22,,133,Intersection Related,3,Same Direction Rear End,3,Dry,2,0,No Defects,1,"Two-way, Not Divided",1,Not Applicable,0,DE3120002F,Property Damage Crash,,6.01,20201118,6/23/2023 11:34:00 AM,,Yes,Y,N,SALISBURY,UNK,Other Vehicle,1,Not Applicable,0,350,MD,,0.92,East,E,MT HERMON RD,20,Feet,F,W,124,MU,,BEAGLIN PARK DR,38.36636,-75.56666,20201118,11/18/2020 12:00:00 AM,,-75.5666576053642,38.3663586526297
1419,2020,Q4,Dark No Lights,4,Wicomico,22,,133,Intersection,2,Single Vehicle,17,Wet,1,1,No Defects,1,One-way Trafficway,2,Embankment,6,DE1194002B,Property Damage Crash,Raining,3,20201029,6/23/2023 7:04:00 PM,,No,N,N,SALISBURY,UNK,Fixed Object,9,Not Applicable,0,50,US,BU,6.635,East,E,E SALISBURY PKWY,0,Feet,F,E,13,RP,,RAMP 8 FR US 13/50 SB TO US 50BU WB,38.36712,-75.53883,20201029,10/29/2020 12:00:00 AM,,-75.5388300694521,38.367118871139
1420,2020,Q4,Daylight,1,Wicomico,22,,133,Intersection,2,Same Movement Angle,11,Dry,2,1,No Defects,1,"Two-way, Not Divided",1,Not Applicable,0,DE3111008L,Injury Crash,,6.01,20201111,6/23/2023 8:07:00 AM,,Yes,Y,N,SALISBURY,UNK,Other Vehicle,1,Not Applicable,0,1950,MU,,1.52,North,N,NORTHWOOD DR,0,Feet,F,N,1415,MU,,KILEY DR,38.41988,-75.56783,20201111,11/11/2020 12:00:00 AM,,-75.5678232175674,38.4198847108108
1421,2020,Q4,Daylight,1,Wicomico,22,,133,Intersection,2,Same Movement Angle,11,Dry,2,1,No Defects,1,"Two-way, Not Divided",1,Not Applicable,0,DE5150005W,Property Damage Crash,,6.01,20201006,6/23/2023 2:27:00 PM,22,Yes,Y,N,SALISBURY,UNK,Other Vehicle,1,Not Applicable,0,520,MU,,0.67,West,W,E CHURCH ST,0,Feet,F,W,1900,MU,,NAYLOR ST,38.37117,-75.58773,20201006,10/6/2020 12:00:00 AM,,-75.5877293027651,38.3711692962261
1422,2020,Q4,Daylight,1,Wicomico,22,,133,Not Applicable,0,Same Direction Rear End,3,Dry,2,3,No Defects,1,"Two-way, Divided, Positive Median Barrier",4,Not Applicable,0,DE21800051,Injury Crash,,6.01,20201008,6/23/2023 6:08:00 PM,,No,N,N,SALISBURY,UNK,Other Vehicle,1,Not Applicable,0,50,US,BU,2.781,East,E,W SALISBURY PKWY,100,Feet,F,W,760,MU,,DELAWARE AVE,38.36784,-75.61004,20201008,10/8/2020 12:00:00 AM,,-75.6100402776366,38.3678432876376
1423,2020,Q4,Dark Lights On,3,Wicomico,22,,133,Intersection,2,Same Movement Angle,11,Dry,2,1,No Defects,1,"Two-way, Not Divided",1,Not Applicable,0,DE21830063,Property Damage Crash,,6.01,20201123,6/23/2023 5:18:00 PM,,Yes,Y,N,SALISBURY,UNK,Bicycle,4,Not Applicable,0,370,MU,,1.04,South,S,CAMDEN AVE,0,Feet,F,S,631,MU,,W COLLEGE AVE,38.34929,-75.6076,20201123,11/23/2020 12:00:00 AM,,-75.6075998782318,38.3492870119861
1424,2020,Q4,Dark Lights On,3,Wicomico,22,,133,Non Intersection,1,Same Direction Rear End,3,Dry,2,1,No Defects,1,"Two-way, Divided, Unprotected (painted >4 feet) Median",3,Not Applicable,0,MSP71110010,Injury Crash,,6.01,20201102,6/23/2023 8:57:00 PM,,No,N,N,MSP,UNK,Other Vehicle,1,Not Applicable,0,13,US,BU,7.02,North,N,N SALISBURY BLVD,300,Feet,F,N,25,MU,,ALEXANDER AVE,38.3858,-75.5813,20201102,11/2/2020 12:00:00 AM,,-75.5812999999949,38.3857999996703
1425,2020,Q4,Dark Lights On,3,Wicomico,22,,133,Intersection,2,Head On Left Turn,2,Dry,2,2,No Defects,1,"Two-way, Not Divided",1,Not Applicable,0,DE6121004Q,Property Damage Crash,,6.01,20201202,6/23/2023 6:10:00 AM,,Yes,Y,N,SALISBURY,UNK,Other Vehicle,1,Not Applicable,0,13,US,BU,4.53,North,N,S SALISBURY BLVD,0,Feet,F,N,2600,MU,,SOUTH BLVD,38.3536,-75.60094,20201202,12/2/2020 12:00:00 AM,,-75.600946392462,38.3536025239374
1426,2020,Q4,Daylight,1,Wicomico,22,,133,Intersection,2,Same Movement Angle,11,Dry,2,1,No Defects,1,"Two-way, Not Divided",1,Not Applicable,0,DE2131000N,Injury Crash,,6.01,20201020,6/23/2023 4:59:00 PM,,Yes,Y,N,SALISBURY,UNK,Other Vehicle,1,Not Applicable,0,1947,MU,,0.38,West,W,NORTH POINTE DR,0,Feet,F,W,13,US,,N SALISBURY BLVD,38.41497,-75.5615,20201020,10/20/2020 12:00:00 AM,,-75.5614979285865,38.4149698456819
1427,2020,Q4,,7.88,Wicomico,22,,133,Not Applicable,0,Same Direction Rear End,3,Dry,2,1,No Defects,1,"Two-way, Not Divided",1,Curb,4,DE1151004W,Injury Crash,,6.01,20201004,6/23/2023 9:59:00 PM,,No,N,N,SALISBURY,UNK,Parked Vehicle,2,Parked Vehicle,2,2720,MU,,0.22,South,S,TRUITT ST,20,Feet,F,N,1380,MU,,JOHNSON ST,38.37878,-75.58649,20201004,10/4/2020 12:00:00 AM,,-75.5864947053663,38.3787806220282
1428,2021,Q2,Daylight,1,Wicomico,22,,133,Intersection,2,Same Movement Angle,11,Dry,2,2,No Defects,1,"Two-way, Not Divided",1,Not Applicable,0,DE31770068,Property Damage Crash,,6.01,20210614,6/23/2023 8:51:00 AM,,No,N,N,SALISBURY,UNK,Other Vehicle,1,Not Applicable,0,13,US,BU,7.22,North,N,N SALISBURY BLVD,0,Feet,F,N,45,MU,,ARLINGTON RD,38.3868,-75.58034,20210614,6/14/2021 12:00:00 AM,,-75.5803356227907,38.3867962587404
1429,2021,Q2,Daylight,1,Wicomico,22,,133,,88,Same Direction Sideswipe,7,Dry,2,0,No Defects,1,"Two-way, Not Divided",1,Not Applicable,0,DE31770066,Injury Crash,,6.01,20210523,6/23/2023 9:44:00 AM,,No,N,N,SALISBURY,UNK,Other Vehicle,1,Not Applicable,0,124,MU,,2.21,South,S,BEAGLIN PARK DR,100,Feet,F,S,50,US,BU,E SALISBURY PKWY,38.36706,-75.56615,20210523,5/23/2021 12:00:00 AM,,-75.5661452678897,38.3670571821433
1430,2021,Q2,Dark Lights On,3,Wicomico,22,,133,Non Intersection,1,Single Vehicle,17,Dry,2,1,No Defects,1,"Two-way, Not Divided",1,Curb,4,DE41920023,Property Damage Crash,,6.01,20210517,6/23/2023 9:33:00 PM,,No,N,N,SALISBURY,UNK,Fixed Object,9,Not Applicable,0,2920,MU,,0.11,South,S,WAVERLY ST,20,Feet,F,N,1990,MU,,OHIO AVE,38.35818,-75.60106,20210517,5/17/2021 12:00:00 AM,,-75.601057596331,38.3581766305471
1431,2021,Q2,Daylight,1,Wicomico,22,,133,Non Intersection,1,Single Vehicle,17,Dry,2,2,No Defects,1,"Two-way, Not Divided",1,,88,DE2172007Y,Injury Crash,,6.01,20210625,6/23/2023 11:56:00 AM,,No,N,N,SALISBURY,UNK,Other,88,Fixed Object,9,13,US,BU,7.22,North,N,N SALISBURY BLVD,200,Feet,F,S,45,MU,,ARLINGTON RD,38.38564,-75.58156,20210625,6/25/2021 12:00:00 AM,,-75.5815579750205,38.385642187537
1432,2021,Q2,Daylight,1,Wicomico,22,,133,Intersection Related,3,Same Direction Sideswipe,7,Dry,2,1,No Defects,1,"Two-way, Not Divided",1,,18.88,DE1122005K,Property Damage Crash,,6.01,20210517,6/23/2023 5:25:00 PM,,Yes,Y,N,SALISBURY,UNK,Other Vehicle,1,Fixed Object,9,3083,MU,,2.28,North,N,JERSEY RD,25,Feet,F,S,1895,MU,,NAYLOR MILL RD,38.41074,-75.60176,20210517,5/17/2021 12:00:00 AM,,-75.6017630740066,38.4107419879524