OBJECTID,year,quarter,light_desc,light_code,county_des,county_no,muni_desc,muni_code,junction_d,junction_c,collision_,collisio_2,surf_cond_,surf_con_2,lane_code,rd_cond_de,rd_cond_co,rd_div_des,rd_div_cod,fix_obj_de,fix_obj_co,report_no,report_typ,weather_de,weather_co,acc_date,acc_time,loc_code,signal_fla,signal_f_2,c_m_zone_f,agency_cod,area_code,harm_event,harm_eve_2,harm_eve_3,harm_eve_4,rte_no,route_type,rte_suffix,log_mile,logmile_di,logmile__2,mainroad_n,distance,feet_miles,feet_mil_2,distance_d,reference_,referenc_2,referenc_3,referenc_4,latitude,longitude,crashdate,date,Field1,x,y
1433,2020,Q4,Dark Lights On,3,Wicomico,22,,133,Non Intersection,1,Other,88,Dry,2,1,No Defects,1,"Two-way, Not Divided",1,Curb,4,DE3177005Z,Property Damage Crash,,7.01,20201214,6/23/2023 10:04:00 PM,,No,N,N,SALISBURY,UNK,Fixed Object,9,Fixed Object,9,1500,MU,,0.49,West,W,E LINCOLN AVE,10,Feet,F,W,1112,MU,,GREEN MOR AVE,38.35247,-75.58944,20201214,12/14/2020 12:00:00 AM,,-75.589439280898,38.3524690490075
1434,2020,Q4,Dark Lights On,3,Wicomico,22,,133,Not Applicable,0,Single Vehicle,17,Dry,2,1,No Defects,1,One-way Trafficway,2,Not Applicable,0,MSP49250086,Property Damage Crash,Not Applicable,0,20201114,6/23/2023 11:16:00 PM,,No,N,N,MSP,UNK,Animal,8,Not Applicable,0,13,US,,8.68,North,N,SALISBURY BYPASS,100,Feet,F,S,13,RP,,RAMP 5 FR US 13 SB TO US 50BU EB,38.36756,-75.53731,20201114,11/14/2020 12:00:00 AM,,-75.5373053831369,38.3675599166569
1435,2020,Q4,Daylight,1,Wicomico,22,,133,Intersection,2,Same Movement Angle,11,Dry,2,2,No Defects,1,"Two-way, Not Divided",1,Curb,4,DE4113002P,Property Damage Crash,,6.01,20201007,6/23/2023 12:14:00 PM,,No,N,N,SALISBURY,UNK,Other Vehicle,1,Other Vehicle,1,13,US,BU,4.8,North,N,S SALISBURY BLVD,0,Feet,F,N,810,MU,,DOWNING ST,38.35743,-75.59993,20201007,10/7/2020 12:00:00 AM,,-75.599927949815,38.3574256067064
1436,2020,Q4,Daylight,1,Wicomico,22,,133,Intersection Related,3,Same Direction Rear End,3,Dry,2,0,No Defects,1,"Two-way, Not Divided",1,Not Applicable,0,DE2149000N,Injury Crash,,6.01,20201022,6/23/2023 2:47:00 PM,,Yes,Y,N,SALISBURY,UNK,Other Vehicle,1,Not Applicable,0,2720,MU,,0.91,South,S,TRUITT ST,10,Feet,F,S,50,US,BU,E SALISBURY PKWY,38.36872,-75.58325,20201022,10/22/2020 12:00:00 AM,,-75.5832492076847,38.3687221231276
1437,2020,Q4,Daylight,1,Wicomico,22,,133,Intersection,2,Same Movement Angle,11,Dry,2,1,No Defects,1,"Two-way, Not Divided",1,Not Applicable,0,DE2149000R,Property Damage Crash,,7.01,20201113,6/23/2023 12:30:00 PM,,Yes,Y,N,SALISBURY,UNK,Other Vehicle,1,Not Applicable,0,2910,MU,,0.34,North,N,WAVERLY DR,0,Feet,F,N,1710,MU,,MARYLAND AVE,38.35867,-75.60169,20201113,11/13/2020 12:00:00 AM,,-75.6016895652212,38.3586642870273
1438,2020,Q4,,7.88,Wicomico,22,,133,Non Intersection,1,Same Direction Rear End,3,Unknown,99,2,No Defects,1,"Two-way, Divided, Positive Median Barrier",4,Not Applicable,0,MSP69290037,Property Damage Crash,Not Applicable,0,20201226,6/23/2023 4:10:00 AM,,No,N,N,MSP,UNK,Other Vehicle,1,Not Applicable,0,50,US,BU,3.871,East,E,E SALISBURY PKWY,0.25,Miles,M,W,2890,MU,,WARD ST,38.36752,-75.59469,20201226,12/26/2020 12:00:00 AM,,-75.5946893485346,38.367520754779
1439,2020,Q4,Dark Lights On,3,Wicomico,22,,133,Non Intersection,1,Opposite Direction Sideswipe,6,Dry,2,1,No Defects,1,"Two-way, Not Divided",1,Not Applicable,0,DE3160007Z,Property Damage Crash,,6.01,20201208,6/23/2023 12:22:00 AM,,No,N,N,SALISBURY,UNK,Other Vehicle,1,Not Applicable,0,520,MU,,0.6,West,W,E CHURCH ST,10,Feet,F,W,1690,MU,,MARSHALL ST,38.37149,-75.58688,20201208,12/8/2020 12:00:00 AM,,-75.5868817250116,38.371486488011
1440,2020,Q4,Daylight,1,Wicomico,22,,133,Non Intersection,1,Single Vehicle,17,Dry,2,1,No Defects,1,"Two-way, Not Divided",1,Curb,4,DE21800055,Injury Crash,,6.01,20201127,6/23/2023 2:59:00 PM,,No,N,N,SALISBURY,UNK,Fixed Object,9,Fixed Object,9,740,MU,,0.1,South,S,DAVIS ST,50,Feet,F,S,1331,MU,,E ISABELLA ST,38.36955,-75.58906,20201127,11/27/2020 12:00:00 AM,,-75.5890574836159,38.3695533781859
1441,2020,Q4,Dark Lights On,3,Wicomico,22,,133,Non Intersection,1,Head On Left Turn,2,Wet,1,1,No Defects,1,"Two-way, Not Divided",1,Not Applicable,0,DE2146000P,Property Damage Crash,Raining,3,20201025,6/23/2023 8:43:00 PM,,No,N,N,SALISBURY,UNK,Other Vehicle,1,Not Applicable,0,13,US,BU,7.22,North,N,N SALISBURY BLVD,0,Feet,F,N,45,MU,,ARLINGTON RD,38.38888,-75.57824,20201025,10/25/2020 12:00:00 AM,,-75.578236512505,38.388879554448
1442,2020,Q4,Daylight,1,Wicomico,22,,133,Intersection Related,3,Same Movement Angle,11,Dry,2,1,No Defects,1,"Two-way, Not Divided",1,Not Applicable,0,DE7191004K,Injury Crash,,6.01,20201124,6/23/2023 12:30:00 PM,,Yes,Y,N,SALISBURY,UNK,Other Vehicle,1,Not Applicable,0,2910,MU,,0.34,North,N,WAVERLY DR,0,Feet,F,S,1710,MU,,MARYLAND AVE,38.35866,-75.6017,20201124,11/24/2020 12:00:00 AM,,-75.6016997590366,38.3586569683445
1443,2020,Q4,Daylight,1,Wicomico,22,,133,Intersection Related,3,Same Direction Left Turn,9,Dry,2,0,No Defects,1,"Two-way, Not Divided",1,Not Applicable,0,DE21830065,Property Damage Crash,,6.01,20201203,6/23/2023 1:27:00 PM,,Yes,Y,N,SALISBURY,UNK,Other Vehicle,1,Not Applicable,0,13,US,BU,5.27,North,N,S SALISBURY BLVD,50,Feet,F,N,415,MU,,E CARROLL ST,38.3633,-75.59612,20201203,12/3/2020 12:00:00 AM,,-75.596117374817,38.3633058149115
1444,2020,Q4,Dark Lights On,3,Wicomico,22,,133,Non Intersection,1,Single Vehicle,17,Dry,2,0,No Defects,1,"Two-way, Not Divided",1,Guardrail or Barrier,5,DE2172006W,Injury Crash,,6.01,20201009,6/23/2023 2:25:00 AM,,No,N,N,SALISBURY,UNK,Fixed Object,9,Fixed Object,9,349,MD,,22.29,East,E,NANTICOKE RD,200,Feet,F,W,1640,MU,,W MAIN ST,38.36925,-75.61543,20201009,10/9/2020 12:00:00 AM,,-75.6154252930428,38.3692456553628
1445,2020,Q4,Daylight,1,Wicomico,22,,133,Intersection Related,3,Same Direction Rear End,3,Dry,2,1,No Defects,1,,5.01,Not Applicable,0,DE7191004Q,Injury Crash,,6.01,20201226,6/23/2023 1:53:00 PM,,Yes,Y,N,SALISBURY,UNK,Other Vehicle,1,Not Applicable,0,13,US,BU,5.77,North,N,N SALISBURY BLVD,50,Feet,F,S,1331,MU,,E ISABELLA ST,38.36995,-75.5944,20201226,12/26/2020 12:00:00 AM,,-75.5943985302679,38.3699472947319
1446,2020,Q4,Dark Lights On,3,Wicomico,22,,133,Intersection,2,Same Direction Rear End,3,Dry,2,1,No Defects,1,"Two-way, Not Divided",1,Not Applicable,0,DE6106009W,Injury Crash,,6.01,20201217,6/23/2023 6:10:00 PM,,No,N,N,SALISBURY,UNK,Other Vehicle,1,Not Applicable,0,1950,MU,,0.77,North,N,NORTHWOOD DR,0,Feet,F,N,1125,MU,,W GORDY RD,38.39678,-75.58158,20201217,12/17/2020 12:00:00 AM,,-75.5815796082123,38.3967780976312
1447,2020,Q4,Daylight,1,Wicomico,22,,133,,9.04,Same Movement Angle,11,Dry,2,1,No Defects,1,"Two-way, Divided, Unprotected (painted >4 feet) Median",3,Not Applicable,0,DE21830060,Injury Crash,,6.01,20201104,6/23/2023 2:55:00 PM,,Yes,Y,N,SALISBURY,UNK,Other Vehicle,1,Not Applicable,0,2422,MU,,0.33,South,S,RIVERSIDE DR #2,100,Feet,F,N,2990,MU,,WICOMICO ST,38.36121,-75.60732,20201104,11/4/2020 12:00:00 AM,,-75.6073142229729,38.3612107911451
1448,2020,Q4,Dark Lights On,3,Wicomico,22,,133,Intersection,2,Head On,1,Dry,2,1,No Defects,1,"Two-way, Not Divided",1,,88,DE4113002Z,Property Damage Crash,,6.01,20201227,6/23/2023 7:11:00 PM,,Yes,Y,N,SALISBURY,UNK,Other Vehicle,1,Fixed Object,9,370,MU,,0.68,South,S,CAMDEN AVE,0,Feet,F,S,2600,MU,,SOUTH BLVD,38.35454,-75.60631,20201227,12/27/2020 12:00:00 AM,,-75.6063083303651,38.3545431905159
1449,2020,Q4,Daylight,1,Wicomico,22,,133,Not Applicable,0,Single Vehicle,17,Wet,1,1,No Defects,1,"Two-way, Not Divided",1,Curb,4,DE7191004D,Property Damage Crash,,6.01,20201030,6/23/2023 10:22:00 AM,,No,N,N,SALISBURY,UNK,Fixed Object,9,Fixed Object,9,770,MU,,0.37,North,N,DIVISION ST S,20,Feet,F,N,1740,MU,,MCKINLEY ST,38.35414,-75.59586,20201030,10/30/2020 12:00:00 AM,,-75.5958664351878,38.3541388823036
1450,2020,Q4,Daylight,1,Wicomico,22,,133,Intersection Related,3,Other,88,Dry,2,0,No Defects,1,"Two-way, Divided, Positive Median Barrier",4,Sign Support Pole,9,DE21960041,Injury Crash,,6.01,20201117,6/23/2023 11:47:00 AM,,Yes,Y,N,SALISBURY,UNK,Other Vehicle,1,Fixed Object,9,349,MD,,22.32,East,E,NANTICOKE RD,0,Feet,F,W,50,US,BU,W SALISBURY PKWY,38.36959,-75.61427,20201117,11/17/2020 12:00:00 AM,,-75.6142754684381,38.3695959053268
1451,2020,Q4,Daylight,1,Wicomico,22,,133,Intersection,2,Same Movement Angle,11,Dry,2,1,No Defects,1,"Two-way, Not Divided",1,Not Applicable,0,DE11510050,Property Damage Crash,,6.01,20201109,6/23/2023 3:16:00 PM,,Yes,Y,N,SALISBURY,UNK,Other Vehicle,1,Not Applicable,0,3083,MU,,2.28,North,N,JERSEY RD,0,Feet,F,N,1895,MU,,NAYLOR MILL RD,38.41038,-75.60184,20201109,11/9/2020 12:00:00 AM,,-75.6018351043066,38.410376495379
1452,2020,Q4,Daylight,1,Wicomico,22,,133,Intersection,2,Same Movement Angle,11,Dry,2,1,No Defects,1,"Two-way, Not Divided",1,Not Applicable,0,DE5163003S,Property Damage Crash,Not Applicable,0,20201120,6/23/2023 2:45:00 PM,,Yes,Y,N,SALISBURY,UNK,Other Vehicle,1,Not Applicable,0,750,MU,,0.27,South,S,DECATUR AVE,0,Feet,F,S,1380,MU,,JOHNSON ST,38.36529,-75.6036,20201120,11/20/2020 12:00:00 AM,,-75.6036019582637,38.3652873595241
1453,2020,Q4,Dark Lights On,3,Wicomico,22,,133,Non Intersection,1,Single Vehicle,17,Wet,1,3,No Defects,1,"Two-way, Divided, Positive Median Barrier",4,Other Pole,10,DE51500061,Property Damage Crash,Raining,3,20201030,6/23/2023 3:03:00 AM,22,No,N,N,SALISBURY,UNK,Fixed Object,9,Not Applicable,0,50,US,BU,4.024,East,E,E SALISBURY PKWY,100,Feet,F,W,740,MU,,DAVIS ST,38.36777,-75.5881,20201030,10/30/2020 12:00:00 AM,,-75.5880994475314,38.3677762395819
1454,2020,Q4,Dark Lights On,3,Wicomico,22,,133,Not Applicable,0,Opposite Direction Sideswipe,6,Not Applicable,0,1,No Defects,1,"Two-way, Not Divided",1,Not Applicable,0,DE2183005W,Property Damage Crash,Foggy,2,20201023,6/23/2023 2:21:00 AM,,No,N,Y,SALISBURY,UNK,Other Vehicle,1,Not Applicable,0,13,US,BU,5.06,North,N,S SALISBURY BLVD,0,Feet,F,S,768,MU,,S DIVISION ST,38.35976,-75.59735,20201023,10/23/2020 12:00:00 AM,,-75.5973528670411,38.3597646785971
1455,2020,Q4,Dark Lights On,3,Wicomico,22,,133,Intersection,2,Same Movement Angle,11,Dry,2,2,No Defects,1,"Two-way, Divided, Positive Median Barrier",4,Not Applicable,0,DE61470002,Property Damage Crash,,6.01,20201223,6/23/2023 10:29:00 PM,22,Yes,Y,N,SALISBURY,UNK,Other Vehicle,1,Not Applicable,0,50,US,BU,3.341,East,E,E SALISBURY PKWY,0,Feet,F,E,775,MU,,N DIVISION ST,38.3666,-75.60029,20201223,12/23/2020 12:00:00 AM,,-75.6002858251307,38.3665989982453
1456,2020,Q4,Daylight,1,Wicomico,22,,133,Intersection,2,Same Movement Angle,11,Dry,2,2,No Defects,1,"Two-way, Not Divided",1,Not Applicable,0,DE4102005H,Injury Crash,,7.01,20201028,6/23/2023 10:55:00 AM,,Yes,Y,N,SALISBURY,UNK,Other Vehicle,1,Not Applicable,0,13,US,BU,4.43,North,N,S SALISBURY BLVD,0,Feet,F,N,1530,MU,,LLOYD ST,38.35215,-75.60126,20201028,10/28/2020 12:00:00 AM,,-75.6012570677594,38.3521472059289
1457,2020,Q4,Daylight,1,Wicomico,22,,133,Intersection,2,Angle Meets Right Turn,12,Dry,2,1,No Defects,1,"Two-way, Not Divided",1,Not Applicable,0,DE1122004Z,Property Damage Crash,,6.01,20201106,6/23/2023 2:47:00 PM,,Yes,Y,N,SALISBURY,UNK,Other Vehicle,1,Not Applicable,0,1780,MU,,0.44,South,S,MILL ST,0,Feet,F,S,50,US,BU,W SALISBURY PKWY,38.36596,-75.60336,20201106,11/6/2020 12:00:00 AM,,-75.6033563740974,38.3659538560856
1458,2020,Q4,Daylight,1,Wicomico,22,,133,Intersection,2,Same Direction Rear End,3,Wet,1,1,No Defects,1,"Two-way, Not Divided",1,Not Applicable,0,DE21580063,Property Damage Crash,Raining,3,20201012,6/23/2023 4:44:00 PM,,No,N,N,SALISBURY,UNK,Other Vehicle,1,Other Vehicle,1,1950,MU,,1.01,North,N,NORTHWOOD DR,0,Feet,F,N,1175,MU,,HARFORD RD,38.39687,-75.58155,20201012,10/12/2020 12:00:00 AM,,-75.5815484296163,38.3968678634612
1459,2020,Q3,Daylight,1,Wicomico,22,,133,Non Intersection,1,Opposite Direction Sideswipe,6,Dry,2,1,No Defects,1,"Two-way, Not Divided",1,Not Applicable,0,DE11410001,Property Damage Crash,,6.01,20200823,6/23/2023 12:58:00 PM,,No,N,N,SALISBURY,UNK,Other Vehicle,1,Not Applicable,0,466,MU,,0.89,West,W,CENTRE DR,100,Feet,F,W,1645,MU,,N MALL DR,38.40066,-75.56416,20200823,8/23/2020 12:00:00 AM,,-75.5641608805202,38.4006620420197
1460,2020,Q3,Dark Lights On,3,Wicomico,22,,133,Not Applicable,0,Angle Meets Left Turn Head On,14,Wet,1,1,No Defects,1,"Two-way, Not Divided",1,Not Applicable,0,DE6106008X,Property Damage Crash,Raining,3,20200803,6/23/2023 8:36:00 PM,,Yes,Y,N,SALISBURY,UNK,Other Vehicle,1,Not Applicable,0,770,MU,,0.35,North,N,DIVISION ST S,0,Feet,F,S,1450,MU,,LEE ST,38.35388,-75.59599,20200803,8/3/2020 12:00:00 AM,,-75.5959894759335,38.353882959531
1461,2020,Q3,Daylight,1,Wicomico,22,,133,Intersection,2,Head On Left Turn,2,Dry,2,2,No Defects,1,"Two-way, Not Divided",1,Not Applicable,0,DE2166004N,Injury Crash,Not Applicable,0,20200715,6/23/2023 1:32:00 PM,,No,N,N,SALISBURY,UNK,Other Vehicle,1,Not Applicable,0,13,US,BU,4.67,North,N,S SALISBURY BLVD,0,Feet,F,N,1940,MU,,NORTH BLVD,38.35463,-75.60069,20200715,7/15/2020 12:00:00 AM,,-75.6006891944508,38.3546323627934
1462,2020,Q3,Daylight,1,Wicomico,22,,133,Non Intersection,1,Same Direction Rear End,3,Dry,2,1,No Defects,1,"Two-way, Not Divided",1,Not Applicable,0,DE11410006,Property Damage Crash,,7.01,20200924,6/23/2023 12:41:00 PM,,No,N,N,SALISBURY,UNK,Other Vehicle,1,Not Applicable,0,13,US,BU,4.8,North,N,S SALISBURY BLVD,20,Feet,F,S,810,MU,,DOWNING ST,38.35743,-75.59991,20200924,9/24/2020 12:00:00 AM,,-75.5999179430586,38.3574275690272
1463,2020,Q3,Daylight,1,Wicomico,22,,133,Non Intersection,1,Single Vehicle,17,Dry,2,1,No Defects,1,"Two-way, Not Divided",1,Fence,7,DE2158005T,Property Damage Crash,,6.01,20200730,6/23/2023 12:20:00 PM,,No,N,N,SALISBURY,UNK,Fixed Object,9,Backing,19,2340,MU,,0,East,E,RACE ST,150,Feet,F,E,12,MD,,SNOW HILL RD,38.36194,-75.59078,20200730,7/30/2020 12:00:00 AM,,-75.5907800432644,38.3619390009841
1464,2020,Q3,Dark Lights On,3,Wicomico,22,,133,Intersection,2,Same Direction Left Turn,9,Dry,2,0,No Defects,1,"Two-way, Not Divided",1,Other Pole,10,DE4161004Z,Injury Crash,,6.01,20200902,6/23/2023 8:33:00 PM,,No,N,N,SALISBURY,UNK,Other Vehicle,1,Fixed Object,9,13,US,BU,4.82,North,N,S SALISBURY BLVD,0,Feet,F,N,1990,MU,,OHIO AVE,38.36457,-75.54605,20200902,9/2/2020 12:00:00 AM,,-75.5460524924285,38.36456943703
1465,2020,Q3,Daylight,1,Wicomico,22,,133,Intersection,2,Same Direction Rear End,3,Wet,1,1,No Defects,1,"Two-way, Not Divided",1,Not Applicable,0,DE4113002C,Injury Crash,Raining,3,20200804,6/23/2023 11:27:00 AM,,Yes,Y,N,SALISBURY,UNK,Other Vehicle,1,Not Applicable,0,13,US,BU,5.64,North,N,N SALISBURY BLVD,0,Feet,F,N,520,MU,,E CHURCH ST,38.3699,-75.594,20200804,8/4/2020 12:00:00 AM,,-75.5940000001998,38.3699000002848
1466,2020,Q3,Daylight,1,Wicomico,22,,133,Intersection,2,Same Movement Angle,11,Dry,2,1,No Defects,1,"Two-way, Not Divided",1,Sign Support Pole,9,DE41150068,Property Damage Crash,,6.01,20200921,6/23/2023 7:37:00 AM,DE 8270,Yes,Y,N,SALISBURY,UNK,Other Vehicle,1,Fixed Object,9,520,MU,,0.29,West,W,E CHURCH ST,0,Feet,F,W,2290,MU,,PRISCILLA ST,38.37299,-75.5811,20200921,9/21/2020 12:00:00 AM,,-75.5810985842322,38.3729904449531
1467,2020,Q3,Daylight,1,Wicomico,22,,133,Intersection,2,Same Movement Angle,11,Wet,1,1,No Defects,1,"Two-way, Divided, Positive Median Barrier",4,Not Applicable,0,DE11280021,Property Damage Crash,Raining,3,20200917,6/23/2023 3:13:00 PM,,Yes,Y,N,SALISBURY,UNK,Other Vehicle,1,Not Applicable,0,50,US,BU,4.295,East,E,E SALISBURY PKWY,0,Feet,F,E,2720,MU,,TRUITT ST,38.36878,-75.58327,20200917,9/17/2020 12:00:00 AM,,-75.5832758743821,38.3687792435673
1468,2020,Q3,Daylight,1,Wicomico,22,,133,Non Intersection,1,Single Vehicle,17,Dry,2,1,No Defects,1,"Two-way, Not Divided",1,Other Pole,10,DE2149000D,Property Damage Crash,,6.01,20200721,6/23/2023 8:29:00 AM,,No,N,N,SALISBURY,UNK,Fixed Object,9,Not Applicable,0,2830,MU,,0.06,West,W,E VINE ST,200,Feet,F,E,2450,MU,,ROGER ST,38.35861,-75.58984,20200721,7/21/2020 12:00:00 AM,,-75.5898474741816,38.3586077709319
1469,2020,Q3,Dark Lights On,3,Wicomico,22,,133,Intersection,2,Other,88,Dry,2,1,No Defects,1,"Two-way, Not Divided",1,Not Applicable,0,DE4156001S,Injury Crash,,6.01,20200808,6/23/2023 11:33:00 PM,,Yes,Y,N,SALISBURY,UNK,Pedestrian,3,Not Applicable,0,13,US,BU,5.64,North,N,N SALISBURY BLVD,0,Feet,F,N,270,MU,,BROAD ST,38.36819,-75.59534,20200808,8/8/2020 12:00:00 AM,,-75.595344805918,38.36819038278
1470,2020,Q3,Daylight,1,Wicomico,22,,133,Intersection Related,3,Same Movement Angle,11,Wet,1,1,No Defects,1,"Two-way, Not Divided",1,Not Applicable,0,DE2183005H,Injury Crash,Raining,3,20200710,6/23/2023 8:06:00 AM,,Yes,Y,Y,SALISBURY,UNK,Other Vehicle,1,Not Applicable,0,13,US,BU,5.27,North,N,S SALISBURY BLVD,0,Feet,F,N,415,MU,,E CARROLL ST,38.3631,-75.59621,20200710,7/10/2020 12:00:00 AM,,-75.5962030829059,38.3630988737141
1471,2020,Q3,Daylight,1,Wicomico,22,,133,Intersection,2,Same Direction Sideswipe,7,Dry,2,3,No Defects,1,"Two-way, Divided, Positive Median Barrier",4,Not Applicable,0,DE2196003P,Property Damage Crash,,6.01,20200811,6/23/2023 10:37:00 AM,,Yes,Y,N,SALISBURY,UNK,Other Vehicle,1,Not Applicable,0,1780,MU,,0.44,South,S,MILL ST,0,Feet,F,S,50,US,BU,W SALISBURY PKWY,38.38887,-75.63573,20200811,8/11/2020 12:00:00 AM,,-75.6357380004084,38.3888688003549
1472,2020,Q3,Dark No Lights,4,Wicomico,22,,133,Not Applicable,0,Same Direction Rear End,3,Dry,2,1,No Defects,1,"Two-way, Not Divided",1,Not Applicable,0,DE2153000G,Fatal Crash,,6.01,20200831,6/23/2023 9:30:00 PM,,No,N,N,SALISBURY,UNK,Bicycle,4,Not Applicable,0,2950,MU,,1.53,East,E,WEST RD,50,Feet,F,W,542,CO,,MANOA BLVD,38.38341,-75.61092,20200831,8/31/2020 12:00:00 AM,,-75.610926064886,38.3834124830997
1473,2020,Q3,Daylight,1,Wicomico,22,,133,Intersection,2,Same Movement Angle,11,Dry,2,2,No Defects,1,,5.01,Not Applicable,0,DE5163003K,Property Damage Crash,,6.01,20200728,6/23/2023 2:37:00 PM,,Yes,Y,N,SALISBURY,UNK,Other Vehicle,1,Not Applicable,0,630,MU,,0.43,West,W,E COLLEGE AVE,0,Feet,F,W,5,MU,,ADAMS AVE,38.34791,-75.58992,20200728,7/28/2020 12:00:00 AM,,-75.5899223688222,38.3479104548037
1474,2020,Q3,Daylight,1,Wicomico,22,,133,Intersection,2,Same Direction Sideswipe,7,Dry,2,1,No Defects,1,"Two-way, Not Divided",1,Not Applicable,0,ZVW265000Z,Property Damage Crash,,6.01,20200724,6/23/2023 5:30:00 PM,,No,N,N,WICOMICO,UNK,Other Vehicle,1,Not Applicable,0,416,CO,,0,West,W,NAYLOR MILL RD,0,Feet,F,W,13,US,,N SALISBURY BLVD,38.4102,-75.5689,20200724,7/24/2020 12:00:00 AM,,-75.5689000001349,38.4101999998302
1475,2020,Q3,Daylight,1,Wicomico,22,,133,Non Intersection,1,Same Direction Rear End,3,Wet,1,2,No Defects,1,"Two-way, Not Divided",1,Not Applicable,0,DE11370052,Property Damage Crash,Raining,3,20200813,6/23/2023 2:38:00 PM,,No,N,N,SALISBURY,UNK,Other Vehicle,1,Not Applicable,0,828,MU,,0,North,N,EASTERN SHORE DR,20,Feet,F,N,630,MU,,E COLLEGE AVE,38.34854,-75.59745,20200813,8/13/2020 12:00:00 AM,,-75.5974539724228,38.3485364620881
1476,2020,Q3,Daylight,1,Wicomico,22,,133,Not Applicable,0,Same Direction Sideswipe,7,Wet,1,1,No Defects,1,"Two-way, Not Divided",1,Not Applicable,0,DE6133001B,Property Damage Crash,Raining,3,20200929,6/23/2023 3:47:00 PM,,No,N,N,SALISBURY,UNK,Other Vehicle,1,Not Applicable,0,1945,MU,,0,North,N,NORTHGATE DR,900,Feet,F,N,1895,MU,,NAYLOR MILL RD,38.41153,-75.57072,20200929,9/29/2020 12:00:00 AM,,-75.5707133868133,38.4115314092472
1477,2020,Q3,Daylight,1,Wicomico,22,,133,Intersection,2,Same Direction Rear End,3,Dry,2,1,No Defects,1,"Two-way, Divided, Positive Median Barrier",4,Not Applicable,0,DE21530004,Property Damage Crash,,6.01,20200702,6/23/2023 9:31:00 AM,,Yes,Y,N,SALISBURY,UNK,Other Vehicle,1,Not Applicable,0,50,US,BU,6.562,East,E,E SALISBURY PKWY,0,Feet,F,E,83,MU,,AUTUMN GROVE CT,38.36715,-75.54269,20200702,7/2/2020 12:00:00 AM,,-75.5426827695941,38.367146944376
1478,2020,Q3,Daylight,1,Wicomico,22,,133,Intersection,2,Same Movement Angle,11,Wet,1,1,No Defects,1,"Two-way, Divided, Positive Median Barrier",4,Not Applicable,0,DE41130029,Property Damage Crash,Raining,3,20200710,6/23/2023 1:47:00 PM,,No,N,N,SALISBURY,UNK,Other Vehicle,1,Not Applicable,0,235,MU,,0.59,West,W,BOUNDARY ST,0,Feet,F,W,50,US,BU,W SALISBURY PKWY,38.37059,-75.6149,20200710,7/10/2020 12:00:00 AM,,-75.61490029851,38.3705878341613
1479,2020,Q3,Daylight,1,Wicomico,22,,133,Intersection,2,Same Movement Angle,11,Wet,1,0,No Defects,1,"Two-way, Not Divided",1,Not Applicable,0,DE1136000K,Property Damage Crash,Raining,3,20200917,6/23/2023 2:58:00 PM,,Yes,Y,N,SALISBURY,UNK,Other Vehicle,1,Not Applicable,0,520,MU,,0.47,West,W,E CHURCH ST,0,Feet,F,W,2720,MU,,TRUITT ST,38.37226,-75.58439,20200917,9/17/2020 12:00:00 AM,,-75.5843876783487,38.372264340427
1480,2020,Q3,Daylight,1,Wicomico,22,,133,Not Applicable,0,Other,88,Wet,1,1,No Defects,1,"Two-way, Not Divided",1,Curb,4,DE2168004J,Property Damage Crash,Raining,3,20200806,6/23/2023 5:27:00 PM,,No,N,N,SALISBURY,UNK,Fixed Object,9,Parked Vehicle,2,1130,MU,,0.82,North,N,HAMMOND ST,0,Feet,F,N,2290,MU,,PRISCILLA ST,38.38365,-75.58183,20200806,8/6/2020 12:00:00 AM,,-75.5818272922957,38.383647603654
1481,2020,Q3,Daylight,1,Wicomico,22,,133,Intersection Related,3,Same Direction Sideswipe,7,Dry,2,1,No Defects,1,"Two-way, Not Divided",1,Not Applicable,0,DE5163003J,Property Damage Crash,,6.01,20200728,6/23/2023 12:34:00 PM,,Yes,Y,Y,SALISBURY,UNK,Other Vehicle,1,Not Applicable,0,1780,MU,,0.49,South,S,MILL ST,0,Feet,F,N,1640,MU,,W MAIN ST,38.36529,-75.6036,20200728,7/28/2020 12:00:00 AM,,-75.6036019582637,38.3652873595241
1482,2020,Q3,Daylight,1,Wicomico,22,,133,Non Intersection,1,Same Direction Left Turn,9,Dry,2,1,No Defects,1,"Two-way, Divided, Positive Median Barrier",4,Not Applicable,0,DE2153000K,Property Damage Crash,,6.01,20200914,6/23/2023 2:02:00 PM,,No,N,N,SALISBURY,UNK,Other Vehicle,1,Other Vehicle,1,50,US,BU,6.597,East,E,E SALISBURY PKWY,1,Miles,M,E,0,UU,,SPUR FR AUTUMN GROVE CT,38.36987,-75.53551,20200914,9/14/2020 12:00:00 AM,,-75.5355075592265,38.3698639680478
1483,2020,Q3,Daylight,1,Wicomico,22,,133,Intersection Related,3,Single Vehicle,17,Dry,2,2,No Defects,1,"Two-way, Not Divided",1,Curb,4,DE4192000L,Injury Crash,,6.01,20200714,6/23/2023 7:13:00 PM,,No,N,N,SALISBURY,UNK,Fixed Object,9,Fixed Object,9,410,MU,,0.3,East,E,W CARROLL ST,120,Feet,F,W,771,MU,,S DIVISION ST,38.36275,-75.60059,20200714,7/14/2020 12:00:00 AM,,-75.6005846770412,38.3627542121372