OBJECTID,year,quarter,light_desc,light_code,county_des,county_no,muni_desc,muni_code,junction_d,junction_c,collision_,collisio_2,surf_cond_,surf_con_2,lane_code,rd_cond_de,rd_cond_co,rd_div_des,rd_div_cod,fix_obj_de,fix_obj_co,report_no,report_typ,weather_de,weather_co,acc_date,acc_time,loc_code,signal_fla,signal_f_2,c_m_zone_f,agency_cod,area_code,harm_event,harm_eve_2,harm_eve_3,harm_eve_4,rte_no,route_type,rte_suffix,log_mile,logmile_di,logmile__2,mainroad_n,distance,feet_miles,feet_mil_2,distance_d,reference_,referenc_2,referenc_3,referenc_4,latitude,longitude,crashdate,date,Field1,x,y
1484,2020,Q3,Dark Lights On,3,Wicomico,22,,133,Non Intersection,1,Single Vehicle,17,Wet,1,2,No Defects,1,"Two-way, Not Divided",1,Other Pole,10,DE21530009,Property Damage Crash,Raining,3,20200813,6/23/2023 9:29:00 PM,,No,N,N,SALISBURY,UNK,Fixed Object,9,Not Applicable,0,828,MU,,1.06,North,N,EASTERN SHORE DR,50,Feet,F,S,415,MU,,E CARROLL ST,38.36244,-75.59499,20200813,8/13/2020 12:00:00 AM,,-75.5949841993612,38.3624379520499
1485,2020,Q3,Daylight,1,Wicomico,22,,133,Non Intersection,1,Same Direction Rear End,3,Wet,1,1,No Defects,1,"Two-way, Divided, Positive Median Barrier",4,Not Applicable,0,DE2153000D,Property Damage Crash,Raining,3,20200822,6/23/2023 10:00:00 AM,,No,N,N,SALISBURY,UNK,Other Vehicle,1,Not Applicable,0,13,US,,12.65,North,N,N SALISBURY BLVD,50,Feet,F,S,416,CO,,NAYLOR MILL RD,38.40935,-75.5677,20200822,8/22/2020 12:00:00 AM,,-75.5677049486245,38.4093475720329
1486,2020,Q3,Daylight,1,Wicomico,22,,133,Intersection,2,Same Movement Angle,11,Dry,2,1,No Defects,1,"Two-way, Not Divided",1,Not Applicable,0,DE3177005J,Property Damage Crash,,6.01,20200719,6/23/2023 12:37:00 PM,,Yes,Y,N,SALISBURY,UNK,Other Vehicle,1,Not Applicable,0,520,MU,,0.67,West,W,E CHURCH ST,0,Feet,F,W,1900,MU,,NAYLOR ST,38.37121,-75.58778,20200719,7/19/2020 12:00:00 AM,,-75.5877794336739,38.3712113791019
1487,2020,Q3,Daylight,1,Wicomico,22,,133,Not Applicable,0,Other,88,Wet,1,1,No Defects,1,"Two-way, Not Divided",1,Not Applicable,0,DE2166004P,Property Damage Crash,Severe Winds,5,20200804,6/23/2023 9:07:00 AM,,No,N,N,SALISBURY,UNK,Thrown or Falling Object,23.15,Not Applicable,0,1895,MU,,1.35,West,W,NAYLOR MILL RD,0,Feet,F,E,0,UU,,ENT TO HENRY S PARKER ATHELTIC COMPLEX,38.4093,-75.59516,20200804,8/4/2020 12:00:00 AM,,-75.5951595986365,38.4092964482725
1488,2020,Q3,Daylight,1,Wicomico,22,,133,,9.04,Same Movement Angle,11,Dry,2,1,No Defects,1,"Two-way, Not Divided",1,Not Applicable,0,DE2172006H,Property Damage Crash,,6.01,20200702,6/23/2023 12:43:00 PM,,No,N,N,SALISBURY,UNK,Other Vehicle,1,Not Applicable,0,12,MD,,7.26,North,N,SNOW HILL RD,30,Feet,F,S,1632,MU,,E MAIN ST,38.36511,-75.59269,20200702,7/2/2020 12:00:00 AM,,-75.5926906313675,38.3651138551203
1489,2020,Q3,Dark Lights On,3,Wicomico,22,,133,Intersection Related,3,Same Movement Angle,11,Dry,2,2,No Defects,1,"Two-way, Not Divided",1,Not Applicable,0,DE3129004C,Injury Crash,,6.01,20200912,6/23/2023 9:54:00 PM,,Yes,Y,N,SALISBURY,UNK,Other Vehicle,1,Not Applicable,0,13,US,BU,4.53,North,N,S SALISBURY BLVD,100,Feet,F,N,2600,MU,,SOUTH BLVD,38.35387,-75.60068,20200912,9/12/2020 12:00:00 AM,,-75.6006780059852,38.3538650414386
1490,2020,Q3,,5.02,Wicomico,22,,133,Not Applicable,0,Same Direction Both Left Turn,10,Dry,2,1,No Defects,1,"Two-way, Divided, Positive Median Barrier",4,Not Applicable,0,DE2146000J,Property Damage Crash,,6.01,20200907,6/23/2023 7:55:00 PM,,No,N,N,SALISBURY,UNK,Other Vehicle,1,Not Applicable,0,50,US,BU,3.308,East,E,W SALISBURY PKWY,10,Feet,F,W,1462,MU,,LEMMON HILL LA,38.41597,-75.56607,20200907,9/7/2020 12:00:00 AM,,-75.566070012621,38.4159696031147
1491,2020,Q3,Dark Lights On,3,Wicomico,22,,133,Intersection,2,Same Movement Angle,11,Dry,2,1,No Defects,1,"Two-way, Not Divided",1,Not Applicable,0,DE2172006Q,Property Damage Crash,,6.01,20200905,6/23/2023 9:14:00 PM,,Yes,Y,N,SALISBURY,UNK,Other Vehicle,1,Not Applicable,0,12,MD,,7.17,North,N,SNOW HILL RD,0,Feet,F,N,2041,MU,,S PARK DR,38.36431,-75.59241,20200905,9/5/2020 12:00:00 AM,,-75.5924170459099,38.3643062819094
1492,2020,Q3,Daylight,1,Wicomico,22,,133,Not Applicable,0,Other,88,Wet,1,1,No Defects,1,"Two-way, Not Divided",1,Light Support Pole,8,DE5150005V,Property Damage Crash,Raining,3,20200917,6/23/2023 5:18:00 PM,22,No,N,N,SALISBURY,UNK,Fixed Object,9,Not Applicable,0,1380,MU,,0.14,West,W,JOHNSON ST,200,Feet,F,E,800,MU,,DOVER ST,38.37911,-75.58391,20200917,9/17/2020 12:00:00 AM,,-75.5839098370693,38.3791092891624
1493,2020,Q3,Dark Lights On,3,Wicomico,22,,133,Intersection,2,Same Direction Rear End,3,Wet,1,1,No Defects,1,"Two-way, Not Divided",1,Not Applicable,0,DE4156001V,Injury Crash,Raining,3,20200813,6/23/2023 8:16:00 PM,,Yes,Y,N,SALISBURY,UNK,Other Vehicle,1,Not Applicable,0,13,US,BU,5.77,North,N,N SALISBURY BLVD,0,Feet,F,N,1331,MU,,E ISABELLA ST,38.37042,-75.59436,20200813,8/13/2020 12:00:00 AM,,-75.5943570661257,38.3704190538963
1494,2020,Q3,Daylight,1,Wicomico,22,,133,Non Intersection,1,Other,88,Dry,2,1,No Defects,1,"Two-way, Not Divided",1,Building,2,DE2193004M,Property Damage Crash,,7.01,20200814,6/23/2023 6:20:00 PM,,No,N,N,SALISBURY,UNK,Other Object,10,Not Applicable,0,2600,MU,,0.76,East,E,SOUTH BLVD,25,Feet,F,E,2710,MU,,S TOWER DR,38.35402,-75.60385,20200814,8/14/2020 12:00:00 AM,,-75.6038542315875,38.3540180143199
1495,2020,Q3,Dark Lights On,3,Wicomico,22,,133,Intersection Related,3,Single Vehicle,17,Wet,1,0,No Defects,1,"Two-way, Not Divided",1,Sign Support Pole,9,DE4161004X,Property Damage Crash,Raining,3,20200829,6/23/2023 12:47:00 AM,,Yes,Y,N,SALISBURY,UNK,Unknown,99,Fixed Object,9,828,MU,,0,North,N,EASTERN SHORE DR,50,Feet,F,N,630,MU,,E COLLEGE AVE,38.37191,-75.5285,20200829,8/29/2020 12:00:00 AM,,-75.5285001164871,38.3719045369648
1496,2020,Q3,Daylight,1,Wicomico,22,,133,Intersection Related,3,Same Direction Rear End,3,Dry,2,1,No Defects,1,,5.01,Not Applicable,0,DE1105001V,Injury Crash,,6.01,20200730,6/23/2023 4:29:00 PM,,Yes,Y,N,SALISBURY,UNK,Other Vehicle,1,Not Applicable,0,13,US,BU,6.25,North,N,N SALISBURY BLVD,100,Feet,F,N,1900,MU,,NAYLOR ST,38.37654,-75.59152,20200730,7/30/2020 12:00:00 AM,,-75.591524457088,38.3765442832921
1497,2020,Q3,Daylight,1,Wicomico,22,,133,Non Intersection,1,Single Vehicle,17,Wet,1,1,No Defects,1,"Two-way, Not Divided",1,Tree Shrubbery,11,DE11370050,Property Damage Crash,Severe Winds,5,20200804,6/23/2023 9:09:00 AM,,No,N,N,SALISBURY,UNK,Thrown or Falling Object,23.15,Not Applicable,0,1900,MU,,0.4,East,E,NAYLOR ST,20,Feet,F,W,170,MU,,BENNY ST,38.37209,-75.58836,20200804,8/4/2020 12:00:00 AM,,-75.5883559188905,38.3720921130606
1498,2020,Q3,Daylight,1,Wicomico,22,,133,Intersection,2,Same Direction Rear End,3,Wet,1,2,No Defects,1,"Two-way, Not Divided",1,Not Applicable,0,DE61330017,Property Damage Crash,Raining,3,20200812,6/23/2023 2:16:00 PM,,No,N,N,SALISBURY,UNK,Other Vehicle,1,Not Applicable,0,13,US,BU,5.27,North,N,S SALISBURY BLVD,0,Feet,F,N,415,MU,,E CARROLL ST,38.36303,-75.59602,20200812,8/12/2020 12:00:00 AM,,-75.5960240521682,38.3630290566457
1499,2020,Q3,Daylight,1,Wicomico,22,,133,Non Intersection,1,Same Direction Rear End,3,Dry,2,1,No Defects,1,,5.01,Not Applicable,0,DE2153000S,Property Damage Crash,,6.01,20200923,6/23/2023 4:46:00 PM,,No,N,N,SALISBURY,UNK,Other Vehicle,1,Other Vehicle,1,13,US,BU,5.71,North,N,N SALISBURY BLVD,100,Feet,F,N,3013,MU,,E WILLIAMS ST #2,38.36934,-75.59481,20200923,9/23/2020 12:00:00 AM,,-75.5948069232009,38.3693426166685
1500,2020,Q3,Daylight,1,Wicomico,22,,133,Not Applicable,0,Same Direction Rear End,3,Dry,2,1,No Defects,1,"Two-way, Divided, Positive Median Barrier",4,Not Applicable,0,DE2180004W,Injury Crash,,6.01,20200706,6/23/2023 2:15:00 PM,,No,N,N,SALISBURY,UNK,Other Vehicle,1,Not Applicable,0,13,US,,12.65,North,N,N SALISBURY BLVD,100,Feet,F,N,416,CO,,NAYLOR MILL RD,38.35257,-75.57294,20200706,7/6/2020 12:00:00 AM,,-75.5729406298062,38.3525697236139
1501,2020,Q3,Daylight,1,Wicomico,22,,133,Intersection Related,3,Same Direction Rear End,3,Dry,2,1,No Defects,1,"Two-way, Not Divided",1,Not Applicable,0,DE6121004F,Injury Crash,,6.01,20200801,6/23/2023 12:40:00 PM,,No,N,N,SALISBURY,UNK,Other Vehicle,1,Not Applicable,0,1330,MU,,0.17,East,E,W ISABELLA ST,200,Feet,F,W,2025,MU,,PACA ST,38.37036,-75.61143,20200801,8/1/2020 12:00:00 AM,,-75.6114302868782,38.3703607805256
1502,2020,Q3,,6.02,Wicomico,22,,133,Not Applicable,0,Other,88,Dry,2,1,No Defects,1,"Two-way, Not Divided",1,Not Applicable,0,DE11940027,Property Damage Crash,,6.01,20200701,6/23/2023 8:53:00 PM,22,No,N,N,SALISBURY,UNK,Other Vehicle,1,Not Applicable,0,1352,MU,,0.11,South,S,JEFFERSON ST #2,25,Feet,F,N,2320,MU,,QUEEN ANNE ST,38.38061,-75.58156,20200701,7/1/2020 12:00:00 AM,,-75.5815544919462,38.3806067143285
1503,2020,Q3,Daylight,1,Wicomico,22,,133,Intersection,2,Same Movement Angle,11,Dry,2,1,No Defects,1,"Two-way, Divided, Positive Median Barrier",4,Not Applicable,0,DE2166004R,Property Damage Crash,,6.01,20200804,6/23/2023 2:50:00 PM,,Yes,Y,N,SALISBURY,UNK,Other Vehicle,1,Not Applicable,0,13,US,BU,4.17,North,N,S SALISBURY BLVD,0,Feet,F,N,631,MU,,W COLLEGE AVE,38.34865,-75.60214,20200804,8/4/2020 12:00:00 AM,,-75.6021435519833,38.3486500275768
1504,2020,Q3,Daylight,1,Wicomico,22,,133,Intersection,2,Head On Left Turn,2,Dry,2,2,No Defects,1,"Two-way, Not Divided",1,Not Applicable,0,DE61970011,Injury Crash,,6.01,20200820,6/23/2023 2:45:00 PM,22,Yes,Y,N,SALISBURY,UNK,Other Vehicle,1,Not Applicable,0,13,US,BU,4.33,North,N,S SALISBURY BLVD,0,Feet,F,N,2180,MU,,PINEHURST AVE,38.36587,-75.5515,20200820,8/20/2020 12:00:00 AM,,-75.5514959997406,38.3658660004156
1505,2020,Q3,,5.02,Wicomico,22,,133,Intersection,2,Same Direction Sideswipe,7,Wet,1,2,No Defects,1,"Two-way, Divided, Positive Median Barrier",4,Not Applicable,0,DE4139008X,Property Damage Crash,Raining,3,20200814,6/23/2023 6:16:00 AM,,Yes,Y,N,SALISBURY,UNK,Other Vehicle,1,Not Applicable,0,13,US,,12.15,North,N,N SALISBURY BLVD,0,Feet,F,N,465,MU,,CENTRE RD,38.40237,-75.5696,20200814,8/14/2020 12:00:00 AM,,-75.569605440039,38.4023743781751
1506,2020,Q3,,6.02,Wicomico,22,,133,Intersection,2,Other,88,Dry,2,0,No Defects,1,"Two-way, Divided, Positive Median Barrier",4,Not Applicable,0,MSP7126001X,Property Damage Crash,,6.01,20200830,6/23/2023 9:02:00 PM,,Yes,Y,N,MSP,UNK,Other Vehicle,1,Not Applicable,0,13,US,BU,4.17,North,N,S SALISBURY BLVD,0,Feet,F,N,631,MU,,W COLLEGE AVE,38.34854,-75.6021,20200830,8/30/2020 12:00:00 AM,,-75.602104983658,38.3485384846634
1507,2020,Q3,Dark Lights On,3,Wicomico,22,,133,Intersection,2,Angle Meets Left Turn Head On,14,Dry,2,1,No Defects,1,"Two-way, Not Divided",1,Not Applicable,0,DE1170008J,Injury Crash,,7.01,20200909,6/23/2023 8:17:00 PM,,Yes,Y,N,SALISBURY,UNK,Other Vehicle,1,Not Applicable,0,2730,MU,,0.03,West,W,E UNION AVE,0,Feet,F,W,775,MU,,N DIVISION ST,38.37736,-75.5918,20200909,9/9/2020 12:00:00 AM,,-75.5918024824985,38.3773611051309
1508,2020,Q3,Daylight,1,Wicomico,22,,133,Intersection Related,3,Same Direction Rear End,3,Dry,2,1,No Defects,1,"Two-way, Divided, Positive Median Barrier",4,Not Applicable,0,DE41610052,Injury Crash,,6.01,20200911,6/23/2023 4:22:00 PM,,No,N,N,SALISBURY,UNK,Other Vehicle,1,Not Applicable,0,50,US,BU,6.816,East,E,E SALISBURY PKWY,100,Feet,F,W,13,RP,,RAMP 5 FR US 13 SB TO US 50BU EB,38.3728,-75.524,20200911,9/11/2020 12:00:00 AM,,-75.5239999998001,38.37280000002
1509,2020,Q3,Daylight,1,Wicomico,22,,133,Non Intersection,1,Single Vehicle,17,Dry,2,1,No Defects,1,"Two-way, Not Divided",1,Light Support Pole,8,DE2172006N,Property Damage Crash,,6.01,20200812,6/23/2023 7:36:00 PM,,No,N,N,SALISBURY,UNK,Fixed Object,9,Fixed Object,9,410,MU,,0.3,East,E,W CARROLL ST,200,Feet,F,W,771,MU,,S DIVISION ST,38.36275,-75.60053,20200812,8/12/2020 12:00:00 AM,,-75.6005334102886,38.362751572627
1510,2020,Q3,Daylight,1,Wicomico,22,,133,Intersection Related,3,Head On Left Turn,2,Dry,2,1,No Defects,1,"Two-way, Not Divided",1,Not Applicable,0,DE4192000P,Injury Crash,,6.01,20200731,6/23/2023 3:35:00 PM,,Yes,Y,N,SALISBURY,UNK,Other Vehicle,1,Not Applicable,0,765,MU,,2.8,North,N,DIVISION ST S,110,Feet,F,N,823,MU,,DYKES RD,38.3371,-75.59955,20200731,7/31/2020 12:00:00 AM,,-75.5995468072393,38.3370958338057
1511,2020,Q3,Daylight,1,Wicomico,22,,133,Intersection,2,Same Direction Rear End,3,Wet,1,1,No Defects,1,"Two-way, Divided, Positive Median Barrier",4,Not Applicable,0,DE21800050,Property Damage Crash,Raining,3,20200929,6/23/2023 3:26:00 PM,,Yes,Y,N,SALISBURY,UNK,Other Vehicle,1,Not Applicable,0,50,US,BU,3.166,East,E,W SALISBURY PKWY,0,Feet,F,E,1780,MU,,MILL ST,38.36609,-75.60285,20200929,9/29/2020 12:00:00 AM,,-75.6028546396299,38.3660935999397
1512,2020,Q3,Daylight,1,Wicomico,22,,133,Intersection Related,3,Same Direction Rear End,3,Dry,2,0,No Defects,1,"Two-way, Not Divided",1,Not Applicable,0,DE41920014,Injury Crash,,6.01,20200921,6/23/2023 5:06:00 PM,,Yes,Y,N,SALISBURY,UNK,Other Vehicle,1,Not Applicable,0,823,MU,,0,East,E,DYKES RD,165,Feet,F,E,765,MU,,DIVISION ST S,38.33676,-75.59902,20200921,9/21/2020 12:00:00 AM,,-75.5990182774715,38.3367624065598
1513,2020,Q3,Daylight,1,Wicomico,22,,133,Intersection Related,3,Same Direction Rear End,3,Dry,2,1,No Defects,1,"Two-way, Not Divided",1,Not Applicable,0,DE41020055,Injury Crash,,6.01,20200727,6/23/2023 4:10:00 PM,,Yes,Y,N,SALISBURY,UNK,Other Vehicle,1,Not Applicable,0,13,US,BU,5.27,North,N,S SALISBURY BLVD,100,Feet,F,N,415,MU,,E CARROLL ST,38.36333,-75.59608,20200727,7/27/2020 12:00:00 AM,,-75.5960882727555,38.3633320040688
1514,2020,Q3,,5.02,Wicomico,22,,133,Not Applicable,0,Single Vehicle,17,Wet,1,0,No Defects,1,One-way Trafficway,2,Tree Shrubbery,11,MSP6841005J,Property Damage Crash,,7.01,20200917,6/23/2023 6:30:00 AM,,No,N,N,MSP,UNK,Off Road,16,Fixed Object,9,50,US,,13.186,East,E,SALISBURY BYPASS,1,Miles,M,E,50,US,UA,NAYLOR MILL RD,38.40442,-75.60683,20200917,9/17/2020 12:00:00 AM,,-75.6068244998507,38.4044141664806
1515,2020,Q3,Dark No Lights,4,Wicomico,22,,133,Non Intersection,1,Single Vehicle,17,Dry,2,1,No Defects,1,"Two-way, Not Divided",1,Curb,4,MSP6728005Y,Property Damage Crash,Not Applicable,0,20200711,6/23/2023 12:47:00 AM,,No,N,N,MSP,UNK,Fixed Object,9,Not Applicable,0,2900,MU,,0.18,West,W,WASHINGTON ST,0,Feet,F,E,2450,MU,,ROGER ST,38.35783,-75.58975,20200711,7/11/2020 12:00:00 AM,,-75.5897505956135,38.3578281999115
1516,2020,Q3,Dark Lights On,3,Wicomico,22,,133,Non Intersection,1,Single Vehicle,17,Wet,1,1,No Defects,1,"Two-way, Not Divided",1,Tree Shrubbery,11,DE21530008,Property Damage Crash,Raining,3,20200808,6/23/2023 1:01:00 AM,,No,N,N,SALISBURY,UNK,Fixed Object,9,Other Object,10,960,MU,,0,East,E,FITZWATER ST,20,Feet,F,E,2095,MU,,PARSONS RD (BACK),38.36391,-75.61327,20200808,8/8/2020 12:00:00 AM,,-75.6132735391425,38.3639153825889
1517,2020,Q3,Dark Lights On,3,Wicomico,22,,133,Intersection,2,Same Movement Angle,11,Dry,2,1,No Defects,1,"Two-way, Not Divided",1,Not Applicable,0,ZVW2490035,Injury Crash,,6.01,20200720,6/23/2023 9:25:00 PM,,Yes,Y,N,WICOMICO,UNK,Other Vehicle,1,Other Vehicle,1,13,US,BU,5.77,North,N,N SALISBURY BLVD,0,Feet,F,N,1331,MU,,E ISABELLA ST,38.37006,-75.5945,20200720,7/20/2020 12:00:00 AM,,-75.5944943656224,38.3700574580853
1518,2020,Q3,Daylight,1,Wicomico,22,,133,Intersection Related,3,Same Direction Rear End,3,Dry,2,1,No Defects,1,"Two-way, Divided, Unprotected (painted >4 feet) Median",3,Not Applicable,0,DE6197000Y,Property Damage Crash,,6.01,20200815,6/23/2023 3:10:00 PM,22,Yes,Y,N,SALISBURY,UNK,Other Vehicle,1,Not Applicable,0,13,US,BU,5.27,North,N,S SALISBURY BLVD,100,Feet,F,S,415,MU,,E CARROLL ST,38.35585,-75.60213,20200815,8/15/2020 12:00:00 AM,,-75.602129284239,38.3558555990567
1519,2020,Q3,Daylight,1,Wicomico,22,,133,Intersection,2,Same Direction Rear End,3,Dry,2,1,No Defects,1,"Two-way, Not Divided",1,Not Applicable,0,DE2166004M,Injury Crash,,6.01,20200715,6/23/2023 10:58:00 AM,,Yes,Y,Y,SALISBURY,UNK,Other Vehicle,1,Other Vehicle,1,13,US,BU,5.27,North,N,S SALISBURY BLVD,0,Feet,F,N,415,MU,,E CARROLL ST,38.36311,-75.59613,20200715,7/15/2020 12:00:00 AM,,-75.5961294392222,38.3631125658923
1520,2020,Q3,Daylight,1,Wicomico,22,,133,Non Intersection,1,Head On Left Turn,2,Dry,2,1,No Defects,1,"Two-way, Not Divided",1,Not Applicable,0,DE61330016,Property Damage Crash,,6.01,20200807,6/23/2023 1:31:00 PM,,Yes,Y,N,SALISBURY,UNK,Other Vehicle,1,Not Applicable,0,2720,MU,,0.22,South,S,TRUITT ST,15,Feet,F,S,1380,MU,,JOHNSON ST,38.37857,-75.5862,20200807,8/7/2020 12:00:00 AM,,-75.5861964380152,38.3785735342412
1521,2020,Q3,Dark Lights On,3,Wicomico,22,,133,Intersection,2,Single Vehicle,17,Dry,2,1,No Defects,1,"Two-way, Not Divided",1,Curb,4,DE21530007,Property Damage Crash,,6.01,20200807,6/23/2023 10:00:00 PM,,No,N,N,SALISBURY,UNK,Fixed Object,9,Not Applicable,0,765,MU,,3.42,North,N,DIVISION ST S,0,Feet,F,N,85,MU,,AVERY ST,38.34557,-75.59856,20200807,8/7/2020 12:00:00 AM,,-75.5985616880714,38.345574680727
1522,2020,Q3,Daylight,1,Wicomico,22,,133,Intersection,2,Same Movement Angle,11,Dry,2,2,No Defects,1,"Two-way, Divided, Unprotected (painted >4 feet) Median",3,Not Applicable,0,DE1114006Y,Property Damage Crash,,6.01,20200701,6/23/2023 8:51:00 AM,,Yes,Y,N,SALISBURY,UNK,Other Vehicle,1,Not Applicable,0,13,US,BU,5.58,North,N,N SALISBURY BLVD,0,Feet,F,N,531,MU,,W CHURCH ST,38.3706,-75.53494,20200701,7/1/2020 12:00:00 AM,,-75.5349429216785,38.3705988958224
1523,2020,Q3,Dark No Lights,4,Wicomico,22,,133,Non Intersection,1,Other,88,Wet,1,1,No Defects,1,"Two-way, Not Divided",1,Not Applicable,0,DE61970012,Property Damage Crash,Raining,3,20200829,6/23/2023 11:17:00 PM,22,No,N,N,SALISBURY,UNK,Other Vehicle,1,Other Vehicle,1,420,MU,,0.15,East,E,CARROLTON AVE,50,Feet,F,E,2450,MU,,ROGER ST,38.35585,-75.60213,20200829,8/29/2020 12:00:00 AM,,-75.602129284239,38.3558555990567
1524,2020,Q3,Daylight,1,Wicomico,22,,133,Intersection Related,3,Same Movement Angle,11,Dry,2,2,No Defects,1,"Two-way, Divided, Positive Median Barrier",4,Not Applicable,0,DE4113002G,Injury Crash,,6.01,20200831,6/23/2023 12:21:00 PM,,Yes,Y,N,SALISBURY,UNK,Other Vehicle,1,Other Vehicle,1,416,CO,,0,West,W,NAYLOR MILL RD,50,Feet,F,W,13,US,,N SALISBURY BLVD,38.3699,-75.594,20200831,8/31/2020 12:00:00 AM,,-75.5940000001998,38.3699000002848
1525,2020,Q3,Daylight,1,Wicomico,22,,133,Not Applicable,0,Same Direction Rear End,3,Dry,2,0,No Defects,1,"Two-way, Not Divided",1,Not Applicable,0,DE11410002,Property Damage Crash,,7.01,20200827,6/23/2023 5:12:00 PM,,Yes,Y,N,SALISBURY,UNK,Other Vehicle,1,Not Applicable,0,124,MU,,3.8,South,S,BEAGLIN PARK DR,0.25,Miles,M,S,2658,MU,,TAMARAC DR,38.34789,-75.58192,20200827,8/27/2020 12:00:00 AM,,-75.58192457376,38.3478945475953
1526,2020,Q3,Daylight,1,Wicomico,22,,133,Intersection,2,Same Movement Angle,11,Wet,1,1,No Defects,1,"Two-way, Not Divided",1,Not Applicable,0,DE21660050,Property Damage Crash,Raining,3,20200910,6/23/2023 11:46:00 AM,,Yes,Y,N,SALISBURY,UNK,Other Vehicle,1,Not Applicable,0,2422,MU,,0.33,South,S,RIVERSIDE DR #2,0,Feet,F,S,2990,MU,,WICOMICO ST,38.36043,-75.60769,20200910,9/10/2020 12:00:00 AM,,-75.6076892699438,38.3604291615766
1527,2020,Q3,Daylight,1,Wicomico,22,,133,Intersection,2,Same Direction Rear End,3,Dry,2,1,No Defects,1,"Two-way, Not Divided",1,Not Applicable,0,DE3177005N,Property Damage Crash,,7.01,20200916,6/23/2023 8:12:00 AM,,No,N,N,SALISBURY,UNK,Other Vehicle,1,Not Applicable,0,1330,MU,,0.04,East,E,W ISABELLA ST,0,Feet,F,E,340,MU,,BYRD ST,38.36976,-75.61342,20200916,9/16/2020 12:00:00 AM,,-75.6134161113644,38.3697629265179
1528,2020,Q3,Daylight,1,Wicomico,22,,133,,9.04,Single Vehicle,17,Dry,2,0,No Defects,1,Not Applicable,0,Light Support Pole,8,DE5150005K,Property Damage Crash,,6.01,20200718,6/23/2023 9:56:00 AM,22,No,N,N,SALISBURY,UNK,Fixed Object,9,Not Applicable,0,2242,MU,,0.07,North,N,POPLAR HILL AVE #2,100,Feet,F,N,360,MU,,CALVERT ST,38.367,-75.59706,20200718,7/18/2020 12:00:00 AM,,-75.5970643312538,38.367005310147
1529,2020,Q3,Dark Lights On,3,Wicomico,22,,133,,88,Single Vehicle,17,Wet,1,0,Other,88,Other,88,,88,DE1136000J,Property Damage Crash,Raining,3,20200728,6/23/2023 8:29:00 PM,,No,N,N,SALISBURY,UNK,Fixed Object,9,Not Applicable,0,1775,MU,,0.33,West,W,MILFORD ST,300,Feet,F,E,2205,MU,,PLANT ST,38.33998,-75.60504,20200728,7/28/2020 12:00:00 AM,,-75.6050453161884,38.3399830667652
1530,2020,Q3,Daylight,1,Wicomico,22,,133,Intersection Related,3,Same Direction Rear End,3,Dry,2,2,No Defects,1,"Two-way, Divided, Positive Median Barrier",4,Not Applicable,0,DE41610051,Property Damage Crash,,6.01,20200907,6/23/2023 6:48:00 PM,,Yes,Y,N,SALISBURY,UNK,Other Vehicle,1,Not Applicable,0,50,US,BU,6.635,East,E,E SALISBURY PKWY,100,Feet,F,E,13,RP,,RAMP 8 FR US 13/50 SB TO US 50BU WB,38.36457,-75.54605,20200907,9/7/2020 12:00:00 AM,,-75.5460524924285,38.36456943703
1531,2020,Q3,Daylight,1,Wicomico,22,,133,Intersection,2,Same Movement Angle,11,Dry,2,1,No Defects,1,"Two-way, Not Divided",1,Not Applicable,0,DE41920010,Injury Crash,,6.01,20200830,6/23/2023 12:30:00 PM,,Yes,Y,N,SALISBURY,UNK,Other Vehicle,1,Not Applicable,0,12,MD,,5.88,North,N,SNOW HILL RD,0,Feet,F,N,277,CO,,BEAGLIN PARK DR,38.34788,-75.58212,20200830,8/30/2020 12:00:00 AM,,-75.5821201987881,38.3478786439843
1532,2020,Q3,Daylight,1,Wicomico,22,,133,Intersection Related,3,Same Direction Rear End,3,Wet,1,1,No Defects,1,"Two-way, Divided, Unprotected (painted >4 feet) Median",3,Not Applicable,0,DE61970016,Property Damage Crash,Raining,3,20200917,6/23/2023 3:50:00 PM,22,Yes,Y,N,SALISBURY,UNK,Other Vehicle,1,Not Applicable,0,2125,MU,,0.14,West,W,PEMBERTON DR,300,Feet,F,E,2095,MU,,PARSONS RD,38.35585,-75.60213,20200917,9/17/2020 12:00:00 AM,,-75.602129284239,38.3558555990567
1533,2020,Q3,Daylight,1,Wicomico,22,,133,Not Applicable,0,Other,88,Dry,2,1,No Defects,1,"Two-way, Not Divided",1,Curb,4,DE5150005T,Property Damage Crash,,7.01,20200916,6/23/2023 5:03:00 PM,22,No,N,N,SALISBURY,UNK,Other Vehicle,1,Not Applicable,0,1270,MU,,0.26,South,S,HOMER ST,300,Feet,F,N,1380,MU,,JOHNSON ST,38.38091,-75.58414,20200916,9/16/2020 12:00:00 AM,,-75.5841408549165,38.3809078909864
1534,2020,Q3,Daylight,1,Wicomico,22,,133,Intersection,2,Same Movement Angle,11,Dry,2,1,No Defects,1,"Two-way, Not Divided",1,Curb,4,DE4161004S,Injury Crash,,6.01,20200722,6/23/2023 11:25:00 AM,,Yes,Y,N,SALISBURY,UNK,Other Vehicle,1,Not Applicable,0,124,MU,,0.36,South,S,BEAGLIN PARK DR,0,Feet,F,S,277,CO,,BEAGLIN PARK DR (BACK),38.38528,-75.56128,20200722,7/22/2020 12:00:00 AM,,-75.5612771000581,38.3852846000044